vec4 f0_0=sin(p.y*vec4(.59,-4.45,-2.87,2.81)+p.z*vec4(-.16,-2.23,-.03,-2.14)+p.x*vec4(-1.34,2.37,-.73,4.11)+vec4(-4.32,7.50,2.74,7.64));
vec4 f0_1=sin(p.y*vec4(-3.05,.76,3.26,-1.97)+p.z*vec4(.46,1.53,-1.53,3.03)+p.x*vec4(4.75,-3.20,-.89,-.15)+vec4(5.91,-6.30,-2.65,.20));
vec4 f0_2=sin(p.y*vec4(1.66,-.17,2.27,-4.51)+p.z*vec4(.83,3.43,4.63,.33)+p.x*vec4(1.99,-.72,2.94,-1.41)+vec4(8.30,-4.94,2.93,-8.24));
vec4 f0_3=sin(p.y*vec4(4.75,2.25,-3.36,-3.06)+p.z*vec4(3.61,-2.44,-2.13,2.87)+p.x*vec4(1.97,-1.57,2.70,-3.26)+vec4(-5.58,-2.27,1.25,-.36));
vec4 f0_4=sin(p.y*vec4(4.06,.50,-4.01,4.25)+p.z*vec4(-.08,.76,.88,1.84)+p.x*vec4(-1.55,4.49,-4.13,-3.75)+vec4(.81,-7.18,-5.77,-5.47));
vec4 f0_5=sin(p.y*vec4(4.15,1.97,-2.29,4.67)+p.z*vec4(-4.35,2.48,4.52,2.14)+p.x*vec4(4.54,-4.70,-4.31,-4.46)+vec4(-5.25,-3.82,-7.38,6.47));
vec4 f0_6=sin(p.y*vec4(4.68,4.62,4.77,-2.15)+p.z*vec4(-4.43,-1.35,2.88,-4.61)+p.x*vec4(-1.82,.42,2.12,3.70)+vec4(-3.45,.66,-8.38,-2.73));
vec4 f0_7=sin(p.y*vec4(-1.09,.84,-.44,3.82)+p.z*vec4(1.10,.90,3.74,1.57)+p.x*vec4(-3.50,4.46,4.49,-3.79)+vec4(-5.64,6.54,5.04,-4.88));
vec4 f0_8=sin(p.y*vec4(4.01,-1.93,2.91,-4.59)+p.z*vec4(3.75,-2.03,-4.76,2.89)+p.x*vec4(4.73,-2.80,-1.02,4.51)+vec4(1.06,-2.49,6.02,6.02));
vec4 f0_9=sin(p.y*vec4(3.37,-2.87,.99,-4.54)+p.z*vec4(3.15,3.96,.91,4.09)+p.x*vec4(3.29,-1.99,3.45,-2.53)+vec4(6.41,-1.41,-7.20,2.43));
vec4 f0_10=sin(p.y*vec4(3.41,-.82,-3.22,4.43)+p.z*vec4(-1.75,-1.51,-3.28,4.43)+p.x*vec4(4.25,2.84,-3.65,-.92)+vec4(5.12,1.64,-.35,-6.33));
vec4 f0_11=sin(p.y*vec4(2.24,-3.25,2.93,1.73)+p.z*vec4(-4.09,3.32,-4.24,4.27)+p.x*vec4(3.62,.86,4.27,2.82)+vec4(7.98,8.36,-2.08,7.14));
vec4 f0_12=sin(p.y*vec4(-4.37,-4.18,-3.94,2.28)+p.z*vec4(-1.56,3.00,3.69,-.56)+p.x*vec4(-3.82,4.19,.69,-.43)+vec4(5.64,-6.49,-1.01,3.27));
vec4 f0_13=sin(p.y*vec4(-3.27,-4.28,-4.17,-.93)+p.z*vec4(-.01,-4.18,.57,-3.31)+p.x*vec4(-.67,1.75,-4.78,1.82)+vec4(6.17,-1.08,8.63,.74));
vec4 f0_14=sin(p.y*vec4(-4.67,4.15,2.05,1.46)+p.z*vec4(2.12,2.25,-4.50,-3.82)+p.x*vec4(1.09,-3.50,-2.67,-3.58)+vec4(2.13,-1.29,4.13,-6.35));
vec4 f0_15=sin(p.y*vec4(2.23,-.53,-3.39,1.90)+p.z*vec4(1.36,2.31,3.88,1.64)+p.x*vec4(4.52,-4.28,2.18,-.28)+vec4(-4.20,-2.48,.69,7.78));
vec4 f1_0=sin(mat4(.01,-.23,.08,-.23,.14,-.25,-.22,-.25,.10,-.16,-.03,.30,-.07,.21,-.18,-.21)*f0_0+
    mat4(-.09,-.19,.18,.01,-.30,.26,.21,.01,.24,-.03,.21,-.04,-.02,-.10,.08,.06)*f0_1+
    mat4(.00,.20,-.06,.06,.28,.05,-.24,-.06,.24,-.05,-.05,-.03,.15,.13,.01,.02)*f0_2+
    mat4(-.23,-.09,.09,.11,.05,-.24,-.06,-.02,-.28,-.21,.06,.15,-.22,.00,.02,-.10)*f0_3+
    mat4(.00,.25,-.22,.08,-.15,-.08,-.19,-.34,-.01,.25,.10,-.16,.23,.21,.12,.03)*f0_4+
    mat4(-.13,-.07,.21,-.02,-.29,-.22,-.26,.28,.03,.19,.08,-.08,.02,-.12,-.18,.16)*f0_5+
    mat4(-.07,-.22,.15,.21,.05,-.25,-.17,.30,.02,-.26,.25,.08,.04,.16,.28,.22)*f0_6+
    mat4(-.31,.10,.15,.17,-.13,-.18,-.05,.22,-.27,-.09,-.23,-.20,.07,-.11,.26,.03)*f0_7+
    mat4(.24,.10,-.25,.18,-.19,-.20,.11,.28,.06,-.16,-.15,-.22,.02,.01,-.16,-.16)*f0_8+
    mat4(.19,.31,-.27,.17,-.02,-.09,-.01,-.13,-.00,.11,-.00,.28,-.14,.09,-.11,-.16)*f0_9+
    mat4(-.01,-.20,.06,-.07,-.06,-.05,-.01,-.18,.13,.11,-.12,-.12,.04,-.04,-.20,-.19)*f0_10+
    mat4(-.08,.13,.12,.18,.17,.18,-.20,-.21,.08,.19,.12,-.11,.08,-.09,-.16,.00)*f0_11+
    mat4(.17,.26,.01,.32,-.03,-.03,-.05,-.08,-.22,-.21,.23,-.30,-.02,-.12,-.23,-.19)*f0_12+
    mat4(.07,.31,.03,.14,.06,.02,-.05,-.15,.19,.23,.11,.04,.08,.14,-.23,.27)*f0_13+
    mat4(-.14,-.08,-.18,.01,.11,.05,.07,-.16,.07,.18,.19,-.06,-.00,-.04,.03,.15)*f0_14+
    mat4(-.29,-.24,-.11,.30,-.25,-.24,.07,-.26,.09,.27,.16,.25,-.23,-.14,-.33,-.11)*f0_15+
    vec4(-1.61,.10,-.71,.21))/1.0+f0_0;
vec4 f1_1=sin(mat4(.32,-.17,-.08,-.15,.30,.02,-.09,-.26,-.32,-.07,.25,.16,.21,-.04,-.02,.14)*f0_0+
    mat4(-.18,-.28,-.01,-.04,-.17,.07,.22,.29,-.10,-.25,-.24,-.32,.24,.02,.19,-.10)*f0_1+
    mat4(-.08,-.16,-.18,.22,-.24,.38,-.03,-.21,-.14,.22,.16,-.09,-.10,.21,.07,.26)*f0_2+
    mat4(-.25,.06,-.11,-.26,-.26,-.06,-.19,.21,-.28,.13,-.24,.02,-.02,-.12,.21,.29)*f0_3+
    mat4(-.09,.02,-.09,.12,-.26,-.08,.27,.22,-.13,.14,.08,-.20,-.27,.14,-.03,.21)*f0_4+
    mat4(.03,.23,-.27,-.19,-.18,-.07,.13,.25,.17,-.02,.18,.26,-.23,-.04,.21,-.14)*f0_5+
    mat4(.14,.30,.14,.01,-.11,.23,.19,.06,-.26,-.24,.03,-.13,-.05,.10,-.19,.28)*f0_6+
    mat4(-.41,-.24,.01,-.08,-.20,-.07,-.08,.03,-.19,-.27,.07,-.22,-.14,.07,.07,.14)*f0_7+
    mat4(.17,.15,-.13,.03,.12,.15,-.06,-.20,.27,.20,-.16,-.15,-.03,.13,-.10,-.08)*f0_8+
    mat4(-.03,.14,.15,.18,.29,-.14,.17,.26,.27,-.22,-.19,-.03,.17,.05,-.29,.19)*f0_9+
    mat4(.15,-.04,.11,.19,-.26,-.21,.26,-.26,.14,.26,-.21,.13,.13,.19,-.17,.19)*f0_10+
    mat4(-.17,.24,-.28,.03,.12,.23,.00,.20,.09,.29,-.14,-.17,.04,.30,.04,-.16)*f0_11+
    mat4(.25,-.03,.26,-.05,-.22,-.20,-.10,-.04,-.18,.04,.18,.14,.11,.22,.02,.18)*f0_12+
    mat4(.10,.27,.03,-.24,-.01,.18,-.12,-.21,-.10,-.23,-.06,.25,-.15,.05,-.30,.16)*f0_13+
    mat4(.07,-.24,-.15,.07,-.16,.21,-.21,.02,.24,.18,.05,-.15,-.19,-.16,.30,.09)*f0_14+
    mat4(-.09,.30,-.08,-.28,.02,.07,.20,.01,.23,-.04,-.01,-.01,.12,.37,.23,.25)*f0_15+
    vec4(.15,-1.75,-1.28,.38))/1.0+f0_1;
vec4 f1_2=sin(mat4(.09,-.07,-.23,-.22,.05,-.25,-.15,.10,.19,-.08,-.17,-.12,.02,-.20,-.01,-.03)*f0_0+
    mat4(.13,-.17,-.05,-.19,.07,.03,-.26,.27,-.14,.18,-.11,-.28,.25,-.01,.11,.03)*f0_1+
    mat4(.09,.30,-.18,-.24,.24,.17,.07,-.28,-.19,.14,-.11,.17,.14,-.22,-.13,-.17)*f0_2+
    mat4(.01,-.04,.10,.24,-.04,-.02,-.04,.03,.20,.07,.22,-.04,-.04,.05,.20,-.19)*f0_3+
    mat4(.27,.11,.15,-.27,.14,-.11,.20,-.10,.24,.02,-.19,-.21,-.07,.05,.26,-.19)*f0_4+
    mat4(.06,.11,-.22,-.02,.30,.30,-.33,-.08,.16,-.29,.19,-.09,.03,.04,-.01,.06)*f0_5+
    mat4(-.17,-.11,.18,-.14,.24,.14,-.00,-.12,-.18,-.11,.21,-.15,.24,.08,.06,.07)*f0_6+
    mat4(-.28,-.06,-.14,.24,.06,.21,.11,-.18,.27,-.26,.15,.03,-.03,.14,-.15,.26)*f0_7+
    mat4(.07,-.07,-.06,.23,.09,.15,.25,.20,.01,-.05,.13,-.24,-.12,.04,.26,.13)*f0_8+
    mat4(-.29,.21,-.15,-.01,-.25,.22,.25,.03,-.26,.26,-.12,-.08,.05,.08,.29,-.14)*f0_9+
    mat4(-.20,-.07,-.14,.12,.23,.21,.02,-.29,-.02,-.24,.21,-.13,-.09,-.05,-.21,-.13)*f0_10+
    mat4(-.11,-.25,.12,.23,.24,-.01,.18,-.17,-.01,-.21,-.26,.18,-.03,-.14,.21,.27)*f0_11+
    mat4(.09,.19,.11,.23,.26,-.03,-.06,-.13,.15,.19,.28,.15,-.05,.15,-.07,-.28)*f0_12+
    mat4(.12,.22,.17,.01,.13,.20,-.04,-.13,.08,.26,.16,.02,-.19,-.00,-.29,.15)*f0_13+
    mat4(.15,.11,.24,-.21,-.01,.07,.21,.06,-.22,-.28,.06,-.21,-.24,.25,.05,.21)*f0_14+
    mat4(.30,-.03,-.09,-.22,.18,-.17,-.14,-.09,.05,.12,.01,.17,.18,.05,.14,-.21)*f0_15+
    vec4(-.81,-.32,-.95,.69))/1.0+f0_2;
vec4 f1_3=sin(mat4(.14,-.22,.17,.18,.28,.00,.07,.17,-.08,.28,.09,.24,.24,.18,-.15,.13)*f0_0+
    mat4(-.19,-.24,-.14,-.08,.30,.13,-.22,-.15,.24,-.18,.06,-.02,-.04,-.28,-.14,-.15)*f0_1+
    mat4(.29,-.21,.20,.12,-.07,-.03,-.16,.18,-.05,-.01,-.26,-.16,-.14,-.22,.16,-.05)*f0_2+
    mat4(.17,-.12,-.08,-.01,-.03,-.01,-.03,.03,-.09,.07,.23,.30,.02,-.16,-.07,-.22)*f0_3+
    mat4(-.15,-.20,.04,.02,.23,.29,.18,.06,.13,.10,.03,.26,-.14,.16,-.14,-.04)*f0_4+
    mat4(.05,.04,-.28,-.07,.36,-.12,.18,.23,-.20,.02,.16,-.09,.14,.25,-.08,-.14)*f0_5+
    mat4(.16,.23,-.01,-.31,.31,-.16,-.20,-.01,-.04,.00,.05,-.09,.15,.13,.22,-.26)*f0_6+
    mat4(.13,.20,-.12,-.27,-.05,-.18,.15,.15,-.17,.11,.01,.01,-.22,.09,-.09,.02)*f0_7+
    mat4(.00,-.29,-.13,.26,-.22,.16,-.26,.00,.16,.12,.13,-.23,.13,-.07,-.28,.15)*f0_8+
    mat4(.18,-.24,-.00,-.29,-.03,-.34,.19,-.12,.15,.16,.20,-.09,.16,-.21,.26,-.15)*f0_9+
    mat4(.02,-.14,.18,.07,-.14,.12,.23,.12,.16,-.13,.04,-.30,.02,-.19,-.09,-.26)*f0_10+
    mat4(.07,-.25,.04,-.20,-.23,.13,-.24,-.18,.05,-.11,.12,.08,-.02,.27,-.01,-.13)*f0_11+
    mat4(.03,-.31,.19,.25,-.02,-.12,.18,.16,.08,-.03,.22,-.16,-.05,-.13,.01,.21)*f0_12+
    mat4(-.31,.01,-.19,.13,-.28,.02,.03,-.04,.26,-.17,-.08,-.19,.28,.06,.04,-.25)*f0_13+
    mat4(-.10,-.05,.21,-.22,.07,-.32,.09,.09,.23,.23,.15,.09,-.18,.07,-.04,.10)*f0_14+
    mat4(-.21,.21,-.18,-.14,-.25,.10,.03,.09,-.31,.27,.18,.01,.05,-.14,.05,.30)*f0_15+
    vec4(1.02,-1.66,-1.80,1.34))/1.0+f0_3;
vec4 f1_4=sin(mat4(.04,.20,.00,.29,.11,-.30,-.02,.05,-.30,-.01,.27,.21,-.27,.18,-.27,.30)*f0_0+
    mat4(.11,-.19,.04,.06,.29,-.15,.13,-.01,-.13,.17,-.17,-.11,-.15,-.09,.26,-.30)*f0_1+
    mat4(-.11,.12,-.24,-.19,.10,.24,.14,-.29,-.01,.09,-.28,.12,-.25,.29,-.23,-.24)*f0_2+
    mat4(-.12,-.11,.13,.19,-.02,.01,.00,.10,-.05,.30,-.06,-.08,-.16,.10,-.29,.20)*f0_3+
    mat4(-.34,.10,-.30,-.14,-.09,.14,-.24,-.04,-.24,.23,.06,.12,.30,.24,.03,-.26)*f0_4+
    mat4(.10,-.04,.19,-.10,-.28,.18,-.26,-.23,-.29,.21,-.15,-.09,-.13,-.24,.00,-.18)*f0_5+
    mat4(.06,-.04,-.18,.15,.20,-.07,.07,.27,-.05,-.28,.06,-.27,.18,.01,.17,.07)*f0_6+
    mat4(.09,-.26,-.04,-.15,-.14,.14,.15,-.04,-.13,.23,.30,.26,.05,.16,-.17,.10)*f0_7+
    mat4(.05,.01,.16,.26,.32,-.21,.24,-.09,-.02,-.25,.02,-.14,-.24,.06,.06,.01)*f0_8+
    mat4(-.03,-.14,.25,.19,.24,-.22,.23,-.16,-.20,-.09,.01,-.03,-.06,-.15,.25,-.01)*f0_9+
    mat4(-.03,-.20,-.15,.02,.15,-.14,-.20,-.27,-.14,-.05,.29,-.25,-.17,-.18,.04,.25)*f0_10+
    mat4(.31,.25,-.22,.03,-.28,.22,.16,.25,.17,.13,-.32,.12,-.20,.23,.19,-.13)*f0_11+
    mat4(-.16,.26,.05,.24,.25,-.06,-.07,-.19,.33,-.06,-.20,-.14,.07,-.26,.08,.19)*f0_12+
    mat4(.06,.18,.12,.00,.01,-.14,.11,-.03,.13,-.12,.16,.23,-.16,.07,-.05,-.03)*f0_13+
    mat4(-.04,.22,-.06,-.18,-.11,-.20,.19,-.02,-.24,.01,.00,.14,-.07,.07,.04,-.26)*f0_14+
    mat4(-.08,.14,-.32,.20,-.08,-.09,-.01,-.20,-.24,.13,.13,-.09,.26,.24,-.17,-.06)*f0_15+
    vec4(1.44,.07,1.90,-.59))/1.0+f0_4;
vec4 f1_5=sin(mat4(-.20,-.01,-.03,-.12,.01,-.15,-.21,.19,.12,.22,-.07,.10,-.15,.30,-.01,-.15)*f0_0+
    mat4(-.10,.02,.13,.21,.23,.21,.13,.22,-.19,-.31,.24,.11,-.28,-.04,.09,.30)*f0_1+
    mat4(-.25,.19,-.15,.18,-.05,.14,-.09,-.27,.25,-.05,.01,-.20,.16,-.24,-.01,-.11)*f0_2+
    mat4(-.30,.17,.18,.12,.11,-.15,.01,-.30,-.10,-.19,.17,.06,.04,.27,-.14,.17)*f0_3+
    mat4(.11,.02,.15,-.23,-.14,-.14,.19,-.03,-.04,-.24,.19,.33,-.21,-.23,.05,-.18)*f0_4+
    mat4(-.27,-.28,-.19,.17,-.31,-.22,-.00,.32,.22,-.25,.24,.17,-.25,-.24,.19,-.14)*f0_5+
    mat4(.05,.33,.28,.06,.10,.03,.01,-.24,-.24,-.20,-.09,-.05,-.20,.28,-.21,.08)*f0_6+
    mat4(.22,.29,-.16,.18,.06,.32,.30,.27,.02,.11,-.22,-.27,.16,.22,-.11,.13)*f0_7+
    mat4(-.19,-.12,-.00,.30,.15,.11,-.26,.09,-.11,-.05,-.11,.18,-.30,-.05,.24,-.25)*f0_8+
    mat4(.11,-.13,.25,-.16,-.27,-.19,.28,-.25,.07,-.25,.16,.04,-.23,.15,-.24,-.25)*f0_9+
    mat4(-.11,.19,-.21,.02,-.25,.12,-.24,-.28,.17,.01,.12,.20,.07,-.14,.13,-.03)*f0_10+
    mat4(.21,-.22,.32,-.12,.18,.11,-.03,.13,.16,-.15,-.22,-.04,.27,-.02,.21,.02)*f0_11+
    mat4(-.15,.17,-.13,-.05,.06,.12,-.29,-.22,.24,-.16,-.22,.26,-.01,.03,-.21,-.16)*f0_12+
    mat4(.13,.31,.05,-.20,.20,-.00,.04,-.11,-.13,-.01,-.01,.05,.22,-.27,-.02,-.26)*f0_13+
    mat4(-.07,-.05,-.11,-.16,.27,.02,.12,-.11,-.16,-.26,-.07,.26,-.01,-.17,.17,-.18)*f0_14+
    mat4(-.20,.18,-.09,.20,.10,-.12,-.24,-.15,.21,-.21,-.18,.08,.09,.32,.09,-.25)*f0_15+
    vec4(.34,-1.46,-1.29,.16))/1.0+f0_5;
vec4 f1_6=sin(mat4(-.10,.01,-.04,.08,.14,.02,.12,-.25,-.04,-.01,-.16,-.12,-.18,.30,.00,.27)*f0_0+
    mat4(.02,.03,-.08,-.14,.30,.00,.26,-.30,.24,-.15,-.27,-.24,.24,.02,.17,.22)*f0_1+
    mat4(.26,.07,.12,-.26,.08,-.12,-.11,-.02,-.09,-.12,.25,-.12,-.30,-.14,-.19,.08)*f0_2+
    mat4(-.13,-.26,-.14,-.17,-.03,.01,.12,-.14,.17,.09,-.20,.16,.12,-.09,.03,.26)*f0_3+
    mat4(-.29,-.27,.30,-.18,-.31,-.23,-.26,.04,.05,-.14,-.03,.21,-.28,.09,.06,.32)*f0_4+
    mat4(-.19,.03,-.19,.20,.11,.13,.03,.09,.15,.17,-.24,.04,-.07,-.04,-.15,.09)*f0_5+
    mat4(.25,-.28,.19,.20,.19,-.07,.31,.19,.15,-.05,-.13,.01,.27,-.04,-.15,-.21)*f0_6+
    mat4(.17,.09,-.24,.12,.05,.02,-.07,-.22,-.23,.11,-.05,-.16,.13,-.09,.22,-.35)*f0_7+
    mat4(-.07,.26,-.25,.18,.24,-.06,.29,-.07,.04,-.17,.04,.06,-.16,-.09,-.13,-.04)*f0_8+
    mat4(-.02,-.20,.13,.21,-.19,.09,-.02,-.21,-.30,.04,.24,-.32,.20,-.15,.07,-.13)*f0_9+
    mat4(-.12,.25,.00,-.02,.22,.11,-.11,-.17,.06,-.10,-.26,.23,-.28,-.04,.18,.16)*f0_10+
    mat4(-.05,-.12,-.07,.18,.26,-.06,-.27,-.09,.26,-.22,.25,.03,.02,-.25,.19,.20)*f0_11+
    mat4(-.29,-.04,-.30,-.05,-.16,.16,.25,-.01,-.09,.24,.21,-.22,.02,.29,.19,-.01)*f0_12+
    mat4(-.22,.28,-.29,.00,-.02,.10,-.15,-.10,-.09,.29,-.25,.19,.03,-.27,-.25,-.17)*f0_13+
    mat4(-.11,.08,.11,-.17,-.24,.01,.24,.19,-.22,-.21,.06,.03,.27,.00,.20,-.19)*f0_14+
    mat4(-.06,.23,.26,.18,-.11,-.30,.04,-.21,-.01,.14,.28,.17,-.18,-.08,.13,-.17)*f0_15+
    vec4(-1.22,-.14,1.54,-.43))/1.0+f0_6;
vec4 f1_7=sin(mat4(-.00,.23,-.34,.28,.24,-.29,-.15,.21,-.17,.13,-.01,-.00,-.05,-.27,.10,.14)*f0_0+
    mat4(.22,-.22,.25,-.17,-.19,.27,.16,-.09,.11,-.41,.20,.14,.08,.11,.04,.27)*f0_1+
    mat4(-.16,.00,-.19,-.17,-.22,.23,-.27,.20,.01,-.25,-.17,.24,-.03,.17,.13,-.11)*f0_2+
    mat4(.22,.25,.10,.29,.16,.00,.14,.27,.11,.13,.18,.18,.05,.26,-.09,-.15)*f0_3+
    mat4(.16,.16,.08,.04,.03,.05,.04,-.15,.16,.34,-.26,-.21,.14,-.25,-.10,.14)*f0_4+
    mat4(-.14,.10,-.24,-.05,-.15,.09,-.12,-.02,.02,-.01,-.01,.25,.28,-.00,.08,-.08)*f0_5+
    mat4(.12,-.31,-.07,-.11,-.22,.13,.03,.03,.17,.13,.18,.26,-.27,.19,.11,.18)*f0_6+
    mat4(.12,.00,-.22,-.07,.01,.10,.14,.23,.16,-.05,-.10,-.17,.03,.00,-.15,.15)*f0_7+
    mat4(-.27,-.07,-.14,.26,.06,.07,.05,-.07,.11,.07,.12,-.08,-.17,.28,-.14,.23)*f0_8+
    mat4(-.05,-.05,.09,-.23,.26,-.19,.13,-.18,.23,-.07,-.26,-.12,.23,-.22,.16,-.09)*f0_9+
    mat4(.25,.14,-.04,.06,-.26,-.30,.09,-.27,.08,.21,.21,.16,.15,-.26,.05,-.05)*f0_10+
    mat4(.27,.10,.15,-.07,-.14,-.08,.18,-.03,-.13,.11,-.17,-.10,.10,-.11,.31,-.05)*f0_11+
    mat4(-.16,.17,-.07,.04,.11,-.25,-.17,.21,-.12,.26,.15,.07,-.20,.01,.02,.01)*f0_12+
    mat4(.17,-.14,-.30,.27,-.09,-.11,-.15,-.21,-.23,.29,-.11,.01,.12,-.16,.09,-.08)*f0_13+
    mat4(.21,.06,.28,.30,-.12,.01,-.16,.12,.14,.05,.24,-.26,-.15,-.38,.07,-.31)*f0_14+
    mat4(-.09,.13,.13,-.01,-.16,-.24,-.14,.17,.20,-.16,-.28,.15,.18,.19,-.22,.02)*f0_15+
    vec4(-1.52,-.19,-.54,.48))/1.0+f0_7;
vec4 f1_8=sin(mat4(-.27,-.11,-.18,-.11,.02,.23,.19,.20,.24,-.02,.20,-.06,.03,-.03,-.05,.06)*f0_0+
    mat4(.23,-.17,.09,.05,-.25,-.14,-.06,.05,.10,-.17,-.24,.22,-.15,-.19,-.16,-.13)*f0_1+
    mat4(.23,-.28,.30,-.13,.08,-.20,.10,.06,-.23,.09,.16,.12,-.25,-.13,-.11,.10)*f0_2+
    mat4(.17,-.18,.24,.15,.04,.26,.28,.20,.24,.03,.13,-.20,.07,.14,-.10,.02)*f0_3+
    mat4(-.18,.03,.20,.21,-.31,.07,.26,-.05,-.17,.05,-.16,-.25,.25,-.21,-.03,-.02)*f0_4+
    mat4(.15,-.20,-.14,.21,.00,.13,-.16,.24,-.01,.09,.27,.06,-.25,.09,.29,.17)*f0_5+
    mat4(-.03,-.23,.16,-.09,-.15,.07,.18,-.05,-.05,-.03,.12,-.15,.03,-.14,-.15,.18)*f0_6+
    mat4(-.15,-.08,-.18,.23,.29,-.29,-.06,.10,-.21,-.19,.30,.31,.21,.19,-.22,-.12)*f0_7+
    mat4(.16,-.10,-.17,-.23,-.18,-.18,.17,-.03,.09,.06,-.27,.11,-.13,.02,-.22,-.19)*f0_8+
    mat4(.17,.08,.07,-.21,-.03,.10,.00,-.14,-.12,.04,-.16,.19,-.03,-.03,-.04,-.08)*f0_9+
    mat4(-.18,.22,-.02,-.19,.16,.06,-.18,-.20,.29,.11,-.27,-.18,-.11,.13,.01,-.07)*f0_10+
    mat4(-.23,.11,-.06,-.05,.20,-.15,-.14,.04,-.15,-.26,-.02,-.06,-.20,-.20,-.23,.23)*f0_11+
    mat4(.26,-.03,-.05,.06,-.02,-.19,.04,.13,-.20,.07,.30,.07,.24,.14,-.26,-.29)*f0_12+
    mat4(.16,-.03,.07,-.21,-.05,-.17,-.24,.20,-.14,.25,.26,.23,-.26,.01,-.21,-.02)*f0_13+
    mat4(.15,.22,-.07,.27,.09,.18,-.04,-.10,-.19,-.15,.10,-.02,-.17,.22,.07,.13)*f0_14+
    mat4(-.17,-.05,.09,.13,.24,-.00,.24,.01,.03,-.14,.21,.19,-.14,-.04,.05,.30)*f0_15+
    vec4(.42,-1.48,-.04,.35))/1.0+f0_8;
vec4 f1_9=sin(mat4(-.03,.24,.09,-.14,.26,-.26,-.06,-.08,.06,.08,-.22,.17,.17,-.22,-.17,.09)*f0_0+
    mat4(.22,.20,.07,.07,.13,-.09,.08,.16,-.28,-.04,.05,-.15,-.26,-.31,-.02,-.32)*f0_1+
    mat4(-.02,.11,.30,.18,-.24,.04,.28,.17,-.08,.23,.08,.04,.13,-.08,.02,-.14)*f0_2+
    mat4(.08,-.12,-.22,-.03,-.01,.10,.22,.23,-.01,-.13,.14,-.22,-.20,.07,.18,-.21)*f0_3+
    mat4(.10,.19,-.28,.14,.16,-.10,-.24,-.31,.08,.01,.22,.30,.03,.12,-.23,-.31)*f0_4+
    mat4(-.19,-.28,.18,.24,-.24,.17,.18,-.24,-.31,-.02,.13,.17,-.13,.01,.23,-.20)*f0_5+
    mat4(.01,.01,-.05,.22,.19,-.17,-.09,.29,.15,-.21,.24,.12,-.15,-.29,.28,.02)*f0_6+
    mat4(-.04,-.04,-.10,.06,.04,-.28,.23,-.15,-.26,-.11,-.11,.22,.16,-.05,.20,-.26)*f0_7+
    mat4(-.12,-.05,.11,.17,-.20,.23,-.17,-.23,-.25,.20,.17,-.06,.16,-.06,.24,-.09)*f0_8+
    mat4(.29,.18,.26,.22,-.25,-.17,.16,-.25,.19,.13,.18,.19,-.12,-.04,-.28,-.03)*f0_9+
    mat4(.24,.22,.10,.03,-.16,-.15,-.14,-.32,.12,-.08,.14,.15,-.15,-.20,.09,.08)*f0_10+
    mat4(.17,-.29,-.30,.21,-.02,-.09,-.04,.24,.14,-.20,.26,.06,.03,.11,.09,.17)*f0_11+
    mat4(.19,-.19,-.02,-.04,-.16,.24,.08,.24,-.21,.18,-.27,.24,-.02,-.21,.25,.08)*f0_12+
    mat4(.12,-.21,-.12,-.10,-.06,.20,.08,.16,-.04,-.21,-.04,-.18,.07,-.04,-.25,.31)*f0_13+
    mat4(-.25,.25,-.19,-.09,.16,-.24,-.28,.23,-.23,-.07,-.27,.27,.01,-.09,.20,-.22)*f0_14+
    mat4(.17,.07,.11,-.17,-.17,.11,-.16,.20,-.17,-.14,-.29,.03,.07,.05,.17,.08)*f0_15+
    vec4(-.40,.67,1.27,-1.21))/1.0+f0_9;
vec4 f1_10=sin(mat4(.17,-.15,.19,-.22,.06,.12,.06,.06,-.28,.05,.07,-.29,.08,.02,.15,.11)*f0_0+
    mat4(.15,.26,.24,-.24,.25,-.02,-.25,.13,-.16,-.03,-.25,.13,-.21,.03,-.21,.20)*f0_1+
    mat4(.12,-.14,-.04,.21,-.20,.06,.01,.09,-.19,.25,.25,-.17,.04,-.25,-.16,-.10)*f0_2+
    mat4(.15,.10,-.17,-.08,-.04,.33,-.19,-.05,-.09,.05,-.19,-.19,.24,-.22,.23,.17)*f0_3+
    mat4(-.08,.03,-.16,-.08,.07,.03,.22,-.22,-.02,-.20,-.31,-.31,-.10,.17,-.28,-.15)*f0_4+
    mat4(-.16,.25,.07,.15,.31,-.12,-.14,.24,-.03,-.10,-.13,.17,.28,.20,-.20,.26)*f0_5+
    mat4(.16,.23,-.23,-.08,-.20,-.03,.00,.20,.25,-.10,.13,.28,.16,-.24,.21,.25)*f0_6+
    mat4(.11,-.04,.28,-.10,.13,-.28,-.27,-.13,.02,.25,.16,-.31,.18,-.04,.13,.21)*f0_7+
    mat4(.21,.11,.25,.08,.10,.22,-.10,.31,.18,-.23,.06,.24,.22,-.09,.21,-.11)*f0_8+
    mat4(.00,.23,.16,-.24,-.12,-.09,.13,-.23,.12,.15,-.12,-.24,.04,.07,-.04,.02)*f0_9+
    mat4(-.04,.13,.13,-.24,-.10,-.09,-.20,-.17,.19,-.10,.06,-.33,.21,.24,.26,.11)*f0_10+
    mat4(-.09,-.29,-.13,.19,-.14,.08,-.11,-.20,.01,.22,.26,-.15,.07,.13,-.13,-.24)*f0_11+
    mat4(.11,.00,.20,.22,-.23,.03,-.20,-.25,-.15,.02,-.20,.08,.12,.20,.29,.06)*f0_12+
    mat4(-.22,.04,-.22,-.01,-.26,-.04,.10,-.24,.06,.18,-.11,.04,-.30,-.15,.16,-.12)*f0_13+
    mat4(-.07,-.02,-.25,-.14,.13,.07,.12,.15,.07,.12,-.05,-.09,.08,-.25,.30,-.24)*f0_14+
    mat4(-.16,.25,-.11,-.01,.20,-.13,.24,-.19,.26,-.12,-.11,.16,-.05,.15,.34,-.02)*f0_15+
    vec4(1.07,-.05,-.45,-.82))/1.0+f0_10;
vec4 f1_11=sin(mat4(.06,-.24,.13,.26,.08,.26,-.03,-.27,.04,.25,-.08,-.24,.08,-.13,-.19,-.19)*f0_0+
    mat4(.05,.24,.11,-.15,.26,-.07,.25,-.10,-.18,.21,.10,-.11,.21,.14,-.31,.09)*f0_1+
    mat4(-.33,-.21,-.26,.07,-.14,-.10,-.04,-.24,-.29,.14,.28,.19,.29,-.06,-.11,-.09)*f0_2+
    mat4(-.13,.12,.03,-.27,-.18,.07,.19,-.14,-.10,-.27,-.23,.10,-.19,.23,.23,-.00)*f0_3+
    mat4(.22,-.19,-.08,.01,-.14,.29,.13,.23,.24,-.03,-.14,-.10,-.14,.09,-.10,.12)*f0_4+
    mat4(-.00,.11,-.27,.03,-.08,.23,.31,-.03,.16,-.07,-.11,-.04,-.16,.22,-.15,.05)*f0_5+
    mat4(-.04,.25,.25,.14,-.01,-.21,-.27,-.08,.18,.21,.11,.06,.02,.24,-.30,.03)*f0_6+
    mat4(.25,.00,.26,.14,.18,-.18,-.27,.24,.02,-.10,.16,.09,.08,.12,-.08,.11)*f0_7+
    mat4(.18,.05,-.15,-.25,-.19,-.16,.23,.27,-.18,.10,.32,-.10,-.13,.21,.15,.21)*f0_8+
    mat4(.10,.21,.20,.08,.05,-.21,.27,-.16,-.02,-.24,.04,.10,-.05,-.14,-.12,-.22)*f0_9+
    mat4(-.11,-.06,.08,-.03,-.18,-.03,.27,.12,.12,.06,-.08,-.00,-.15,.15,-.11,.20)*f0_10+
    mat4(-.13,.16,-.19,-.23,-.16,-.18,.02,.20,-.11,.03,-.19,.16,.13,-.19,-.28,.18)*f0_11+
    mat4(.05,.15,-.15,.13,.05,.16,-.28,.06,.08,.01,-.30,-.01,.28,.15,.16,-.15)*f0_12+
    mat4(-.09,.30,-.14,-.25,-.04,-.04,-.15,-.07,-.28,.18,-.09,.12,-.19,.24,-.13,.18)*f0_13+
    mat4(-.08,.20,-.10,-.29,-.08,-.01,-.20,.03,-.03,-.20,.05,.27,-.16,.18,.24,-.01)*f0_14+
    mat4(.10,.23,-.06,-.25,-.17,-.03,.18,-.07,-.33,-.09,-.11,-.30,.11,-.20,.16,.23)*f0_15+
    vec4(.09,1.83,-.23,.86))/1.0+f0_11;
vec4 f1_12=sin(mat4(.23,-.30,-.25,-.10,-.11,.14,.06,.29,-.30,-.23,.02,.33,.27,.07,-.01,-.21)*f0_0+
    mat4(.19,-.01,-.05,-.26,.30,.14,-.11,.35,.13,-.18,.13,-.03,.20,-.12,-.13,.24)*f0_1+
    mat4(-.04,.09,-.32,.27,.08,.29,.15,-.23,.16,.25,-.15,.19,.08,.11,-.22,.08)*f0_2+
    mat4(.00,-.06,-.29,-.05,.01,.06,.10,.12,.02,-.17,.11,.20,-.19,.06,.12,-.26)*f0_3+
    mat4(-.06,.03,.16,.09,-.11,.11,-.25,.07,.18,.18,.23,.18,-.08,.16,-.11,-.27)*f0_4+
    mat4(.27,-.18,-.29,.06,-.07,-.06,-.18,-.11,-.29,.25,-.25,.08,.01,.07,-.02,.16)*f0_5+
    mat4(.27,-.26,-.11,.22,.21,-.27,.03,.07,.07,.07,-.19,.08,-.22,-.17,.12,.15)*f0_6+
    mat4(.14,.21,.21,-.20,-.04,-.19,-.29,-.04,.03,.21,-.29,.02,-.02,-.25,.05,-.22)*f0_7+
    mat4(.16,-.10,.09,.18,.21,-.07,-.03,-.12,-.20,-.27,.18,.28,-.08,-.25,-.24,-.19)*f0_8+
    mat4(.18,.06,-.24,.10,.14,-.05,.20,-.27,-.23,-.11,.17,.12,.07,-.24,-.12,.27)*f0_9+
    mat4(-.21,.26,.22,.27,-.06,.31,.14,.27,.20,-.26,.26,-.12,-.14,.04,.33,-.05)*f0_10+
    mat4(-.22,.08,-.15,.17,-.23,-.12,.12,-.19,.13,-.02,-.27,.13,.26,-.07,-.11,-.21)*f0_11+
    mat4(-.23,-.24,.17,.29,.20,.08,.12,.35,.26,-.24,.19,-.24,-.15,.02,.14,-.23)*f0_12+
    mat4(-.25,-.04,-.10,.01,.11,-.11,-.03,.09,-.21,-.29,-.23,.06,.28,.18,-.12,.20)*f0_13+
    mat4(.22,.10,-.15,-.27,-.00,-.05,-.25,-.20,-.09,-.20,-.30,-.27,-.06,-.14,.06,.12)*f0_14+
    mat4(.24,.20,-.07,.26,.30,.20,-.01,.12,.22,-.08,-.11,.04,.01,.03,.05,-.05)*f0_15+
    vec4(.06,-.44,-.09,1.85))/1.0+f0_12;
vec4 f1_13=sin(mat4(.15,-.17,.07,.07,.10,.24,.18,-.06,-.09,.09,-.01,.03,.12,.01,.19,.12)*f0_0+
    mat4(.00,.13,-.18,.12,-.28,.06,.14,-.34,.05,-.08,.30,.17,.17,.29,.30,.25)*f0_1+
    mat4(.02,.08,-.16,-.10,.10,.20,-.02,-.10,-.10,.15,-.12,.08,-.23,-.15,-.02,-.20)*f0_2+
    mat4(.13,-.17,-.04,.10,.16,-.30,-.11,.00,.21,-.03,-.06,.25,-.01,-.19,-.11,-.16)*f0_3+
    mat4(-.06,-.19,-.19,-.18,-.06,-.02,.06,.20,-.12,.04,.10,-.27,-.23,-.07,-.16,-.10)*f0_4+
    mat4(.13,-.05,.05,-.08,-.01,-.15,.25,-.29,.22,-.25,-.01,-.27,.08,-.15,-.24,.14)*f0_5+
    mat4(.18,-.04,-.04,-.03,-.19,-.12,.11,.26,.15,.26,.09,-.08,-.05,.13,-.26,.12)*f0_6+
    mat4(-.16,-.23,.14,-.22,.20,-.21,.11,-.02,-.23,-.23,.07,.05,.20,-.02,.13,-.18)*f0_7+
    mat4(.25,.15,-.20,.16,-.03,-.02,-.18,.16,-.04,-.18,-.10,.28,.03,-.17,-.05,.12)*f0_8+
    mat4(-.07,.16,-.21,.04,.16,.06,-.08,-.28,.15,.06,.17,-.31,-.18,-.04,.09,-.14)*f0_9+
    mat4(-.19,.10,.06,-.22,-.11,.06,.15,-.08,.08,.09,-.11,.06,.12,.02,.20,.29)*f0_10+
    mat4(.13,.21,-.02,-.16,.01,.14,.19,.02,-.22,.11,.08,.18,.24,.26,-.20,-.03)*f0_11+
    mat4(.04,.16,-.20,.07,.06,-.19,-.17,-.37,-.16,.21,.27,-.21,-.15,.10,.28,-.15)*f0_12+
    mat4(-.10,.25,-.06,-.19,.31,.16,.31,.16,.07,-.15,-.14,.16,.07,-.16,.01,-.21)*f0_13+
    mat4(.10,-.21,-.28,.01,.24,-.06,-.01,-.22,.30,-.20,.03,.07,-.23,-.24,-.13,-.01)*f0_14+
    mat4(-.01,.14,.18,-.24,.11,-.05,.06,-.26,-.30,.01,-.14,.06,-.00,-.07,.15,-.28)*f0_15+
    vec4(1.33,-.76,-.51,-1.04))/1.0+f0_13;
vec4 f1_14=sin(mat4(.27,.13,-.00,.30,.14,.25,.18,-.03,-.16,.06,-.06,-.24,-.07,-.35,-.19,-.30)*f0_0+
    mat4(-.26,-.25,.13,.26,.16,.35,.24,.29,-.08,-.21,.27,-.11,.09,.02,-.04,.17)*f0_1+
    mat4(-.15,.21,.09,-.04,-.11,.30,.16,-.07,-.24,.20,.17,.28,-.08,.03,-.01,-.08)*f0_2+
    mat4(.02,.15,-.25,-.07,.10,-.27,.23,.04,-.30,.08,.12,.17,-.02,-.22,.22,-.24)*f0_3+
    mat4(.27,.06,.14,.27,.08,.32,.13,.13,.05,-.09,.04,.25,-.07,-.13,.06,.03)*f0_4+
    mat4(-.07,-.23,-.21,-.16,.24,.04,-.08,-.07,-.16,-.18,-.21,-.26,.19,.01,-.22,.15)*f0_5+
    mat4(-.04,.23,.20,.11,.28,.12,.22,-.23,.00,.11,.02,.18,.13,-.17,-.15,.13)*f0_6+
    mat4(.03,.22,-.14,-.19,-.01,-.26,.18,.24,-.05,-.23,.13,-.12,.10,-.10,-.07,-.31)*f0_7+
    mat4(-.04,-.19,-.25,.01,.23,.16,-.10,.16,-.07,.11,-.24,.09,.16,.01,.25,.04)*f0_8+
    mat4(.06,-.17,.09,-.04,-.30,.31,-.00,-.13,.19,.27,-.25,-.37,-.18,-.01,-.23,.02)*f0_9+
    mat4(.05,.13,.23,.20,-.13,-.14,-.04,.29,.14,-.22,.03,-.03,-.26,.05,.02,-.06)*f0_10+
    mat4(-.09,.16,-.13,.20,.21,-.18,.17,.02,-.08,.09,.11,.28,-.11,.09,.10,.31)*f0_11+
    mat4(-.16,.26,-.26,-.14,-.10,.03,.09,.15,.17,.17,.26,-.11,-.33,.08,.20,.22)*f0_12+
    mat4(-.34,-.21,-.20,-.14,-.16,-.21,.22,.17,-.04,-.23,-.03,-.15,-.15,.11,-.23,.03)*f0_13+
    mat4(-.02,.24,.17,-.16,-.25,.04,-.10,.17,-.00,-.19,-.18,-.13,-.20,.10,-.13,-.32)*f0_14+
    mat4(-.31,.23,.22,.03,-.10,-.15,.18,-.22,-.01,.07,-.05,.14,.18,-.01,.07,.06)*f0_15+
    vec4(1.68,-.19,1.47,.20))/1.0+f0_14;
vec4 f1_15=sin(mat4(-.19,-.17,-.16,.16,-.12,-.30,.05,.02,-.03,-.09,.29,.08,.21,.15,-.15,-.21)*f0_0+
    mat4(-.19,.22,-.08,-.04,.14,-.13,-.08,.22,-.03,.27,.25,.18,-.18,-.28,.30,-.11)*f0_1+
    mat4(-.24,.02,.26,.32,.13,-.05,.13,.15,.25,.15,.31,.06,.01,-.01,.13,.00)*f0_2+
    mat4(.20,.31,.25,.18,-.00,.05,-.13,.23,-.00,.09,-.24,-.16,-.01,-.03,-.13,.15)*f0_3+
    mat4(.04,.17,.05,.09,.07,.06,.16,-.24,.14,-.07,-.20,.20,.19,.29,-.12,-.21)*f0_4+
    mat4(-.09,-.04,-.04,.05,.22,-.18,-.05,.06,.06,-.21,-.03,-.20,.07,-.04,.13,.04)*f0_5+
    mat4(-.30,.13,-.15,-.06,-.13,.24,-.28,-.04,-.18,-.22,.12,.01,-.15,.27,-.06,-.04)*f0_6+
    mat4(-.19,.28,-.02,.29,-.30,.30,.21,.15,-.20,.17,-.09,-.08,-.19,.06,.02,-.02)*f0_7+
    mat4(.07,-.19,-.05,-.10,.27,.33,-.23,-.14,-.16,.18,.13,.24,-.02,-.20,.13,.26)*f0_8+
    mat4(.03,.00,-.27,-.30,.21,.19,.23,-.28,-.05,-.06,.11,.32,-.26,-.12,.25,.06)*f0_9+
    mat4(-.12,.04,.10,-.18,.07,-.03,.18,.09,.13,-.15,-.06,-.24,.29,.19,-.10,.10)*f0_10+
    mat4(.28,.01,-.13,-.11,-.25,-.06,.26,.05,.03,.12,-.06,-.10,.16,.07,.12,.31)*f0_11+
    mat4(-.25,-.29,.29,.01,-.18,-.03,.08,-.02,-.14,.30,-.04,.20,-.10,-.23,.06,-.19)*f0_12+
    mat4(-.16,.19,-.09,.26,.04,.15,-.19,.00,-.22,.13,-.12,-.05,-.08,-.17,-.05,.05)*f0_13+
    mat4(-.22,.20,.09,.12,.00,.12,.04,.20,.24,-.05,-.13,-.21,.17,-.10,.05,.20)*f0_14+
    mat4(-.11,.14,-.18,.18,.18,.05,.12,-.16,.00,-.10,-.14,.28,-.26,.23,.20,-.18)*f0_15+
    vec4(1.53,-.84,-.53,.16))/1.0+f0_15;
vec4 f2_0=sin(mat4(-.18,.24,-.12,-.23,.12,-.21,.11,-.24,-.32,-.08,-.11,-.22,.03,.22,.13,.19)*f1_0+
    mat4(-.05,-.08,-.16,.10,.06,-.04,-.28,.08,.02,.16,-.33,.19,.15,.12,-.03,.11)*f1_1+
    mat4(-.05,-.00,.13,.17,.20,-.10,.21,-.24,.11,.15,.05,.19,-.18,.01,-.06,.01)*f1_2+
    mat4(-.13,.18,-.16,-.21,.07,-.16,-.28,-.17,.18,-.04,.06,.14,.01,-.19,.17,-.13)*f1_3+
    mat4(.30,.02,-.25,-.13,-.13,.14,-.03,-.16,.24,.04,.25,.27,-.24,.20,.23,-.09)*f1_4+
    mat4(.23,-.13,.36,.13,.23,-.10,.17,.03,-.26,.05,-.14,-.05,.15,-.06,-.28,.19)*f1_5+
    mat4(-.30,-.30,.23,-.25,.01,-.02,-.26,.16,.15,.29,-.20,-.11,.25,-.09,.00,-.28)*f1_6+
    mat4(-.00,.22,-.25,.12,.05,.12,-.17,.15,.28,.26,-.18,-.25,-.06,.18,.13,.13)*f1_7+
    mat4(.04,-.00,.24,.28,-.22,.06,-.18,.14,-.20,-.15,.05,.22,-.13,.11,-.09,.16)*f1_8+
    mat4(-.22,.27,.05,.30,.11,.27,-.14,.11,-.05,-.22,-.19,-.11,.13,.21,-.03,-.11)*f1_9+
    mat4(-.20,.27,-.24,.25,-.11,.25,.02,.08,.09,.09,.10,-.01,.17,.23,-.07,.00)*f1_10+
    mat4(-.21,.15,-.27,-.14,.18,.29,.39,.02,.07,.10,-.02,.27,.33,.08,.26,-.01)*f1_11+
    mat4(.05,-.11,.19,.13,-.24,-.27,.26,.03,-.30,.16,.04,.01,.12,-.07,-.17,-.07)*f1_12+
    mat4(-.22,.06,-.16,-.28,.19,-.30,-.18,-.16,-.01,.24,.02,-.03,.27,-.20,.25,.13)*f1_13+
    mat4(-.21,.29,-.03,.05,.12,-.14,-.24,-.01,.18,.28,.17,.12,.01,.05,-.24,.00)*f1_14+
    mat4(-.10,.05,.26,-.21,.04,-.22,-.26,-.14,-.10,.22,.13,-.00,.10,.14,-.15,-.18)*f1_15+
    vec4(-1.81,.59,-1.79,-.26))/1.4+f1_0;
vec4 f2_1=sin(mat4(-.07,-.22,.23,-.34,-.05,.15,-.03,-.19,-.35,-.03,.07,-.07,.27,-.20,-.31,.08)*f1_0+
    mat4(-.15,-.23,.25,.23,.23,.25,-.12,-.26,-.29,-.01,-.15,.24,.02,-.09,.02,.03)*f1_1+
    mat4(.04,.22,.06,-.14,.05,-.19,.21,.02,.09,.17,.17,.11,-.05,-.15,.25,.28)*f1_2+
    mat4(-.02,-.11,.01,-.07,-.19,.30,.21,-.16,.23,.28,.21,-.13,.23,-.01,.26,-.16)*f1_3+
    mat4(-.10,.27,-.21,.04,.34,.11,.12,.16,-.25,.09,-.03,-.28,.00,.04,-.07,.27)*f1_4+
    mat4(.10,-.07,.20,.04,.11,-.02,-.19,-.06,-.24,-.02,.00,.12,-.28,-.05,-.06,.08)*f1_5+
    mat4(.15,-.15,-.29,.05,.03,.20,-.23,-.01,.27,.01,.16,.01,.20,.03,.17,-.21)*f1_6+
    mat4(-.25,-.09,.21,.11,.32,.30,-.15,.29,-.08,-.04,.14,.15,.33,.29,-.17,-.11)*f1_7+
    mat4(.01,.15,.17,.25,-.09,.11,.17,.01,.14,-.16,-.20,.19,.19,.16,-.03,.26)*f1_8+
    mat4(.04,.19,.01,-.23,-.25,-.22,-.15,-.08,-.18,.26,-.07,-.11,.19,-.01,-.05,-.07)*f1_9+
    mat4(-.03,.03,-.20,-.02,.03,.10,.20,.21,-.27,.18,.09,.14,.09,-.06,.13,-.25)*f1_10+
    mat4(-.05,.09,-.02,-.23,.09,-.13,.27,.15,.11,.13,.23,.06,-.25,-.31,-.02,-.04)*f1_11+
    mat4(.08,.06,.03,-.08,.31,.11,-.09,-.13,.04,.16,-.17,-.18,.05,-.24,.23,.03)*f1_12+
    mat4(-.14,.11,.28,-.30,.05,-.00,-.19,.02,-.00,.08,-.16,.26,.00,.26,-.14,-.25)*f1_13+
    mat4(.04,.16,-.29,-.20,-.20,.23,.26,-.05,.11,.28,.28,-.02,.09,-.19,.01,-.21)*f1_14+
    mat4(.07,-.14,.18,-.00,-.21,.26,-.14,-.22,.10,-.17,.11,.07,-.00,-.09,-.07,.05)*f1_15+
    vec4(-1.45,.16,.99,-1.28))/1.4+f1_1;
vec4 f2_2=sin(mat4(-.08,-.23,-.17,-.27,-.24,-.15,-.11,.21,.20,-.10,.20,.04,-.07,.16,.05,-.14)*f1_0+
    mat4(.03,-.01,.02,.01,.11,.05,.13,.24,-.03,.02,.17,.06,.15,.13,.12,-.26)*f1_1+
    mat4(.24,-.24,-.01,-.02,-.10,-.20,.20,-.17,.25,-.10,-.19,-.11,.27,-.23,.03,.27)*f1_2+
    mat4(-.30,.04,-.26,.06,.30,-.14,-.19,.12,.19,.11,-.05,.23,-.14,.26,.14,.01)*f1_3+
    mat4(-.27,.13,-.12,-.17,.09,-.22,-.15,-.26,.24,-.20,-.00,-.17,.15,-.15,-.26,.27)*f1_4+
    mat4(.28,-.10,-.07,-.03,-.15,-.16,.20,.09,-.21,-.21,.03,-.21,.02,-.30,-.30,-.13)*f1_5+
    mat4(.04,-.23,-.18,.25,.03,.27,-.19,.21,-.06,-.07,.12,.01,.22,.27,-.01,.16)*f1_6+
    mat4(-.11,-.20,.16,-.01,-.08,-.01,-.25,-.10,-.22,-.02,.14,.01,-.28,-.09,.27,.10)*f1_7+
    mat4(-.08,.25,-.30,-.04,-.05,-.04,.01,.01,-.11,.18,-.19,-.03,.15,-.15,.20,.08)*f1_8+
    mat4(.11,.00,-.00,-.08,.17,.04,.16,-.23,-.28,-.25,-.30,-.08,.27,.03,.09,-.04)*f1_9+
    mat4(.03,.11,-.21,-.26,.08,.04,-.23,.30,-.04,-.25,-.20,.04,.02,.11,-.09,.27)*f1_10+
    mat4(.26,-.24,.14,.08,.07,.22,.19,-.05,.20,-.03,.20,-.25,-.24,.25,-.04,.02)*f1_11+
    mat4(.10,-.06,-.27,.02,.23,.25,.13,.15,.19,-.23,.10,.18,.16,-.15,-.09,-.16)*f1_12+
    mat4(.09,.18,.11,.15,-.06,-.10,.02,.16,.06,.04,-.31,.22,-.04,.13,-.18,.10)*f1_13+
    mat4(-.16,-.28,.26,.19,-.25,-.00,-.09,.29,-.07,.06,-.23,.27,-.12,.28,.17,-.14)*f1_14+
    mat4(-.24,-.13,-.06,.06,.09,-.02,-.17,-.40,-.23,-.21,-.07,-.05,-.01,-.22,.06,.33)*f1_15+
    vec4(-.19,-1.63,-.90,-1.73))/1.4+f1_2;
vec4 f2_3=sin(mat4(-.25,.29,-.17,.14,-.31,.28,-.29,.09,-.12,.17,-.23,-.05,-.01,-.23,-.03,.12)*f1_0+
    mat4(.05,.05,.18,.14,-.21,.24,.11,-.19,.24,-.12,.04,.02,-.21,-.25,-.23,.19)*f1_1+
    mat4(.08,-.30,-.01,.24,.07,-.00,.16,.33,-.26,-.11,-.02,.13,.12,-.16,.18,.15)*f1_2+
    mat4(-.04,.20,.27,.10,.24,.18,.01,.14,-.21,-.05,.23,.26,.31,-.27,-.14,-.15)*f1_3+
    mat4(.05,.24,.14,.30,-.11,.05,-.28,-.27,-.01,.04,.29,-.21,.12,-.03,.28,-.04)*f1_4+
    mat4(-.24,.23,.02,.14,-.03,-.05,.02,-.02,.23,.17,.03,.26,-.09,.02,-.02,-.10)*f1_5+
    mat4(.11,.23,.26,.24,-.05,-.26,-.14,-.05,.09,-.25,-.05,-.12,-.07,.16,.09,-.06)*f1_6+
    mat4(.01,-.07,.22,.17,.10,-.26,.16,.19,-.08,.06,-.13,.20,-.08,.16,-.15,-.19)*f1_7+
    mat4(-.12,.16,.19,.01,.08,.06,-.04,-.20,-.07,-.12,.10,.11,.13,.02,-.23,.05)*f1_8+
    mat4(-.09,.18,-.12,-.11,.14,.02,-.21,.22,-.16,-.24,-.05,.24,-.15,-.03,.05,-.21)*f1_9+
    mat4(-.10,-.19,.21,-.18,-.25,-.35,-.08,.30,.05,.20,.25,-.26,-.31,-.05,.24,.13)*f1_10+
    mat4(.07,.01,-.09,-.18,-.23,.11,.03,.31,-.22,.13,-.15,-.13,-.29,.22,.03,-.19)*f1_11+
    mat4(.01,.10,.08,-.33,-.01,.21,.00,.17,.21,-.22,.02,-.08,.21,-.15,.09,.07)*f1_12+
    mat4(.30,.04,-.08,.12,.18,.14,.21,.29,.17,-.14,.17,.24,-.20,-.25,.25,-.14)*f1_13+
    mat4(-.16,.01,-.31,-.18,.17,.31,.16,-.32,-.03,.17,-.15,-.18,-.16,-.29,-.15,.24)*f1_14+
    mat4(-.11,.18,.02,-.28,-.15,.10,-.13,-.02,.17,.04,-.14,-.09,-.26,.13,-.20,.05)*f1_15+
    vec4(.74,-1.63,-.77,-1.50))/1.4+f1_3;
vec4 f2_4=sin(mat4(.34,.26,.07,.12,-.09,-.11,-.27,.02,-.19,-.24,.12,.30,.16,-.21,.15,-.01)*f1_0+
    mat4(.20,-.25,-.12,-.25,.04,.24,.01,.27,-.27,-.27,.29,.28,.11,.06,-.30,-.03)*f1_1+
    mat4(-.29,.14,.10,.14,-.12,.21,.30,.04,-.08,-.07,-.22,.12,.26,.09,.22,-.26)*f1_2+
    mat4(-.22,-.09,-.09,.14,.23,-.04,-.04,.09,.29,.07,-.31,-.23,.05,-.14,-.27,-.34)*f1_3+
    mat4(.16,.14,-.25,.11,.20,-.03,-.20,-.10,.22,-.08,.21,.13,.17,.08,-.13,.21)*f1_4+
    mat4(.21,.24,-.14,.09,-.21,-.29,.07,.32,-.13,.07,-.04,-.12,.22,.09,-.19,.25)*f1_5+
    mat4(-.02,.07,.36,-.14,.04,.01,-.02,.19,.27,.07,-.08,.16,-.23,-.00,.22,-.25)*f1_6+
    mat4(.18,-.16,.24,-.04,-.03,-.29,.04,.21,.26,.24,.24,.05,-.11,.06,.13,-.06)*f1_7+
    mat4(.13,.21,-.13,.23,-.22,-.05,.00,-.04,.15,-.20,.21,.09,-.10,.12,-.06,-.23)*f1_8+
    mat4(.17,-.09,-.27,-.06,.14,.16,.01,.12,-.27,-.24,.13,-.20,-.28,.07,.29,-.08)*f1_9+
    mat4(.24,.00,.01,.02,.07,-.07,-.07,-.31,.14,.22,-.25,.23,-.09,-.05,.28,.01)*f1_10+
    mat4(.13,.26,-.01,-.23,.14,.25,-.08,.03,-.23,-.11,-.28,-.18,-.24,.00,.06,.13)*f1_11+
    mat4(.07,.02,.04,.04,.11,.31,-.10,-.03,.22,.17,.04,-.10,-.14,-.26,.18,-.33)*f1_12+
    mat4(-.26,-.01,-.24,-.01,-.15,-.32,.01,.16,-.22,.06,.16,-.23,.11,.15,-.31,.02)*f1_13+
    mat4(-.04,.17,-.11,.22,.23,.09,.09,-.18,.03,-.21,-.23,-.04,-.15,-.24,.06,-.33)*f1_14+
    mat4(-.05,-.18,-.21,-.04,.06,-.26,.19,-.04,-.24,-.27,-.13,-.08,-.06,.03,.23,.15)*f1_15+
    vec4(-1.16,-.72,1.79,.96))/1.4+f1_4;
vec4 f2_5=sin(mat4(.16,.15,.11,-.01,.08,-.22,-.30,.32,-.27,-.29,-.05,.19,-.08,-.14,-.26,-.11)*f1_0+
    mat4(-.04,.14,-.21,-.27,.10,-.03,-.01,.25,.25,.12,-.09,.31,-.24,-.00,-.11,.06)*f1_1+
    mat4(-.11,.15,.04,-.10,-.08,.09,.22,.22,.26,.12,.12,.10,-.16,.11,.22,-.00)*f1_2+
    mat4(-.08,-.25,-.21,.31,-.28,.14,-.15,-.01,-.01,.03,-.22,-.10,-.09,.16,-.19,-.14)*f1_3+
    mat4(.06,.13,.21,-.15,.06,-.18,.22,-.19,.27,-.12,-.02,.19,.01,-.31,-.26,-.15)*f1_4+
    mat4(.14,-.25,-.05,-.08,-.01,.14,.21,-.01,.00,-.12,.27,.12,-.14,-.24,-.18,-.11)*f1_5+
    mat4(-.26,.11,-.02,-.04,-.24,.11,.23,-.15,.21,-.21,.03,.08,.08,.11,-.27,.28)*f1_6+
    mat4(-.17,-.24,-.30,.17,-.12,.24,-.14,.07,-.15,.11,-.27,.12,-.20,.16,.04,-.02)*f1_7+
    mat4(.12,.25,.29,-.05,.13,.17,.06,.20,.18,-.22,-.20,.18,-.29,-.14,.04,.31)*f1_8+
    mat4(-.15,-.29,.05,.23,.16,.28,-.09,-.03,.17,.16,.07,-.02,.10,.26,-.00,.16)*f1_9+
    mat4(.03,.14,-.12,-.22,-.01,.28,-.03,.10,-.07,.28,-.13,.05,-.28,-.02,.23,.23)*f1_10+
    mat4(-.14,.13,-.09,.01,-.18,-.22,-.04,-.26,-.05,-.25,-.28,-.01,.07,.11,.07,-.00)*f1_11+
    mat4(-.05,.04,.27,-.19,.30,.06,.27,.06,-.09,-.23,-.23,-.22,.27,-.12,-.04,.20)*f1_12+
    mat4(.23,-.01,.21,.26,.23,.24,.24,.07,-.26,-.04,-.30,.01,.07,-.03,.28,.24)*f1_13+
    mat4(.16,-.16,-.08,-.00,.00,.26,-.28,-.04,-.08,.03,.15,.10,.06,-.07,-.11,.28)*f1_14+
    mat4(-.06,.09,.11,.22,.04,-.19,-.28,.08,.08,-.19,-.11,.09,.07,.24,-.11,-.16)*f1_15+
    vec4(-.12,.13,-1.23,-1.66))/1.4+f1_5;
vec4 f2_6=sin(mat4(-.15,-.24,-.17,.24,.04,-.26,-.22,-.14,.26,-.04,.21,-.11,.16,.23,-.19,-.04)*f1_0+
    mat4(.22,-.18,.19,-.24,.21,.17,-.06,.11,-.22,-.27,-.07,.07,-.07,.30,.23,-.18)*f1_1+
    mat4(-.23,.25,-.25,-.03,.19,-.11,-.08,.27,.28,.20,-.24,.13,.10,.13,-.22,.15)*f1_2+
    mat4(.35,.14,-.16,.05,-.29,.25,.21,-.00,.12,.22,.11,.21,-.03,.07,.11,-.20)*f1_3+
    mat4(-.14,-.23,.27,.21,.15,-.17,-.19,.22,-.26,.13,-.17,.24,-.17,.11,.02,.20)*f1_4+
    mat4(.08,.14,-.12,.09,-.05,.00,-.04,-.08,-.32,.01,-.18,-.05,-.04,.08,.21,-.17)*f1_5+
    mat4(.04,-.08,-.29,.07,.20,-.01,-.23,-.04,-.10,-.08,-.04,.19,-.12,.09,-.18,.18)*f1_6+
    mat4(-.19,.27,.15,-.14,.07,-.08,-.14,-.12,-.08,-.04,.16,-.22,.07,-.22,-.06,-.08)*f1_7+
    mat4(.00,-.23,-.11,-.27,.01,-.03,-.03,-.09,-.15,-.16,-.28,.17,-.08,-.03,-.05,-.27)*f1_8+
    mat4(.15,-.17,.15,.13,-.23,-.12,-.19,-.11,-.09,.27,-.23,.21,-.07,.25,.06,-.07)*f1_9+
    mat4(-.11,-.01,.12,-.03,.18,.00,.09,.20,.15,.08,.12,.22,.08,-.16,.16,.02)*f1_10+
    mat4(.29,.16,-.06,-.24,.10,.04,.04,.01,.27,.23,-.27,-.08,.11,.09,.03,.07)*f1_11+
    mat4(-.09,.08,.08,.19,.06,.01,.20,.30,-.11,-.19,.09,.13,.21,-.09,.05,-.21)*f1_12+
    mat4(-.10,.01,.20,-.15,.22,.22,-.10,.15,-.14,.32,-.18,.02,-.23,-.21,-.26,.13)*f1_13+
    mat4(.12,.14,.29,-.20,.15,.09,-.23,-.08,.03,-.14,.17,-.17,.06,.28,-.20,-.10)*f1_14+
    mat4(-.22,-.23,-.23,.13,.21,-.01,.04,.09,.07,.14,-.10,-.18,-.25,-.19,.30,-.11)*f1_15+
    vec4(.53,1.13,.88,-1.11))/1.4+f1_6;
vec4 f2_7=sin(mat4(-.02,.12,-.28,.22,-.24,.00,.08,-.17,-.15,-.18,-.32,-.24,-.10,.12,-.19,.04)*f1_0+
    mat4(.25,-.03,-.21,-.03,.13,.14,-.07,.24,-.04,.22,.23,-.09,-.20,.30,-.05,.03)*f1_1+
    mat4(-.03,-.18,.08,-.14,.02,-.14,-.00,.14,-.17,.05,.10,-.12,-.04,-.21,-.25,-.17)*f1_2+
    mat4(.14,.11,-.33,.26,-.14,.05,-.08,.21,-.03,.08,-.01,.23,-.35,-.03,.20,.30)*f1_3+
    mat4(.22,-.17,.25,-.04,.11,.24,.16,.16,.09,.20,.01,.12,.09,-.15,-.10,-.24)*f1_4+
    mat4(.00,.01,-.26,-.12,-.08,-.07,-.12,.01,-.19,.03,.31,-.14,-.16,.28,-.04,-.13)*f1_5+
    mat4(-.25,.19,.10,.13,.16,.10,.18,.07,.12,-.23,-.04,.15,-.05,.22,-.27,.26)*f1_6+
    mat4(.02,.14,-.14,-.22,.29,-.04,-.26,.20,-.21,-.13,.28,.26,.04,-.20,.30,.07)*f1_7+
    mat4(-.28,-.14,.19,-.06,.09,.19,-.10,-.10,-.24,.05,-.11,-.27,-.07,-.10,.21,-.13)*f1_8+
    mat4(-.13,-.02,.20,.10,.14,-.08,-.06,.16,.05,.30,.04,.14,.04,.14,-.07,-.16)*f1_9+
    mat4(.08,.18,.23,-.01,.05,.11,-.29,.14,-.11,-.04,.09,-.03,-.19,.09,-.10,.08)*f1_10+
    mat4(-.05,-.16,.10,.16,-.25,.21,.11,-.28,.23,-.05,-.00,-.05,.04,-.25,.15,.02)*f1_11+
    mat4(-.08,.26,-.12,.26,-.18,.08,.26,-.02,.09,-.13,-.09,-.24,-.29,-.03,-.14,.09)*f1_12+
    mat4(-.27,.14,.24,-.06,.11,.02,-.00,-.06,-.05,-.27,.25,.18,-.11,.26,.34,.20)*f1_13+
    mat4(-.09,-.14,-.16,.02,-.03,-.15,-.01,.15,.19,-.22,.20,.23,.14,.07,-.31,-.11)*f1_14+
    mat4(-.29,-.11,-.17,-.07,-.04,.10,.21,.01,.04,-.02,-.08,.18,-.29,-.28,.24,.17)*f1_15+
    vec4(-1.68,-1.46,1.22,1.28))/1.4+f1_7;
vec4 f2_8=sin(mat4(-.01,.13,.32,-.14,.12,.23,-.24,-.04,.05,-.08,.07,-.15,.00,.11,.03,.10)*f1_0+
    mat4(-.24,-.10,.07,-.22,-.02,.26,-.04,.28,.31,-.23,.15,.03,-.16,.11,.23,.03)*f1_1+
    mat4(.20,.08,.23,-.29,.03,.07,.12,-.27,-.20,.15,.19,.08,.35,.26,.31,-.18)*f1_2+
    mat4(-.13,.24,-.14,.01,.14,.13,-.13,.20,-.21,.22,.12,-.18,-.13,-.08,-.23,-.06)*f1_3+
    mat4(.23,-.26,.12,-.25,.10,-.07,-.14,-.07,.18,-.23,.13,.28,.00,-.15,.08,-.02)*f1_4+
    mat4(.26,.19,.18,.26,-.10,.21,-.13,-.31,-.24,-.13,-.05,.28,.12,-.13,.20,-.26)*f1_5+
    mat4(-.29,-.09,.06,.14,.09,.06,-.03,-.14,-.14,.11,-.09,-.05,-.15,.13,-.17,-.20)*f1_6+
    mat4(.24,-.04,.12,.12,.13,.22,-.14,.01,-.06,-.09,.00,-.07,.13,.03,.07,.07)*f1_7+
    mat4(.00,-.16,.00,.21,-.16,.00,.19,-.05,-.07,.10,.17,-.00,-.17,.05,.01,-.23)*f1_8+
    mat4(.07,-.25,.09,.04,-.09,.11,.13,.00,-.15,-.14,-.16,-.21,.21,.11,-.26,-.29)*f1_9+
    mat4(-.17,.19,.24,.14,.16,-.02,-.24,-.09,.04,-.13,-.04,-.25,.00,-.08,.02,-.22)*f1_10+
    mat4(-.14,-.16,-.03,-.04,-.20,-.05,-.05,-.21,-.12,-.01,-.13,-.06,-.15,.12,-.23,-.17)*f1_11+
    mat4(.25,-.04,.07,-.19,.11,-.21,-.10,.26,.23,-.13,-.19,.28,-.05,-.29,.26,-.00)*f1_12+
    mat4(.23,.14,-.22,.27,.17,.13,-.25,.14,-.28,.08,-.00,.20,.30,-.24,-.25,.10)*f1_13+
    mat4(.12,-.11,-.07,.12,-.20,.18,-.04,-.27,-.05,.06,.27,-.08,-.11,.17,-.27,-.19)*f1_14+
    mat4(.13,.26,.20,.11,.33,-.27,.22,.04,.18,.01,-.25,.12,-.31,.03,-.23,.27)*f1_15+
    vec4(-1.88,-1.79,.78,1.36))/1.4+f1_8;
vec4 f2_9=sin(mat4(.12,.05,.31,-.32,-.16,.05,.30,-.15,-.24,.14,-.29,.17,.23,-.21,-.10,-.01)*f1_0+
    mat4(.20,-.03,.30,-.08,.16,.24,-.25,.06,.03,-.22,.06,.03,-.18,.21,.18,-.24)*f1_1+
    mat4(-.26,-.01,-.22,.08,-.09,.17,.13,-.01,-.30,-.02,.19,-.13,-.06,-.24,.01,.29)*f1_2+
    mat4(.14,-.23,-.27,.22,.29,.23,.05,.11,.09,-.03,.13,-.24,-.14,.15,-.16,.06)*f1_3+
    mat4(.21,.07,.07,-.18,.12,.09,.22,-.17,.11,-.19,-.07,.33,.23,.31,-.16,.13)*f1_4+
    mat4(-.26,-.25,-.19,.32,.10,-.21,-.22,-.06,-.24,-.25,-.10,-.29,-.18,.24,-.21,-.20)*f1_5+
    mat4(-.01,-.06,.12,-.06,-.25,.24,.04,-.20,-.08,-.20,.04,-.11,.23,-.01,.01,-.28)*f1_6+
    mat4(-.18,.11,.28,-.01,.10,-.10,-.06,-.07,.09,-.08,-.18,.08,-.04,-.13,.05,.19)*f1_7+
    mat4(-.09,-.17,.15,-.16,.03,.21,-.23,-.27,-.02,.05,-.06,-.27,-.16,.10,.10,.17)*f1_8+
    mat4(-.15,.02,-.22,.19,.10,-.05,.12,.07,-.19,-.07,.15,.16,-.24,.19,.02,.03)*f1_9+
    mat4(-.22,.20,.25,-.05,.13,.06,.16,-.09,.03,.13,.11,-.17,-.12,-.07,.04,-.16)*f1_10+
    mat4(.20,-.16,.19,.13,-.12,.14,.02,-.28,-.09,.06,-.11,.20,-.22,.20,-.18,-.26)*f1_11+
    mat4(-.11,-.20,.09,.23,.07,.17,.04,-.17,-.00,.01,.14,-.23,-.16,.19,-.16,.24)*f1_12+
    mat4(-.25,.05,.28,-.05,-.30,.24,.24,.03,.26,.23,-.03,.02,-.09,-.15,-.19,-.04)*f1_13+
    mat4(-.15,-.05,.18,-.16,-.06,-.11,-.12,.00,-.21,-.20,.16,-.10,-.21,-.00,-.01,.27)*f1_14+
    mat4(-.13,-.24,.15,-.08,-.12,-.27,.13,-.28,.20,.23,.13,-.09,.03,-.20,-.09,-.05)*f1_15+
    vec4(-.37,-1.32,.23,-1.41))/1.4+f1_9;
vec4 f2_10=sin(mat4(-.21,-.23,-.28,.05,.12,-.11,-.31,.02,.07,.17,.13,-.03,-.10,-.02,-.25,-.12)*f1_0+
    mat4(-.12,.24,-.03,.03,-.24,.11,-.04,.25,.16,-.11,.09,.27,.14,-.04,-.15,-.21)*f1_1+
    mat4(-.11,-.11,.21,.19,.08,-.26,.12,.20,-.13,.13,.18,-.15,.03,-.06,.14,-.20)*f1_2+
    mat4(.05,.21,.19,.16,-.16,.15,.22,.29,-.27,-.22,.12,-.17,.17,-.25,-.14,.18)*f1_3+
    mat4(.25,-.19,-.21,-.13,-.22,.29,.08,.03,.19,.12,-.11,.14,-.15,-.23,-.14,.27)*f1_4+
    mat4(.19,.13,.08,.11,.25,.07,-.28,.28,-.24,.14,-.25,.06,.04,-.22,.01,.10)*f1_5+
    mat4(-.09,.14,-.06,.11,.18,.09,-.07,-.18,.10,.15,.07,.22,.12,.04,.14,.12)*f1_6+
    mat4(.07,.06,.16,.19,-.28,-.20,.15,-.17,.24,-.15,-.07,-.21,-.26,-.01,-.01,-.22)*f1_7+
    mat4(-.08,-.07,.20,-.19,-.20,-.14,.10,-.04,-.23,.04,-.13,-.01,.31,-.08,.19,.20)*f1_8+
    mat4(-.02,-.04,.26,.24,.26,.19,-.14,-.14,.12,.19,.20,-.12,.03,-.09,-.03,-.20)*f1_9+
    mat4(.27,-.15,-.09,-.24,.15,-.27,.09,-.17,.12,.08,-.04,-.19,.24,.08,.04,-.02)*f1_10+
    mat4(.33,-.15,.14,.16,.01,.11,.21,-.17,.11,-.03,.34,.15,-.04,-.28,-.17,.05)*f1_11+
    mat4(-.28,-.12,.18,-.18,-.25,-.23,-.22,-.05,.20,-.11,.30,-.06,.06,-.12,.08,.23)*f1_12+
    mat4(-.18,.14,.20,-.05,-.25,-.03,-.04,-.01,.07,.10,-.01,-.23,-.20,.16,-.13,.03)*f1_13+
    mat4(.12,.23,-.04,-.05,-.17,-.19,.08,-.23,.03,-.03,-.22,.15,.06,-.14,-.00,.23)*f1_14+
    mat4(.11,-.05,.11,.06,.14,-.14,-.06,.16,-.12,-.06,.20,.05,-.20,-.02,-.12,-.03)*f1_15+
    vec4(-.36,-1.58,1.47,-.82))/1.4+f1_10;
vec4 f2_11=sin(mat4(-.08,.06,-.14,-.27,.24,-.04,.02,-.13,-.22,-.28,.23,.14,-.07,-.20,-.28,.13)*f1_0+
    mat4(-.06,.14,-.15,-.18,.07,-.23,.13,-.24,.10,.04,.10,-.20,-.05,.02,-.13,-.29)*f1_1+
    mat4(-.16,-.28,.01,.13,-.15,-.15,-.02,.27,.07,.05,.13,.04,.09,-.01,.05,-.25)*f1_2+
    mat4(.01,-.07,-.25,.19,-.17,.25,-.20,-.05,.31,-.02,.21,-.15,.27,.26,.22,-.12)*f1_3+
    mat4(-.24,-.26,.09,.20,-.22,.30,.00,.01,.16,.01,-.03,-.00,-.00,-.20,.16,-.06)*f1_4+
    mat4(-.23,.11,.27,-.20,-.02,-.08,.23,.15,.24,-.32,.23,-.27,.02,.00,-.01,-.09)*f1_5+
    mat4(.18,-.06,-.01,-.11,-.19,.27,-.18,.20,-.15,-.25,-.00,.28,-.26,.10,.20,-.01)*f1_6+
    mat4(-.07,.05,.28,-.11,.12,-.22,-.00,.29,.01,-.01,.06,-.25,-.24,.03,-.25,.02)*f1_7+
    mat4(.18,-.06,.14,.24,-.11,.07,.20,.01,-.16,.24,-.14,.27,-.26,.05,.29,-.15)*f1_8+
    mat4(.20,-.12,.04,-.27,.18,.19,-.07,.21,-.14,.24,-.27,.15,.04,.09,-.02,.25)*f1_9+
    mat4(.17,.20,-.25,.18,-.14,.24,-.15,-.14,.02,.13,-.21,.01,.21,.00,.15,-.08)*f1_10+
    mat4(-.08,.11,.01,-.01,.08,.25,-.12,.28,.04,-.13,.04,.10,.11,-.08,-.24,-.31)*f1_11+
    mat4(.01,.24,.09,.24,-.04,-.10,-.00,.22,-.12,-.15,.11,-.02,.26,-.23,-.08,-.24)*f1_12+
    mat4(-.08,-.17,-.01,.29,-.13,-.07,-.10,.06,.07,-.00,.30,-.14,-.03,-.04,-.06,-.12)*f1_13+
    mat4(-.11,-.18,-.20,-.23,.15,-.33,-.26,.33,-.17,.06,-.26,.27,-.19,.28,.22,-.29)*f1_14+
    mat4(-.02,-.08,.16,.26,.36,.27,.13,.08,-.16,-.26,-.22,.11,-.20,.20,-.13,-.06)*f1_15+
    vec4(-1.00,.30,1.52,1.25))/1.4+f1_11;
vec4 f2_12=sin(mat4(.31,-.18,.01,.27,.24,.13,.24,.25,.02,.00,-.12,-.18,.22,-.07,.14,-.06)*f1_0+
    mat4(-.15,-.06,.14,-.01,-.17,-.30,.16,.12,-.10,.05,-.26,-.04,-.21,-.07,-.23,-.19)*f1_1+
    mat4(-.22,.12,.31,-.01,-.17,.03,.17,-.05,.18,-.12,.29,.24,-.10,.03,-.30,-.25)*f1_2+
    mat4(-.12,.34,-.21,-.24,-.03,.03,-.02,.21,.28,-.23,.01,.12,-.23,-.08,-.13,.05)*f1_3+
    mat4(-.08,-.24,-.22,.24,-.09,-.05,-.12,-.27,.30,.24,.10,-.06,.24,-.20,.06,.08)*f1_4+
    mat4(.16,.19,.08,.14,.11,-.26,.05,-.06,.22,-.30,.08,.21,-.18,.02,.26,-.17)*f1_5+
    mat4(.06,-.21,.27,.26,-.08,-.27,-.08,.02,.14,.18,.21,.14,-.13,-.24,.01,-.23)*f1_6+
    mat4(-.09,-.21,.12,.09,.08,-.00,-.12,-.15,-.09,.15,.30,-.21,.10,-.19,.16,.05)*f1_7+
    mat4(-.18,.30,.10,.27,.17,.09,.05,.22,-.14,-.03,.03,-.12,.26,-.20,-.13,-.15)*f1_8+
    mat4(-.12,.09,-.01,.09,.22,-.11,-.20,-.21,-.03,-.12,.20,-.03,.22,.24,.08,.08)*f1_9+
    mat4(-.05,-.28,.12,.05,-.20,-.28,-.22,-.13,-.06,-.14,.06,.12,-.12,.04,.14,.11)*f1_10+
    mat4(.19,.08,-.20,.29,-.27,.12,.05,-.13,-.32,.25,.18,-.05,-.01,-.14,-.30,-.23)*f1_11+
    mat4(-.15,.18,-.23,-.16,.30,-.26,.18,.09,.24,.10,-.05,.25,-.25,-.12,.28,-.24)*f1_12+
    mat4(.19,-.27,-.22,.25,-.27,.19,.05,.00,-.05,.31,-.29,.28,.20,-.10,-.21,-.26)*f1_13+
    mat4(-.16,.02,-.21,.12,-.02,-.14,.29,-.21,-.05,.06,-.25,-.27,-.01,-.10,-.12,-.22)*f1_14+
    mat4(.22,-.20,-.12,-.18,.05,.20,.07,.05,.05,-.02,.13,-.04,-.18,.07,.10,.16)*f1_15+
    vec4(1.84,1.79,.60,.40))/1.4+f1_12;
vec4 f2_13=sin(mat4(-.25,.17,-.16,.02,-.08,.01,.10,-.10,-.04,-.10,-.10,-.02,-.23,-.24,-.23,-.04)*f1_0+
    mat4(.01,.02,-.22,-.16,.12,.17,.17,-.29,-.15,.04,-.05,-.19,.20,-.02,-.12,.03)*f1_1+
    mat4(.16,.09,-.21,-.31,.28,-.14,.16,-.05,.01,-.09,-.10,.11,.07,-.13,.16,-.01)*f1_2+
    mat4(-.20,-.04,-.12,-.04,.33,-.05,.33,.08,-.29,.24,-.14,.21,-.00,-.07,.23,.07)*f1_3+
    mat4(-.26,-.10,-.16,.10,-.20,-.25,.26,-.23,-.04,-.05,.13,-.21,.12,-.01,.10,-.12)*f1_4+
    mat4(-.18,-.10,-.15,.03,-.30,-.10,.26,-.31,.13,.13,-.22,-.02,.08,-.10,.16,-.04)*f1_5+
    mat4(.02,-.08,-.18,-.13,-.20,-.00,.16,.01,.26,.19,.14,.03,.21,.03,.07,.09)*f1_6+
    mat4(.10,.14,.06,.25,-.10,-.26,-.24,.04,-.04,.11,.11,.26,.21,.16,-.02,-.02)*f1_7+
    mat4(-.26,-.35,-.19,.01,-.28,-.25,-.24,.25,.06,.02,.10,.31,-.26,-.02,.19,.21)*f1_8+
    mat4(-.28,.05,.27,-.29,.22,.17,.11,.29,.23,.10,.15,.10,-.30,-.17,-.10,.25)*f1_9+
    mat4(.19,-.27,-.04,.23,-.29,.21,.14,-.25,.26,-.07,-.16,.25,-.09,.26,-.19,-.22)*f1_10+
    mat4(-.12,.23,-.05,-.25,.22,-.18,.13,.02,.11,-.04,.00,.03,.11,-.11,.02,-.20)*f1_11+
    mat4(-.08,-.22,-.22,-.01,-.06,-.30,-.30,.17,-.19,-.11,-.07,.03,-.10,-.04,-.24,-.18)*f1_12+
    mat4(-.25,.06,-.19,-.30,.24,-.10,.06,.15,-.05,-.13,.14,-.10,.18,-.14,-.16,-.12)*f1_13+
    mat4(-.01,.18,.16,-.01,.03,-.13,-.08,-.18,-.25,.02,-.26,.24,-.13,-.24,-.18,.29)*f1_14+
    mat4(-.21,-.11,.19,.05,.26,.03,.08,.17,.07,.05,.11,.07,.29,-.03,.05,-.03)*f1_15+
    vec4(-1.35,-1.08,1.37,.09))/1.4+f1_13;
vec4 f2_14=sin(mat4(-.07,-.22,.24,-.25,.23,.31,.20,-.19,.03,-.28,-.22,-.28,-.11,-.06,-.10,-.22)*f1_0+
    mat4(-.21,-.15,-.18,.04,-.00,-.32,.30,.08,.24,-.11,-.19,.04,-.04,.15,.06,.21)*f1_1+
    mat4(-.11,-.10,-.22,-.01,-.27,.08,-.21,-.21,-.26,.04,-.25,-.07,.21,.37,.28,.18)*f1_2+
    mat4(-.09,.32,.00,-.04,.16,.28,.26,.15,-.10,-.13,.05,-.18,.15,-.01,.08,.28)*f1_3+
    mat4(.19,.15,-.23,-.27,.24,-.10,-.09,.18,-.02,.13,-.22,-.02,-.21,.22,-.04,-.05)*f1_4+
    mat4(.04,.08,.03,.10,-.23,-.31,.02,-.23,.01,.05,-.26,.04,-.08,.20,.19,.23)*f1_5+
    mat4(.17,.04,-.10,-.13,.28,.19,.07,-.30,.08,.19,-.04,-.05,-.18,-.15,.09,-.03)*f1_6+
    mat4(-.00,.22,-.17,-.18,.01,-.02,-.19,-.15,-.04,.24,.19,-.05,-.05,.01,-.07,-.07)*f1_7+
    mat4(-.26,.08,-.17,-.31,-.01,-.02,.13,.15,.12,.17,-.20,.19,.09,-.10,.12,-.17)*f1_8+
    mat4(-.15,-.18,-.02,.25,.01,-.12,.26,.06,.18,.20,.20,-.19,-.20,.17,.13,.11)*f1_9+
    mat4(.03,-.02,.28,-.24,-.20,-.27,-.21,.24,.30,.05,.17,.15,.05,-.30,.20,.07)*f1_10+
    mat4(.19,-.07,-.10,.14,.05,.09,-.29,.08,-.04,-.10,-.27,.26,-.29,.19,.09,-.13)*f1_11+
    mat4(.05,.30,-.13,-.21,-.25,.05,.25,.17,-.23,-.14,.16,-.19,.18,.12,.11,-.30)*f1_12+
    mat4(.23,.35,-.18,-.23,.01,.19,-.15,.21,.11,-.03,.24,.06,.28,-.12,.28,.27)*f1_13+
    mat4(-.06,.20,.19,.02,-.10,-.06,-.17,-.07,.18,-.25,-.33,-.15,.14,.18,.12,.12)*f1_14+
    mat4(.27,.31,-.02,.26,-.21,-.24,-.05,-.12,-.14,.01,-.16,-.04,-.15,-.10,.13,-.17)*f1_15+
    vec4(1.39,-1.67,.76,-1.17))/1.4+f1_14;
vec4 f2_15=sin(mat4(-.20,.19,.17,.13,-.08,-.05,-.17,-.11,-.03,.22,-.19,.23,.10,-.12,.10,.05)*f1_0+
    mat4(.29,.02,-.13,.14,.18,-.19,.13,-.14,.00,.13,-.05,-.10,-.17,.05,-.14,.21)*f1_1+
    mat4(.18,-.12,.12,.21,-.05,.07,.16,-.04,-.05,-.29,-.29,.17,-.18,.06,.08,-.14)*f1_2+
    mat4(-.30,-.03,.16,-.18,-.27,.24,.06,-.04,.12,-.27,-.19,-.06,-.33,-.09,-.03,.28)*f1_3+
    mat4(.14,.23,.26,-.26,.23,-.15,-.15,.26,-.12,-.22,.04,-.06,-.18,-.02,.23,.23)*f1_4+
    mat4(-.09,-.29,-.25,.12,-.06,-.14,.27,-.31,-.20,-.30,-.25,-.09,.22,.16,-.08,-.07)*f1_5+
    mat4(-.21,-.11,-.18,-.06,-.23,.23,-.18,-.27,-.19,-.07,-.16,-.14,-.00,-.13,-.09,.13)*f1_6+
    mat4(.02,.23,.16,-.18,.19,-.12,-.06,-.08,-.31,.16,.11,-.08,.06,-.22,-.06,.19)*f1_7+
    mat4(-.03,-.17,-.17,.18,.10,-.21,.12,-.09,-.15,-.05,-.20,.31,-.15,-.25,-.10,-.01)*f1_8+
    mat4(.11,-.26,-.09,.30,.12,-.21,-.12,.10,.20,.06,.12,.16,.16,-.21,-.20,-.01)*f1_9+
    mat4(.15,.28,-.18,-.10,-.11,.21,-.13,.17,-.28,.25,.13,.09,-.22,-.10,.26,.04)*f1_10+
    mat4(-.13,-.21,-.06,-.13,.19,-.02,.13,.12,.01,.25,-.28,-.15,-.00,-.19,-.25,-.04)*f1_11+
    mat4(-.16,.20,.17,-.35,-.02,.14,.24,-.13,.07,.02,-.23,.11,.12,-.12,-.11,-.16)*f1_12+
    mat4(-.14,.05,-.18,.05,-.13,-.15,.07,.25,.05,.06,.06,-.17,.29,-.17,.12,-.27)*f1_13+
    mat4(-.21,.34,.06,.18,.16,.20,-.13,.21,.03,.06,-.27,.06,.02,.00,.09,.24)*f1_14+
    mat4(-.18,.31,-.07,-.16,.24,.19,.13,.19,.16,-.02,.24,-.30,-.00,.30,-.24,-.22)*f1_15+
    vec4(1.52,-.09,-.32,-.20))/1.4+f1_15;
vec4 f3_0=sin(mat4(.18,.11,-.27,-.21,-.15,-.25,.04,.16,.20,.23,-.26,-.18,.26,.15,-.07,.19)*f2_0+
    mat4(-.13,-.11,-.10,-.03,.09,-.11,-.16,.16,.27,-.27,-.11,-.17,-.16,.09,-.19,.01)*f2_1+
    mat4(-.06,-.24,-.24,.02,.12,-.27,-.12,.18,.03,-.08,.01,-.11,.21,-.25,-.15,.09)*f2_2+
    mat4(.03,-.06,-.13,.31,.18,.28,-.06,-.19,.04,-.09,-.13,.02,-.03,-.29,-.12,-.05)*f2_3+
    mat4(-.27,-.19,-.03,.28,-.09,.07,.14,-.15,-.06,.08,-.01,-.22,-.13,-.14,.26,.09)*f2_4+
    mat4(-.02,-.20,.11,.22,.18,-.18,.08,.31,-.06,-.10,-.22,-.19,-.15,-.06,-.27,-.20)*f2_5+
    mat4(.28,-.01,-.25,-.04,-.07,-.24,-.24,-.12,-.23,.19,-.07,.26,.23,-.28,.34,.21)*f2_6+
    mat4(-.15,.13,.19,-.07,-.06,.10,-.03,.13,-.04,-.04,-.21,.11,.20,-.12,.25,-.24)*f2_7+
    mat4(.24,.08,-.13,-.01,-.22,.28,.01,-.14,.10,-.26,-.09,-.22,.10,-.23,.03,-.21)*f2_8+
    mat4(.28,.10,-.12,.12,-.05,-.12,.08,-.30,.19,.01,-.30,.06,.10,.26,.06,-.01)*f2_9+
    mat4(.01,.35,.07,-.04,-.06,-.09,.24,.00,-.22,.27,.18,.22,-.18,.30,-.19,.01)*f2_10+
    mat4(.20,.07,.15,-.31,.02,-.05,.09,.18,-.05,-.15,.24,-.10,-.08,-.15,-.24,-.22)*f2_11+
    mat4(.12,-.21,.09,.24,.01,-.01,.21,.10,-.16,-.12,.16,.22,-.27,.10,-.19,-.31)*f2_12+
    mat4(.08,-.28,-.13,.11,-.05,-.14,.02,-.04,-.13,-.09,.14,-.11,-.10,-.07,.30,.31)*f2_13+
    mat4(-.05,.17,-.06,.01,.17,.19,-.21,-.01,-.05,.16,-.21,-.35,-.21,.16,.39,.13)*f2_14+
    mat4(-.03,.14,-.05,-.05,.27,-.22,-.03,.06,.04,-.18,.08,-.27,-.23,.00,-.03,-.07)*f2_15+
    vec4(1.59,1.00,.35,.36))/1.7+f2_0;
vec4 f3_1=sin(mat4(.10,.11,-.08,-.18,.13,-.05,-.12,.04,.19,-.14,-.01,-.26,-.05,.22,.01,-.04)*f2_0+
    mat4(-.23,.21,-.08,-.07,.10,.09,-.27,-.24,-.29,-.04,-.17,.24,.04,.02,-.02,.07)*f2_1+
    mat4(.14,-.08,-.00,-.14,-.27,-.27,-.04,.28,-.04,.09,-.27,-.04,.16,.08,.26,-.20)*f2_2+
    mat4(.10,-.25,-.24,.14,-.23,-.18,-.06,-.12,.25,-.14,.08,-.02,.01,.25,-.30,-.30)*f2_3+
    mat4(.29,.14,.01,-.08,.17,.07,.28,-.22,.01,-.08,-.01,.05,.02,.25,-.13,-.26)*f2_4+
    mat4(.15,-.06,.04,.03,.26,.07,.04,.16,.16,-.06,-.30,-.06,-.04,-.06,-.18,-.04)*f2_5+
    mat4(.20,.11,.24,-.24,-.05,.00,.25,.28,.07,.23,-.09,.09,-.04,.26,-.17,.21)*f2_6+
    mat4(-.05,-.26,-.10,.14,-.28,.12,.18,-.18,.17,-.26,.21,.24,-.19,-.04,-.01,.02)*f2_7+
    mat4(-.08,.06,.15,.23,-.21,.00,.09,.07,.12,.18,-.22,-.08,.03,.05,-.04,.10)*f2_8+
    mat4(.15,-.13,-.00,.06,.10,-.21,-.25,-.25,.26,-.05,-.26,.18,-.10,.27,-.04,-.17)*f2_9+
    mat4(-.18,.08,-.22,.19,.22,.22,-.14,-.17,.16,-.21,-.04,.14,-.29,-.08,-.02,-.21)*f2_10+
    mat4(.00,.11,-.20,-.00,.05,-.10,.10,.02,.06,.25,-.01,-.03,-.23,-.22,-.03,-.04)*f2_11+
    mat4(-.16,-.20,.24,-.19,.10,.21,.27,.26,.04,.05,-.08,.09,.07,-.06,-.24,.01)*f2_12+
    mat4(-.00,.13,.13,-.22,-.03,.30,-.28,-.13,.06,.12,-.24,-.27,-.27,.09,.25,.09)*f2_13+
    mat4(.18,.30,-.32,-.02,-.26,.22,-.20,-.09,.15,-.10,-.18,-.03,-.23,-.14,.07,-.30)*f2_14+
    mat4(-.09,.27,.27,-.20,.25,.27,.24,-.21,.16,.12,-.15,.08,.03,-.18,-.07,.10)*f2_15+
    vec4(.86,.77,1.88,-.27))/1.7+f2_1;
vec4 f3_2=sin(mat4(-.24,.16,.11,.06,.32,-.05,-.10,-.24,-.32,.21,.11,-.07,-.26,-.22,.11,.23)*f2_0+
    mat4(.27,.20,-.14,-.16,-.20,.05,-.25,-.19,.20,.15,.01,-.18,-.16,.05,.05,.04)*f2_1+
    mat4(.10,-.29,.28,-.30,.00,-.12,-.11,-.19,-.04,-.06,.22,.08,.02,-.21,-.33,-.15)*f2_2+
    mat4(-.12,-.18,.02,-.08,.03,.21,-.08,-.19,-.20,.04,-.04,.24,-.12,-.11,.04,-.16)*f2_3+
    mat4(.02,.14,.00,.19,-.04,-.01,-.11,.15,.07,.23,-.18,-.04,.15,-.21,.05,-.08)*f2_4+
    mat4(-.17,.07,.09,-.21,.16,.15,-.03,.23,-.32,-.24,.12,.18,-.28,-.08,-.19,.03)*f2_5+
    mat4(.19,-.22,-.06,.13,.26,.01,-.01,.02,-.04,.03,-.10,-.15,-.04,.07,.26,.18)*f2_6+
    mat4(.04,.20,.04,.08,.11,-.18,-.28,.28,-.12,.03,.07,.30,-.08,-.13,.15,.18)*f2_7+
    mat4(.32,.33,.04,-.25,.01,.05,-.16,-.14,-.11,.25,-.08,-.12,-.25,.12,.17,-.23)*f2_8+
    mat4(.05,.04,-.29,-.19,.07,.18,.29,-.29,.25,-.09,.20,-.17,-.19,.06,-.28,.15)*f2_9+
    mat4(.21,-.11,-.15,-.25,-.25,-.25,-.04,-.13,.12,.22,-.21,-.03,-.17,-.07,.15,.26)*f2_10+
    mat4(.12,-.00,-.24,.05,.19,-.18,.21,.06,-.03,-.03,.03,-.06,.17,-.26,-.15,-.20)*f2_11+
    mat4(-.22,-.13,-.25,-.23,-.13,.22,.21,-.14,-.05,.10,-.23,.04,.07,.19,-.07,-.16)*f2_12+
    mat4(.08,-.05,.31,.19,.09,.26,-.00,.09,.08,-.32,.28,.01,-.02,-.31,-.28,.01)*f2_13+
    mat4(-.20,-.22,.05,.28,-.10,.13,.09,.27,.22,-.25,.03,-.12,.22,.21,.24,-.30)*f2_14+
    mat4(.13,-.04,-.00,-.11,-.11,.17,.01,-.18,-.28,-.03,.11,-.02,.33,-.13,-.26,-.28)*f2_15+
    vec4(1.17,-.05,1.32,.89))/1.7+f2_2;
vec4 f3_3=sin(mat4(.09,-.07,.21,.23,-.00,-.13,-.22,.18,-.22,-.15,-.25,.14,.22,-.14,-.19,-.22)*f2_0+
    mat4(-.09,.20,-.22,.25,-.01,-.10,.08,-.16,-.23,-.05,-.14,-.06,.22,-.30,-.25,.04)*f2_1+
    mat4(-.24,-.07,.24,.26,.32,.25,-.12,.10,-.06,.28,.14,-.00,.18,.22,.18,.16)*f2_2+
    mat4(.19,-.06,.27,-.20,-.09,-.22,-.19,.02,-.25,.29,.00,-.24,-.28,-.21,-.10,.25)*f2_3+
    mat4(-.08,-.10,-.00,-.07,.05,.15,-.10,-.01,-.14,.13,-.11,-.28,-.11,-.05,.06,.08)*f2_4+
    mat4(-.10,-.27,.02,.25,-.19,.21,-.07,-.05,.29,-.17,-.27,-.13,-.05,.18,.26,-.24)*f2_5+
    mat4(.05,.14,-.33,-.23,-.00,-.03,-.08,.08,-.13,.16,.24,-.04,-.17,.32,.18,-.17)*f2_6+
    mat4(.23,-.05,-.27,.32,-.02,-.23,-.23,-.34,.22,.26,-.07,-.16,-.06,-.23,.08,.00)*f2_7+
    mat4(.10,-.30,.15,-.15,.04,-.13,.15,-.25,.17,.14,-.09,.17,-.07,.06,.27,-.12)*f2_8+
    mat4(-.21,-.03,.03,-.23,-.20,-.34,.04,-.01,.25,-.26,.06,.10,.15,.01,-.20,-.15)*f2_9+
    mat4(-.30,.25,-.28,-.04,.35,.27,-.26,-.20,-.23,-.07,.08,-.30,.28,.17,.03,-.21)*f2_10+
    mat4(.15,-.20,.18,.16,.14,.01,.34,.17,.29,-.21,.22,-.27,-.14,.28,.20,.17)*f2_11+
    mat4(-.03,-.27,.26,-.13,.20,-.14,-.22,.06,.16,-.09,-.10,-.04,.13,.19,-.22,-.01)*f2_12+
    mat4(-.07,.03,.28,.27,-.00,.15,.31,-.08,.25,-.18,.06,.01,.04,.13,-.21,-.13)*f2_13+
    mat4(.16,.05,.01,-.25,-.25,.32,-.01,.23,.07,.19,.03,-.01,.03,-.28,-.21,-.02)*f2_14+
    mat4(.01,-.23,.25,.18,.16,-.01,.11,.22,-.16,.01,-.23,-.03,.04,.12,-.22,.27)*f2_15+
    vec4(-1.06,-1.89,1.19,-.72))/1.7+f2_3;
vec4 f3_4=sin(mat4(-.22,-.01,.28,.01,.27,-.02,-.25,.02,-.15,.17,-.08,.08,.05,.28,.13,-.20)*f2_0+
    mat4(-.10,.28,-.20,-.04,.20,-.31,.26,-.31,.28,-.28,.02,-.00,-.12,-.29,-.14,.02)*f2_1+
    mat4(.21,.11,-.29,.08,.06,-.08,-.08,.06,-.21,-.08,.32,.23,-.03,-.11,.23,.12)*f2_2+
    mat4(-.13,.07,-.36,-.04,.13,.23,.02,-.27,-.19,-.06,-.20,-.30,.18,.18,.09,.17)*f2_3+
    mat4(-.06,.12,-.07,.15,-.17,-.11,.18,-.10,.15,.12,.11,.17,.14,-.18,-.17,-.12)*f2_4+
    mat4(.20,.24,-.22,-.22,.00,.12,.07,-.20,.06,.14,-.15,.10,-.22,-.20,.09,.23)*f2_5+
    mat4(-.05,-.07,.30,.14,.19,.19,.04,-.20,.28,-.02,.12,.01,-.09,.29,-.23,-.01)*f2_6+
    mat4(.23,-.02,.11,.21,.26,.26,.16,-.02,.24,-.28,-.08,-.25,-.15,-.07,.08,.08)*f2_7+
    mat4(-.09,-.10,.27,.29,-.23,.21,.29,.00,-.00,.06,.09,-.17,-.11,-.03,.30,.23)*f2_8+
    mat4(-.04,-.17,.12,.07,.12,.14,-.04,-.09,.04,-.14,.25,.29,-.22,-.27,-.05,-.17)*f2_9+
    mat4(.05,.24,.11,.09,-.02,-.02,-.16,.09,.06,.18,.22,.18,.13,-.31,.03,-.08)*f2_10+
    mat4(-.15,.08,-.23,-.16,-.20,.16,-.33,-.04,-.05,-.01,.22,-.08,-.23,.29,-.05,.26)*f2_11+
    mat4(.27,-.17,-.22,.12,.09,-.18,-.09,-.00,-.15,.18,.07,.20,-.26,.12,-.28,-.23)*f2_12+
    mat4(.13,-.03,.11,-.05,.26,.16,.21,.01,-.22,.06,.04,-.11,.13,-.05,.00,-.07)*f2_13+
    mat4(.24,-.00,.08,.33,-.11,.21,-.06,.05,-.47,-.08,.20,.17,.04,-.32,.14,-.04)*f2_14+
    mat4(.19,-.07,.18,-.11,-.10,.08,-.22,-.04,.24,.13,-.05,-.13,.20,-.27,.18,-.01)*f2_15+
    vec4(-.70,.51,-1.20,1.66))/1.7+f2_4;
vec4 f3_5=sin(mat4(-.27,-.00,.05,.18,-.07,.32,.08,-.33,-.01,-.17,.15,.08,.25,-.06,-.07,-.06)*f2_0+
    mat4(-.23,-.04,.04,.09,.25,.13,.17,.04,-.14,.26,-.21,.12,-.13,.02,.12,-.06)*f2_1+
    mat4(.03,.20,.02,-.33,-.13,-.01,-.09,.05,-.04,-.13,-.18,-.01,.04,.30,-.21,.18)*f2_2+
    mat4(.16,.01,-.10,-.26,-.18,.02,.13,-.20,-.17,.22,.01,.31,.01,.04,-.21,-.01)*f2_3+
    mat4(.09,.15,.20,.15,.15,.24,.28,-.11,.02,.21,.15,-.25,.12,.15,.09,-.23)*f2_4+
    mat4(.16,.23,.08,-.16,.13,.12,-.09,-.16,.21,-.15,-.04,.15,-.02,-.23,-.06,-.18)*f2_5+
    mat4(.27,-.04,-.08,.05,.29,.04,.28,.26,-.28,.26,-.24,-.19,.04,-.14,.06,-.26)*f2_6+
    mat4(-.07,-.24,-.15,.16,.19,-.24,.16,.30,-.20,-.06,.14,-.22,-.15,-.09,.22,.16)*f2_7+
    mat4(.12,.05,-.15,-.11,.25,.10,.18,.09,.07,.21,.17,.28,-.10,-.24,.06,.00)*f2_8+
    mat4(.03,.09,.24,-.09,-.09,-.19,-.12,-.09,-.04,-.21,-.32,.10,-.30,.13,.24,.06)*f2_9+
    mat4(-.24,.19,.27,.27,-.19,.19,.02,-.17,-.11,.04,-.22,-.04,-.20,.28,-.00,-.11)*f2_10+
    mat4(.19,.28,-.13,-.06,.23,-.04,-.19,.00,-.31,.38,.13,-.02,.05,-.19,.22,-.27)*f2_11+
    mat4(.08,.03,.10,-.15,-.20,.34,.10,-.06,-.03,.22,-.22,.20,-.22,.31,.04,-.29)*f2_12+
    mat4(.30,.22,-.23,-.20,.07,-.09,.27,-.19,.01,.07,-.18,.11,.20,-.05,.22,.22)*f2_13+
    mat4(-.24,-.15,.20,.03,-.05,-.29,.23,.08,.21,-.20,-.27,.07,-.28,-.26,-.17,-.14)*f2_14+
    mat4(.12,-.27,-.32,.01,-.00,.13,-.19,-.19,-.02,.01,-.07,.14,.02,-.22,-.27,-.25)*f2_15+
    vec4(.29,1.02,-.82,.17))/1.7+f2_5;
vec4 f3_6=sin(mat4(-.23,-.22,-.01,.23,-.03,.22,-.07,-.09,-.24,.28,-.25,-.31,.13,.12,.27,-.06)*f2_0+
    mat4(.16,.23,.18,-.06,.19,-.27,.04,.10,.18,-.24,.08,-.29,.08,.23,.10,.18)*f2_1+
    mat4(.23,-.09,-.30,-.17,.24,.14,.03,-.11,.22,-.08,.19,-.01,.22,.29,-.05,.10)*f2_2+
    mat4(-.03,.05,-.18,-.20,.17,.29,.27,-.22,.20,.02,-.02,.15,.23,.18,-.02,-.12)*f2_3+
    mat4(-.02,.00,.20,-.08,.11,.24,.21,-.14,.29,.22,-.19,.12,.21,-.05,.14,.06)*f2_4+
    mat4(-.02,-.12,-.04,.11,-.11,-.26,.06,.21,.01,.04,.04,-.04,-.14,.22,.21,.29)*f2_5+
    mat4(.06,.29,.23,-.02,-.14,.12,.08,.21,-.01,.08,-.27,.14,.05,-.11,.07,-.02)*f2_6+
    mat4(.14,-.30,.08,.14,-.05,.24,-.31,.02,.25,.05,-.16,.18,.25,-.13,.15,-.14)*f2_7+
    mat4(.20,.23,-.02,-.10,-.16,.08,-.29,-.15,.18,-.19,-.15,-.28,-.23,.08,.27,-.11)*f2_8+
    mat4(-.15,.11,-.11,.19,-.15,-.09,-.12,-.12,-.15,-.20,.20,-.02,.23,-.19,-.16,.15)*f2_9+
    mat4(-.04,.08,-.06,-.11,-.24,-.31,.10,-.20,-.12,.03,.24,.14,.25,.22,.03,-.19)*f2_10+
    mat4(.23,-.09,.20,-.27,-.03,-.17,-.07,-.28,-.19,-.27,-.35,.09,.17,-.28,-.06,.14)*f2_11+
    mat4(-.05,.21,.13,-.17,.05,-.14,.01,-.06,.13,-.20,-.04,-.08,-.25,.18,.15,.24)*f2_12+
    mat4(-.12,.09,.09,.01,-.25,.02,.03,-.05,-.15,-.23,.06,.26,.21,-.31,.11,.17)*f2_13+
    mat4(-.09,.21,-.10,-.13,-.21,.16,.17,-.01,.05,-.33,-.25,.05,.33,-.34,-.24,-.21)*f2_14+
    mat4(.25,.02,-.12,-.29,-.06,-.23,-.23,-.11,-.17,.27,.18,.23,-.04,-.07,.10,.15)*f2_15+
    vec4(1.74,-.38,1.27,-.55))/1.7+f2_6;
vec4 f3_7=sin(mat4(-.05,.21,.18,.16,.18,-.10,.30,.01,.14,-.03,-.03,-.16,-.30,.07,-.12,.21)*f2_0+
    mat4(-.01,-.01,.12,.11,.15,.30,-.06,-.04,-.33,.11,.15,-.12,-.26,-.12,.17,.08)*f2_1+
    mat4(.22,-.18,-.05,-.23,-.05,-.12,.23,-.28,.13,.13,-.26,-.02,-.32,.16,.14,-.18)*f2_2+
    mat4(.18,.16,-.25,-.22,-.09,-.28,-.16,.30,-.15,.21,.17,-.01,-.13,-.22,.32,-.04)*f2_3+
    mat4(.23,-.03,.25,-.24,.20,-.21,.08,-.23,-.13,.11,-.21,.01,-.32,-.13,-.08,-.19)*f2_4+
    mat4(.25,.26,.21,.27,.05,.22,.00,-.29,-.08,.29,-.06,.06,.16,-.29,-.17,-.11)*f2_5+
    mat4(.01,-.21,.29,-.09,-.29,.03,.21,-.12,-.19,.28,.31,-.14,-.06,-.06,-.31,-.21)*f2_6+
    mat4(-.08,-.05,.17,-.07,.14,.15,-.17,-.31,.04,-.25,-.27,-.09,.00,.14,.30,.31)*f2_7+
    mat4(-.06,-.24,-.24,-.33,-.01,-.10,-.12,.29,.22,.22,-.05,-.17,-.19,-.24,.25,-.25)*f2_8+
    mat4(-.23,-.05,-.02,-.16,.28,-.27,-.21,.37,.17,-.17,.02,.31,-.08,-.10,.21,.21)*f2_9+
    mat4(.10,-.00,.21,-.21,.03,-.07,-.28,.02,.06,.04,-.08,.16,.05,.17,.24,-.35)*f2_10+
    mat4(.00,-.02,.13,.05,.22,.06,-.11,-.16,-.13,.17,.09,.21,.28,.04,.22,-.21)*f2_11+
    mat4(-.21,.03,.21,-.26,.20,-.18,-.21,.10,-.17,.08,-.04,-.20,.13,.23,-.23,.29)*f2_12+
    mat4(-.12,.09,-.08,-.14,-.10,-.14,.18,-.20,.16,.24,.28,-.12,.03,.19,-.04,-.13)*f2_13+
    mat4(.15,-.22,.26,.04,.11,-.08,-.22,.23,-.19,.21,.09,-.03,-.04,.25,.08,-.09)*f2_14+
    mat4(-.23,-.19,.10,.01,.21,.02,.03,-.03,-.29,-.10,-.24,.24,-.11,-.22,.30,-.22)*f2_15+
    vec4(-.19,-.74,1.35,-.91))/1.7+f2_7;
vec4 f3_8=sin(mat4(-.16,-.03,.00,-.12,-.18,.10,-.21,-.25,.04,-.19,-.30,-.19,-.18,.17,.16,-.20)*f2_0+
    mat4(.27,-.21,.21,-.26,.17,.07,-.28,-.05,.30,.13,.05,-.32,-.14,.27,-.29,.02)*f2_1+
    mat4(-.10,-.18,.17,-.00,.06,.27,.07,-.26,.00,.30,-.25,.16,.25,.26,-.07,.25)*f2_2+
    mat4(.22,-.22,.00,.01,.11,-.25,.07,.27,.07,.09,-.21,-.27,-.29,.17,-.05,-.11)*f2_3+
    mat4(.07,-.14,.07,.10,.28,-.09,.00,.01,.19,.13,.00,.08,.24,-.01,.05,.09)*f2_4+
    mat4(-.07,.04,.34,-.20,.18,-.10,.21,.15,-.16,-.15,.08,.23,.18,.26,-.27,.10)*f2_5+
    mat4(.00,.05,.26,.05,-.06,-.02,-.12,-.15,.21,-.19,.20,.22,.24,.14,-.09,.22)*f2_6+
    mat4(-.10,.10,-.38,.03,.07,-.12,.24,-.10,.06,.27,-.29,-.11,-.11,-.15,-.21,.04)*f2_7+
    mat4(-.03,-.02,.13,-.07,.00,.22,.00,.00,.21,.03,.09,-.06,-.02,-.27,.25,-.22)*f2_8+
    mat4(.23,-.14,.20,.14,-.22,.23,.14,.25,.19,.17,.32,.18,.02,.01,.09,.21)*f2_9+
    mat4(.10,.30,-.16,-.08,-.09,.12,-.24,.06,-.03,.06,-.24,.15,.20,.28,.29,-.30)*f2_10+
    mat4(.02,-.18,-.03,-.28,-.01,-.29,.18,-.26,.11,.10,.22,-.21,.29,-.22,-.11,-.04)*f2_11+
    mat4(.09,-.16,-.27,.10,-.17,.16,-.29,.18,-.06,-.02,.13,-.05,-.15,-.21,.22,.19)*f2_12+
    mat4(-.17,.01,.25,.22,.23,.13,-.28,.10,.17,.03,.19,.09,.04,.27,.25,-.21)*f2_13+
    mat4(.12,-.29,.19,.01,-.24,.27,.17,-.26,.09,.17,.08,.15,-.05,.27,.30,-.08)*f2_14+
    mat4(.01,-.01,.28,-.17,-.15,-.22,.09,.10,.11,-.15,-.16,-.19,.24,.07,.15,-.19)*f2_15+
    vec4(-1.58,-.01,-1.43,1.01))/1.7+f2_8;
vec4 f3_9=sin(mat4(-.10,-.09,-.08,-.25,-.08,-.13,.13,.01,-.21,.05,-.15,-.01,.08,.24,.16,-.24)*f2_0+
    mat4(-.17,.00,.11,-.29,-.04,-.30,.01,-.12,-.22,-.14,-.02,-.28,-.05,-.14,-.20,-.27)*f2_1+
    mat4(-.19,-.24,.28,.02,-.15,-.24,.12,.22,.22,.14,-.05,.18,-.19,-.03,.20,-.11)*f2_2+
    mat4(-.06,-.23,.21,-.19,-.16,.04,-.08,.28,-.12,-.07,.29,-.26,-.04,-.20,-.23,.18)*f2_3+
    mat4(-.30,.08,.04,.03,.26,-.27,-.10,-.06,-.15,-.02,-.02,.01,-.20,-.05,-.20,.15)*f2_4+
    mat4(-.17,-.01,.30,-.13,.05,-.11,-.35,.07,-.07,.03,-.08,-.05,-.02,-.17,.15,.20)*f2_5+
    mat4(-.00,.01,-.03,-.04,-.17,-.02,-.23,-.07,-.23,.06,.09,-.17,-.20,.04,-.08,.05)*f2_6+
    mat4(.10,-.23,-.23,-.30,-.39,.10,-.04,-.09,.17,-.05,-.32,.26,-.11,.21,.28,.13)*f2_7+
    mat4(-.07,-.08,-.16,.19,-.01,.10,.00,.21,.18,-.02,.30,.01,.02,.23,-.21,.30)*f2_8+
    mat4(-.15,.29,.19,.15,.28,-.17,-.15,-.22,.02,-.20,.17,-.08,.26,-.14,.30,.15)*f2_9+
    mat4(-.12,.18,.03,.25,-.13,-.19,.12,-.15,.18,.01,.23,.16,-.13,-.16,.09,-.04)*f2_10+
    mat4(.22,.05,.04,.26,-.25,-.03,.01,-.19,-.15,.22,.13,.08,-.09,-.06,.19,.09)*f2_11+
    mat4(-.23,-.20,.21,.23,-.11,.27,.01,.28,-.11,-.20,.13,-.16,-.24,-.17,-.22,.16)*f2_12+
    mat4(-.17,-.29,-.15,.15,-.25,-.22,.31,-.18,.18,.22,-.01,.29,.01,.28,.17,.13)*f2_13+
    mat4(-.12,-.11,-.02,-.01,.19,.12,-.23,.00,.08,.22,-.01,.03,-.06,-.29,.05,-.07)*f2_14+
    mat4(-.23,.13,-.17,.28,.22,-.11,-.23,-.28,-.01,.26,-.02,.27,.02,.22,-.02,-.12)*f2_15+
    vec4(-1.06,-1.23,.91,1.38))/1.7+f2_9;
vec4 f3_10=sin(mat4(-.07,-.27,.11,.09,-.05,.01,-.22,.18,-.20,.14,-.17,-.15,-.08,-.08,.17,.19)*f2_0+
    mat4(-.13,-.05,.11,-.27,.07,.34,-.27,.13,-.17,-.15,.14,.20,-.12,.17,-.09,-.20)*f2_1+
    mat4(.01,.15,-.01,.05,-.03,.00,.25,-.16,.20,.13,-.15,.16,-.17,.30,-.14,-.02)*f2_2+
    mat4(.00,-.28,.12,-.10,-.19,.23,-.05,-.27,-.05,.11,.14,.07,-.31,-.06,-.21,-.17)*f2_3+
    mat4(-.03,-.11,.03,-.05,.25,.28,-.18,.10,-.17,-.11,.20,.13,.19,-.29,.06,-.22)*f2_4+
    mat4(.30,-.12,-.12,.20,-.27,-.19,-.28,-.35,.28,-.14,.18,-.17,-.07,.09,.08,.15)*f2_5+
    mat4(.20,-.15,.19,-.12,.11,.13,-.23,-.14,-.03,-.31,.04,-.08,-.16,-.06,.05,-.18)*f2_6+
    mat4(-.21,-.09,.20,-.01,-.11,.03,.08,.23,.24,-.12,.28,.20,.20,-.12,.08,.32)*f2_7+
    mat4(-.16,-.07,.07,-.34,.01,.05,-.33,-.19,.27,.00,.15,.26,-.01,-.07,-.00,-.16)*f2_8+
    mat4(.34,-.30,-.27,-.09,-.12,-.05,.03,-.21,.14,.02,-.12,-.23,-.20,-.22,-.11,.21)*f2_9+
    mat4(.23,-.04,-.15,-.16,-.03,.16,-.28,.37,-.07,-.21,-.18,.08,.09,-.10,-.27,.18)*f2_10+
    mat4(.02,-.20,-.03,-.16,-.27,.32,.27,-.01,.23,.35,.26,.25,-.25,.19,.31,-.20)*f2_11+
    mat4(-.06,.05,.08,.14,-.06,-.22,-.10,.18,-.01,-.26,.13,-.17,-.13,.03,-.04,.16)*f2_12+
    mat4(.01,.30,-.12,.23,.07,-.24,.19,-.02,-.20,.15,.23,-.13,.13,-.12,-.06,-.19)*f2_13+
    mat4(.08,.32,-.24,.23,.16,.17,.16,.03,.29,.06,-.13,-.08,.21,-.06,-.21,-.18)*f2_14+
    mat4(.16,.06,.08,-.31,.19,.16,-.17,-.00,-.02,.22,.21,-.22,-.06,-.18,-.20,.11)*f2_15+
    vec4(1.17,1.40,.67,.80))/1.7+f2_10;
vec4 f3_11=sin(mat4(-.00,-.19,.06,-.01,.18,.01,.13,-.21,.15,.17,.16,-.01,-.06,.07,.15,.31)*f2_0+
    mat4(.09,-.18,-.01,.16,-.10,.27,.09,-.30,-.16,-.21,.23,-.01,.16,-.12,-.02,.11)*f2_1+
    mat4(.02,-.03,.01,-.06,-.16,-.23,-.06,-.18,-.04,-.02,.01,.31,.24,.16,-.04,-.25)*f2_2+
    mat4(-.11,.21,.29,.10,.21,.01,.31,-.05,.09,.16,-.25,.12,.14,-.06,-.24,.29)*f2_3+
    mat4(-.29,.21,.21,.13,.21,.34,-.14,-.05,.20,-.24,-.05,.21,-.07,-.21,-.28,-.18)*f2_4+
    mat4(-.12,.28,.24,.27,.10,.08,-.30,.18,.16,-.04,.13,.16,.09,.14,-.21,-.29)*f2_5+
    mat4(.23,.07,.22,-.10,.19,.18,.28,-.29,.05,.34,-.19,.31,.07,.03,-.30,.06)*f2_6+
    mat4(-.05,.05,.15,.14,-.16,-.14,.21,-.22,.29,-.28,-.09,.08,-.04,-.29,.03,-.27)*f2_7+
    mat4(-.13,.30,-.27,.35,.24,.23,.05,.16,-.03,.29,-.21,.22,-.09,.18,-.17,.17)*f2_8+
    mat4(-.25,.22,-.30,-.30,-.20,.08,.23,-.04,-.07,-.09,-.14,-.12,-.27,-.20,-.27,.14)*f2_9+
    mat4(-.10,.06,-.12,-.30,-.04,.10,.04,-.30,-.04,-.10,-.14,.23,.25,.05,-.30,-.06)*f2_10+
    mat4(.16,.18,.19,-.07,.15,.09,.23,.02,-.29,.13,.17,-.18,-.21,-.25,-.18,.17)*f2_11+
    mat4(.27,.10,-.04,-.22,.28,-.08,-.23,-.12,.25,.05,-.27,-.03,.18,-.02,.32,.01)*f2_12+
    mat4(-.16,-.00,.24,-.04,-.11,-.02,-.21,-.04,-.26,.29,-.15,.13,-.19,.26,.21,-.27)*f2_13+
    mat4(.26,-.05,-.04,-.19,-.04,.00,.20,-.28,.22,.16,-.16,.07,.05,-.15,-.01,-.06)*f2_14+
    mat4(.20,.29,-.22,.21,-.21,.02,.29,-.24,.30,-.04,-.17,.15,.24,-.15,.30,-.14)*f2_15+
    vec4(1.29,.65,1.35,.56))/1.7+f2_11;
vec4 f3_12=sin(mat4(-.22,-.03,.01,.25,-.25,.14,.20,-.18,-.01,-.17,.06,-.12,.19,.28,.17,.27)*f2_0+
    mat4(-.16,-.23,-.01,-.06,-.09,.01,-.18,.18,-.09,.19,-.00,.13,-.24,-.28,.08,.04)*f2_1+
    mat4(.27,.03,.09,.07,-.27,-.10,-.02,-.02,.08,.19,-.03,-.22,-.29,.10,-.13,-.04)*f2_2+
    mat4(-.11,.15,-.06,-.29,-.11,-.31,-.23,.07,.04,-.16,.29,-.07,-.13,-.29,-.18,.18)*f2_3+
    mat4(.25,-.28,.22,-.17,-.03,-.14,.26,.23,-.22,.08,-.30,-.28,.21,.19,-.19,.12)*f2_4+
    mat4(-.27,-.13,-.19,-.28,.16,-.10,.09,.27,-.22,-.11,.01,-.24,-.01,-.30,.04,-.04)*f2_5+
    mat4(-.32,.26,.01,.28,-.25,.02,-.23,.24,-.01,-.12,.02,.17,.10,.17,.26,-.03)*f2_6+
    mat4(-.13,-.06,-.20,.23,.29,.05,-.02,.03,-.30,-.29,-.05,-.18,.03,-.20,.18,.05)*f2_7+
    mat4(-.10,-.07,.15,.00,.01,-.11,-.19,-.18,-.29,.20,-.21,-.11,-.29,-.24,.19,.25)*f2_8+
    mat4(-.02,-.20,.26,.14,.18,-.09,.24,-.24,-.00,-.09,-.05,.23,.04,-.25,-.24,-.09)*f2_9+
    mat4(-.04,-.12,-.28,.07,.06,.11,.12,-.07,-.00,-.08,.28,-.15,.09,.05,-.17,.27)*f2_10+
    mat4(-.20,.08,.04,-.22,.06,.20,.03,.10,-.25,-.29,.02,-.11,.05,-.30,-.31,-.19)*f2_11+
    mat4(.08,.17,.13,-.18,-.24,.08,.15,-.04,.14,-.02,-.26,.15,.04,-.32,-.14,-.27)*f2_12+
    mat4(.11,.26,.04,.20,.31,.15,.25,-.24,.21,.31,.11,-.13,.11,.08,.07,-.10)*f2_13+
    mat4(-.29,.17,.00,-.32,-.03,.11,.10,-.03,.15,-.20,-.07,.14,.11,-.16,-.27,-.10)*f2_14+
    mat4(.29,.22,-.13,.25,.12,-.25,.23,.28,-.22,-.08,.14,.21,-.06,.03,-.21,-.25)*f2_15+
    vec4(.64,-1.12,1.31,-1.35))/1.7+f2_12;
vec4 f3_13=sin(mat4(-.06,-.19,-.20,.23,-.02,-.13,.26,.23,.28,.10,-.09,.16,-.21,.19,-.20,.10)*f2_0+
    mat4(-.06,.19,-.20,.03,.07,.04,-.14,-.37,-.06,-.29,-.28,-.00,-.30,.04,-.26,-.23)*f2_1+
    mat4(-.04,-.14,-.17,.08,-.03,-.16,-.06,-.23,-.06,-.27,.11,.26,.13,-.03,.25,.16)*f2_2+
    mat4(.14,-.02,-.09,-.14,.12,-.14,.23,.09,.09,-.15,-.29,-.28,-.01,.19,.02,-.08)*f2_3+
    mat4(.16,-.14,-.20,-.01,-.15,.28,.17,-.11,.10,-.27,.09,.08,.20,-.22,.24,.01)*f2_4+
    mat4(-.11,.28,.25,-.12,.08,-.21,-.33,-.06,-.29,.03,-.12,-.00,.23,-.26,-.03,-.10)*f2_5+
    mat4(-.10,-.28,-.09,-.00,-.30,.28,-.14,.06,-.14,.19,-.18,.14,.13,-.09,-.10,.16)*f2_6+
    mat4(.06,-.27,.06,-.02,-.19,-.22,.05,.26,.00,-.18,-.20,-.02,.30,.14,.19,-.08)*f2_7+
    mat4(.03,.07,-.07,.07,.27,-.21,-.22,-.04,-.24,.17,.26,.18,-.07,-.09,.18,.21)*f2_8+
    mat4(-.16,.23,.26,.21,.24,.21,-.32,.01,-.06,.31,-.04,-.05,.19,.21,-.30,.25)*f2_9+
    mat4(.04,-.10,-.29,-.09,-.28,.14,-.01,-.11,.29,.20,.04,.01,.17,-.27,-.13,.00)*f2_10+
    mat4(-.21,-.20,.20,-.13,-.20,.26,-.07,-.03,-.14,.22,-.10,.02,-.08,.24,.30,-.13)*f2_11+
    mat4(-.14,-.22,-.04,-.09,.04,-.14,-.22,-.24,.22,.03,.29,.24,-.17,-.21,-.17,.04)*f2_12+
    mat4(-.05,.18,.29,.16,-.23,.02,-.12,-.12,.23,-.16,.04,-.20,.12,-.27,-.10,-.12)*f2_13+
    mat4(.02,-.23,-.19,-.10,-.07,.09,-.03,-.14,-.17,.27,.22,-.09,.01,-.06,.01,.15)*f2_14+
    mat4(.06,.23,.22,.21,-.26,-.15,.04,.21,.25,.05,.02,-.32,-.18,.26,.16,-.31)*f2_15+
    vec4(.64,.22,-1.76,.79))/1.7+f2_13;
vec4 f3_14=sin(mat4(.20,.01,-.02,.05,-.13,.23,.00,.06,-.01,-.04,-.12,-.17,-.24,.04,-.22,.11)*f2_0+
    mat4(.25,-.23,.19,-.09,.13,.12,-.05,.28,-.30,.22,-.20,-.28,.14,-.10,-.14,.26)*f2_1+
    mat4(.29,.05,.25,-.06,-.31,.03,.18,-.07,-.08,-.11,-.12,.27,.19,-.12,.21,.27)*f2_2+
    mat4(-.18,.29,.24,.09,-.26,.06,.08,-.07,.03,.05,-.07,.19,.01,.01,.14,-.25)*f2_3+
    mat4(-.23,-.18,.16,-.27,-.21,-.22,-.20,-.04,-.22,.12,.25,-.19,-.08,-.07,-.21,-.18)*f2_4+
    mat4(-.20,-.16,-.25,-.22,.17,-.23,.19,.18,-.06,-.15,.12,-.30,-.08,-.11,-.09,-.33)*f2_5+
    mat4(.18,.21,.20,.11,.09,.08,-.05,.27,.16,.30,-.06,.18,-.20,.23,-.09,-.07)*f2_6+
    mat4(-.17,.12,-.17,-.16,-.18,-.17,.00,-.09,-.11,-.17,.05,.06,-.07,-.23,-.06,.06)*f2_7+
    mat4(.26,.24,.05,.03,.25,-.30,-.01,.16,-.23,.13,-.00,.19,.07,-.08,-.09,.02)*f2_8+
    mat4(.05,-.22,-.21,.19,.23,.15,.24,-.29,-.09,-.02,-.07,.19,.07,.16,-.26,-.21)*f2_9+
    mat4(-.27,.31,.02,.01,.19,.02,.19,-.22,-.03,-.11,.02,-.02,-.12,-.21,.20,-.09)*f2_10+
    mat4(.29,.16,.00,-.27,-.08,.34,-.17,-.24,.17,-.01,.11,-.30,-.26,.23,-.10,-.16)*f2_11+
    mat4(.24,.18,.13,-.26,-.14,-.21,.19,.01,-.15,-.12,-.14,.06,.26,.22,-.03,-.11)*f2_12+
    mat4(.20,.30,.26,.30,-.20,-.18,-.19,.21,-.18,.06,.31,.31,.14,.04,.25,.07)*f2_13+
    mat4(-.17,.15,.25,-.17,-.16,.02,-.25,.23,-.04,-.26,-.11,-.04,.16,.20,.08,-.13)*f2_14+
    mat4(-.27,-.13,-.20,-.21,.16,-.15,.09,.09,.20,-.02,.15,.15,-.31,-.10,.14,-.04)*f2_15+
    vec4(-1.31,-.56,-.54,1.30))/1.7+f2_14;
vec4 f3_15=sin(mat4(-.15,-.17,-.24,.11,-.30,.04,.07,-.30,.19,-.14,.19,.15,-.23,.02,.24,-.05)*f2_0+
    mat4(-.31,.24,.26,-.13,.21,-.06,-.24,.27,.27,-.12,-.22,-.22,.29,-.12,.00,.16)*f2_1+
    mat4(-.11,-.03,-.11,-.27,-.12,-.13,-.06,-.18,-.07,-.05,.31,-.32,-.13,-.11,.13,-.03)*f2_2+
    mat4(.02,-.11,-.00,.03,-.17,-.19,-.12,.09,-.26,.28,-.11,-.23,-.03,.26,-.18,.21)*f2_3+
    mat4(-.14,-.17,.31,-.01,-.24,-.04,.00,.14,-.12,-.02,-.35,-.31,.08,.06,-.13,-.08)*f2_4+
    mat4(.23,.04,-.23,.24,.19,.22,-.14,-.16,.23,.23,-.28,.02,.04,.09,-.35,.32)*f2_5+
    mat4(-.27,-.24,-.03,-.02,-.24,.22,.16,-.33,.04,-.23,-.25,-.26,-.16,.32,.11,.14)*f2_6+
    mat4(-.13,.22,-.05,.21,-.24,.31,-.11,.38,.06,.25,-.01,.18,-.29,.22,.24,.23)*f2_7+
    mat4(-.27,.29,-.19,.14,.12,-.27,-.27,.14,-.17,-.21,.11,-.09,-.13,.26,.05,.14)*f2_8+
    mat4(.28,.07,.27,.01,.22,-.32,-.17,-.21,-.07,-.26,.22,.16,-.06,-.16,.01,.03)*f2_9+
    mat4(-.05,-.05,-.19,-.10,-.27,-.30,.22,-.21,.23,.00,-.14,.23,.06,.25,-.18,-.28)*f2_10+
    mat4(-.14,-.09,-.11,-.23,-.29,.16,.09,.40,-.21,-.03,-.13,.15,.24,.09,-.28,-.20)*f2_11+
    mat4(.30,-.29,.08,-.09,.10,.30,-.24,-.11,-.14,.23,.05,.03,.21,-.18,-.08,.19)*f2_12+
    mat4(-.30,-.18,-.03,-.14,-.30,.29,-.03,-.21,.09,.11,.04,-.28,.24,.11,-.19,.16)*f2_13+
    mat4(.08,-.03,-.13,-.18,-.11,-.12,-.17,.05,.03,.04,.24,-.26,.06,-.04,-.06,.12)*f2_14+
    mat4(.25,.20,-.08,.10,-.10,.06,.29,.27,-.17,-.10,.08,.11,-.00,.11,.23,.00)*f2_15+
    vec4(-.01,-1.18,-.96,-1.19))/1.7+f2_15;
vec4 f4_0=sin(mat4(-.18,.15,.00,.04,-.04,.24,-.24,.25,-.02,-.14,-.05,-.02,-.30,.08,-.08,.11)*f3_0+
    mat4(-.29,-.29,.19,-.21,.20,-.32,-.26,-.06,-.01,-.32,-.17,.00,-.03,-.30,-.10,-.16)*f3_1+
    mat4(-.20,.26,-.16,-.25,-.37,-.26,.12,-.15,-.18,-.17,-.01,.26,-.08,-.02,-.08,.08)*f3_2+
    mat4(.24,-.26,-.15,-.09,-.11,.02,-.28,.08,-.08,.23,-.24,.06,-.20,.09,.36,.25)*f3_3+
    mat4(.23,-.20,-.07,-.21,.29,.09,.09,.21,-.19,-.01,-.04,-.05,.04,.31,.32,-.23)*f3_4+
    mat4(-.22,.03,-.03,.18,-.21,-.28,-.20,-.20,-.17,.28,.12,.05,.24,-.11,.11,.13)*f3_5+
    mat4(-.13,.06,-.34,-.03,-.18,.28,-.20,-.07,.11,.06,-.24,-.11,.30,.14,-.26,-.05)*f3_6+
    mat4(.08,.33,-.22,.06,-.19,-.02,.07,.00,.01,.10,.26,.14,-.18,-.01,-.29,.23)*f3_7+
    mat4(-.16,-.07,.16,-.11,.14,-.18,-.17,-.23,.25,.30,-.14,.10,.01,.06,.10,.11)*f3_8+
    mat4(.08,.07,.25,-.04,-.18,-.11,-.07,.13,.13,.12,-.18,-.20,-.26,.03,.12,.03)*f3_9+
    mat4(.19,.07,-.10,-.08,.22,-.18,-.05,-.03,-.03,.18,-.04,-.06,.12,.26,-.05,.21)*f3_10+
    mat4(.11,.10,-.13,.05,-.27,.20,-.01,.03,-.09,.21,-.30,.00,.35,-.16,.22,-.28)*f3_11+
    mat4(-.28,-.18,-.27,.11,.15,.07,-.14,.18,.15,-.01,-.10,-.18,.23,.06,.16,-.22)*f3_12+
    mat4(.17,.02,-.01,.16,-.27,.27,.26,.11,-.25,.29,-.21,-.09,.01,-.17,-.33,-.03)*f3_13+
    mat4(-.18,-.14,.12,.02,.06,-.22,-.30,.14,-.10,.01,.17,-.27,-.18,-.19,.13,-.15)*f3_14+
    mat4(.28,.13,-.01,.03,-.11,-.17,-.00,-.07,-.17,.11,-.17,-.05,.29,-.31,.08,-.26)*f3_15+
    vec4(-.80,-1.85,.98,-1.12))/2.0+f3_0;
vec4 f4_1=sin(mat4(-.08,.35,.23,.05,.09,.05,-.16,.00,-.21,-.20,-.23,-.02,-.18,.22,.10,-.23)*f3_0+
    mat4(.14,.01,.18,.24,-.15,-.13,.07,.23,.05,-.00,.11,-.18,.17,.22,-.10,.08)*f3_1+
    mat4(.20,.23,.17,-.21,-.19,-.28,-.21,.39,-.20,-.14,.20,.20,.08,.16,.20,-.03)*f3_2+
    mat4(-.19,.05,.18,-.26,.06,.12,.26,.22,.03,-.17,-.22,.28,-.23,.23,.01,.03)*f3_3+
    mat4(-.08,-.13,-.29,-.01,-.19,-.12,.12,-.00,.20,.18,.20,-.31,.10,-.16,.18,-.07)*f3_4+
    mat4(.23,.29,.30,-.11,.26,-.06,-.11,-.11,.09,-.33,.08,-.19,.14,.27,.18,-.08)*f3_5+
    mat4(-.13,-.18,-.14,-.06,.31,.00,.27,.29,.09,-.02,.31,-.15,-.22,.07,-.17,-.24)*f3_6+
    mat4(-.11,.15,-.26,-.26,-.20,.20,.14,-.10,.19,-.11,.09,.05,-.12,.14,.17,-.25)*f3_7+
    mat4(-.18,.08,-.28,-.07,.11,.11,-.05,-.12,.25,-.11,-.29,-.23,-.11,-.13,.06,.06)*f3_8+
    mat4(.13,.03,-.18,-.02,.05,.19,.04,.10,.10,.09,-.21,-.21,-.19,-.02,.27,.04)*f3_9+
    mat4(.21,.07,-.05,-.21,.05,-.16,.04,.24,-.02,-.26,.04,-.21,.30,.16,.25,-.24)*f3_10+
    mat4(.39,.03,.06,-.01,.11,.02,-.07,.10,.01,.03,-.25,-.02,-.24,-.08,.15,.13)*f3_11+
    mat4(-.12,.08,.21,-.16,-.32,.04,.24,.06,.20,-.12,.25,-.27,.17,.08,.30,.31)*f3_12+
    mat4(-.07,.21,.16,-.06,-.25,.22,.01,.19,-.25,.06,.22,-.18,.26,-.08,-.31,.26)*f3_13+
    mat4(.13,.05,.01,-.20,-.16,.19,.23,.10,.19,.26,-.25,-.21,.03,-.10,.07,.25)*f3_14+
    mat4(-.01,.27,-.10,-.34,.21,.19,.11,-.19,-.08,.25,-.34,.20,-.24,-.14,-.14,.18)*f3_15+
    vec4(-.21,-1.57,.44,1.50))/2.0+f3_1;
vec4 f4_2=sin(mat4(-.25,.03,.07,-.19,-.03,-.05,.28,-.03,.08,.22,-.13,-.28,.07,.21,.18,.07)*f3_0+
    mat4(-.27,.41,.04,.11,.16,.24,.09,.09,-.26,.19,.16,-.06,.25,.14,-.05,.00)*f3_1+
    mat4(.33,-.05,-.11,.07,-.27,.06,.15,.13,-.18,.05,.24,-.15,-.24,.07,-.04,.26)*f3_2+
    mat4(-.14,.11,-.24,-.15,-.23,.21,.18,.09,-.02,-.17,.12,-.11,-.07,-.22,-.33,-.05)*f3_3+
    mat4(.06,.08,-.33,-.05,-.17,.14,.19,-.25,.22,.24,-.21,.18,.13,.17,.09,-.20)*f3_4+
    mat4(.18,-.22,.15,.23,.17,.25,-.08,-.16,-.23,-.23,-.19,.00,-.10,.08,-.24,.07)*f3_5+
    mat4(-.13,-.04,.29,-.01,.13,.02,.09,-.05,-.00,.12,.05,-.01,-.09,-.16,-.17,.22)*f3_6+
    mat4(-.09,.19,.04,.23,-.17,-.22,.05,-.08,-.17,.03,.14,-.19,.19,.12,.17,-.17)*f3_7+
    mat4(.27,.16,.19,.14,.09,.21,-.23,-.05,.05,.28,.27,.13,-.09,.23,.02,-.08)*f3_8+
    mat4(.21,-.19,.25,.07,.10,-.03,-.11,.13,-.25,.05,-.10,-.24,-.06,.22,.11,.03)*f3_9+
    mat4(-.04,-.00,-.15,-.17,.01,-.06,-.21,.13,-.26,.22,.25,.30,.00,-.05,.11,-.17)*f3_10+
    mat4(.07,.21,.23,-.22,.09,-.12,-.27,-.20,-.20,.02,-.28,-.00,.11,-.07,-.16,.20)*f3_11+
    mat4(-.25,.13,-.19,-.14,-.03,.35,.21,-.00,.24,.20,.20,.15,.19,.11,-.28,.19)*f3_12+
    mat4(-.30,.21,-.19,-.20,-.25,.03,-.04,.14,.14,.04,.24,-.21,-.03,.19,.12,.03)*f3_13+
    mat4(-.10,.00,-.20,-.16,.20,-.27,-.03,-.02,-.07,.29,-.10,.17,.23,.12,-.15,-.06)*f3_14+
    mat4(-.21,.15,-.13,.04,-.14,-.24,-.04,.04,-.03,.19,.14,-.18,.13,.05,-.22,.20)*f3_15+
    vec4(-.99,-1.48,.50,-1.06))/2.0+f3_2;
vec4 f4_3=sin(mat4(.04,-.24,.05,-.26,.26,-.02,.14,-.22,-.14,.23,.27,-.03,.09,-.26,.22,-.08)*f3_0+
    mat4(-.28,.41,-.01,-.26,.27,.20,-.29,.08,-.23,-.23,-.01,.04,.18,-.16,-.12,.33)*f3_1+
    mat4(.12,-.23,.15,.23,.16,.14,.03,-.12,-.20,.17,-.01,.26,.01,.24,.04,.05)*f3_2+
    mat4(.04,.27,.16,-.12,.25,.21,.31,.16,.30,-.06,.10,.18,.19,-.01,.13,-.19)*f3_3+
    mat4(-.03,-.24,-.15,-.20,-.14,.33,.20,.28,.28,.16,.12,-.26,-.13,-.30,-.08,-.03)*f3_4+
    mat4(.25,-.09,.08,-.28,.18,-.12,-.27,-.16,-.24,.28,.10,-.24,.21,.25,.20,-.28)*f3_5+
    mat4(.31,-.03,-.26,.30,-.09,-.16,-.28,-.33,.30,.15,.06,.00,-.30,-.14,-.18,-.22)*f3_6+
    mat4(-.06,.07,-.01,.19,.11,.22,.05,.19,.01,.29,-.14,.20,-.18,-.03,.08,-.08)*f3_7+
    mat4(-.21,.01,-.08,-.27,-.01,-.12,.30,-.09,-.31,.08,.01,.12,.11,-.08,-.25,-.27)*f3_8+
    mat4(-.10,-.01,-.06,.10,-.11,.20,.00,.24,-.10,.29,.28,-.14,.26,-.14,-.32,.24)*f3_9+
    mat4(.19,-.01,.14,-.09,-.14,.30,.29,-.14,.07,-.26,.22,-.27,-.31,-.31,-.15,-.20)*f3_10+
    mat4(-.22,-.10,.24,-.26,-.16,-.12,-.31,.00,.28,-.25,-.20,-.24,.23,-.20,.26,.15)*f3_11+
    mat4(.22,.00,-.05,.01,-.27,.06,.01,-.09,.24,-.03,.12,-.29,.07,.11,.22,.14)*f3_12+
    mat4(.27,.01,-.03,-.27,.08,-.07,.24,-.27,.31,-.18,.07,-.10,-.18,.22,.25,-.17)*f3_13+
    mat4(-.04,.08,-.19,-.24,.05,.07,-.20,.13,-.06,-.27,-.05,-.17,-.25,-.06,.27,-.02)*f3_14+
    mat4(-.07,.10,.26,.07,.00,-.12,.11,-.02,.16,.24,.05,.16,.18,-.03,-.01,.16)*f3_15+
    vec4(.16,.80,1.26,.63))/2.0+f3_3;
vec4 f4_4=sin(mat4(.09,-.16,.00,.07,.16,.14,.21,-.11,-.05,.15,.10,.19,-.32,.23,-.06,-.18)*f3_0+
    mat4(.08,.01,.18,.10,.30,-.33,.09,.25,.31,.11,.22,.26,.02,.28,-.16,.08)*f3_1+
    mat4(.27,-.18,.17,.06,-.01,.09,-.14,-.21,-.11,-.33,-.27,-.21,-.12,.29,-.02,-.03)*f3_2+
    mat4(.24,.31,-.08,.12,.05,.25,.16,-.19,.23,.00,-.02,-.21,-.15,-.31,-.17,-.06)*f3_3+
    mat4(-.24,-.00,-.14,.15,.21,-.25,-.07,-.11,-.13,.21,-.08,-.33,-.00,-.13,-.26,.12)*f3_4+
    mat4(-.08,-.02,.04,-.14,.25,-.09,.14,-.25,.03,-.15,-.19,.02,.02,-.06,.01,-.18)*f3_5+
    mat4(.05,.06,.13,.17,-.06,.03,.28,.25,-.12,-.31,.10,.01,.34,.17,-.09,-.15)*f3_6+
    mat4(-.16,.08,.17,-.17,-.22,.13,-.06,.14,.11,-.07,.09,-.25,-.07,-.13,-.25,.02)*f3_7+
    mat4(.07,-.05,.09,-.03,-.21,.03,-.16,.16,-.15,.22,.12,-.09,.14,.04,.13,.03)*f3_8+
    mat4(-.04,.26,-.09,-.04,.01,-.25,-.08,.19,-.21,-.16,-.02,.09,-.18,-.07,-.14,.02)*f3_9+
    mat4(-.29,.19,.08,.21,.10,.14,-.22,.31,.05,.12,-.07,-.03,.30,.26,.18,-.26)*f3_10+
    mat4(.03,.21,-.30,-.17,.11,.28,.10,.23,.17,.25,-.21,.13,.31,.17,-.03,.27)*f3_11+
    mat4(.14,.14,.02,.01,.15,-.22,.14,.03,.17,-.18,.23,-.16,.25,.29,.01,-.07)*f3_12+
    mat4(-.04,.12,.17,.29,.18,-.05,.09,.22,.16,-.24,.07,.05,.28,-.27,-.23,-.14)*f3_13+
    mat4(.30,-.06,.23,.13,.31,-.10,-.18,.30,-.25,-.28,.23,-.18,.32,.19,.05,-.24)*f3_14+
    mat4(-.19,.33,-.06,-.35,-.11,.00,.14,-.02,-.10,.25,.08,-.21,.03,.18,.07,.17)*f3_15+
    vec4(.96,1.32,-1.87,-.04))/2.0+f3_4;
vec4 f4_5=sin(mat4(-.24,.20,-.09,.05,-.18,-.27,-.25,-.24,.19,.35,-.16,-.05,-.09,.01,-.10,.21)*f3_0+
    mat4(.09,-.28,-.09,-.14,.12,-.03,-.31,.09,.12,-.11,.09,-.34,.28,-.08,.14,-.02)*f3_1+
    mat4(-.12,-.21,-.23,-.08,-.00,-.15,.07,.08,-.14,.20,-.21,-.31,.25,.18,-.16,.14)*f3_2+
    mat4(-.02,-.15,-.07,-.03,.19,.10,-.19,.10,-.24,.01,.26,-.23,.06,-.26,-.14,-.02)*f3_3+
    mat4(-.26,-.05,.16,.18,.16,.21,.15,.05,-.24,-.07,.22,-.15,-.08,.13,-.05,-.03)*f3_4+
    mat4(-.11,-.27,.14,-.11,.16,-.08,-.01,-.07,.09,-.14,-.15,.21,.26,.10,-.01,-.11)*f3_5+
    mat4(-.20,.08,-.30,.17,.18,-.25,-.06,.09,.26,-.03,-.18,-.14,.33,.10,.21,-.15)*f3_6+
    mat4(-.11,-.22,-.09,-.04,-.04,-.29,-.21,-.06,-.07,-.21,.40,.32,.15,.12,.11,.07)*f3_7+
    mat4(-.21,-.09,.01,.01,.14,-.01,.19,-.36,.09,-.05,-.13,.29,.00,.13,-.28,.03)*f3_8+
    mat4(.26,-.27,.24,-.13,.12,-.19,.04,-.15,-.26,-.02,-.11,-.13,.02,-.17,.19,.17)*f3_9+
    mat4(-.29,-.15,-.23,-.01,.18,.08,.23,.19,-.05,-.15,.32,.07,.10,-.13,-.11,-.07)*f3_10+
    mat4(-.23,-.24,.13,.01,.04,.22,.21,-.02,.25,-.01,.27,-.32,-.17,-.02,.09,-.20)*f3_11+
    mat4(.11,-.12,-.19,-.25,.21,.17,.02,.08,-.09,.29,.15,.11,.18,.20,.28,.03)*f3_12+
    mat4(-.10,.29,-.02,.10,.17,.16,-.01,-.06,-.24,-.13,-.24,-.05,-.17,.29,-.31,-.02)*f3_13+
    mat4(.05,-.08,-.10,.23,-.14,-.12,.03,.19,.23,-.28,.16,-.19,-.18,.38,-.16,-.15)*f3_14+
    mat4(.04,-.07,.27,-.13,.14,-.01,.10,-.22,.13,.28,.21,-.04,.10,.01,-.22,-.02)*f3_15+
    vec4(-.46,-1.87,-1.47,.62))/2.0+f3_5;
vec4 f4_6=sin(mat4(.19,-.09,.23,.05,-.03,.12,-.05,-.21,.18,.03,.14,.08,.10,-.27,-.05,-.15)*f3_0+
    mat4(.24,-.23,-.17,.23,-.03,-.24,.02,-.14,-.10,.07,.20,.26,.09,-.02,.14,-.02)*f3_1+
    mat4(.18,.11,-.06,.27,-.25,.18,.18,-.05,.12,.28,.09,-.12,-.02,.12,.15,-.17)*f3_2+
    mat4(-.23,.29,-.25,-.19,.01,.23,.19,-.16,.23,-.04,-.09,.16,-.22,-.24,.12,-.07)*f3_3+
    mat4(.15,-.17,.24,-.15,-.09,-.07,-.11,.03,-.33,-.01,-.22,.23,.30,.29,.07,-.14)*f3_4+
    mat4(-.11,-.33,-.15,-.20,-.17,-.09,.19,-.06,.15,.03,.19,-.21,-.21,.23,-.19,.28)*f3_5+
    mat4(.03,-.27,.06,-.16,-.16,-.02,-.08,-.28,.10,-.06,.28,-.02,.21,.13,.01,.07)*f3_6+
    mat4(.24,.15,-.22,.19,-.14,.05,.08,-.17,.04,.31,.04,-.04,.20,.07,.06,.19)*f3_7+
    mat4(-.27,-.22,.03,.20,-.03,.27,-.15,.10,.24,.20,-.29,-.29,-.31,-.20,-.28,.18)*f3_8+
    mat4(-.09,.20,.18,.16,.20,-.05,.12,-.20,-.14,-.22,-.08,-.08,.03,-.14,.03,.24)*f3_9+
    mat4(-.24,-.11,-.03,-.25,.16,-.27,-.31,-.04,-.29,-.20,-.34,.27,.12,-.20,-.01,-.05)*f3_10+
    mat4(-.07,.22,-.05,.25,.12,.10,-.18,.24,.13,.29,.14,-.29,.19,-.13,.24,-.22)*f3_11+
    mat4(-.10,-.08,-.17,.04,-.07,.22,.06,.11,-.23,-.11,.13,.14,.07,-.17,-.07,-.08)*f3_12+
    mat4(-.10,.04,.27,.14,.02,-.16,.08,.01,-.25,.13,.27,.08,.01,-.16,.06,-.05)*f3_13+
    mat4(-.24,-.09,-.19,-.13,-.22,-.30,.07,.23,-.20,-.11,.19,-.23,-.17,.09,.15,-.09)*f3_14+
    mat4(.10,.06,.21,-.16,.09,.17,-.28,-.27,.27,.05,.27,-.13,.05,-.05,-.06,.08)*f3_15+
    vec4(-1.10,-.11,-.40,.25))/2.0+f3_6;
vec4 f4_7=sin(mat4(-.27,-.04,-.28,.18,.14,-.08,.08,.11,.24,.05,-.06,-.29,-.13,-.02,.03,-.11)*f3_0+
    mat4(-.11,.02,.03,-.12,.10,.21,-.29,.01,.21,.23,.00,.22,-.04,.02,-.30,-.18)*f3_1+
    mat4(.02,.10,-.10,-.03,.21,.10,.01,-.15,-.02,.03,-.27,.01,-.17,-.10,-.05,.04)*f3_2+
    mat4(-.34,-.05,.18,-.21,-.09,.17,.27,.05,.14,.19,.26,-.26,-.18,.26,-.15,.25)*f3_3+
    mat4(-.24,-.11,.07,-.06,-.11,.17,-.06,-.02,-.08,.06,-.05,.10,-.05,.26,-.21,-.18)*f3_4+
    mat4(.04,.16,-.25,-.25,.10,.21,-.22,.08,-.23,.11,.23,.06,.15,.26,-.06,-.11)*f3_5+
    mat4(.02,-.20,.04,.08,.28,.22,.17,-.08,.15,-.27,-.09,-.26,.24,-.08,-.17,.12)*f3_6+
    mat4(.26,-.27,-.10,-.09,.02,-.26,.13,-.19,-.08,.01,-.01,-.25,-.31,-.19,.15,-.18)*f3_7+
    mat4(.18,.19,-.25,-.31,-.05,.04,.16,-.08,-.08,-.01,-.27,.20,-.03,.03,-.09,.21)*f3_8+
    mat4(-.17,-.25,.21,-.13,.04,-.11,.27,.15,-.30,-.16,.15,.27,.03,.07,.19,.06)*f3_9+
    mat4(-.19,.11,-.05,.17,.10,.25,.15,.02,.28,-.08,.24,.11,.02,-.13,.17,-.16)*f3_10+
    mat4(-.12,.08,-.15,.18,.03,-.18,.12,-.06,-.10,-.23,.19,.18,.03,.24,-.05,-.26)*f3_11+
    mat4(.17,-.11,-.15,-.17,.08,-.19,-.07,-.08,.08,.05,-.24,.25,.25,.29,.11,.19)*f3_12+
    mat4(.24,.03,-.16,-.04,-.02,-.00,.28,-.16,-.06,-.19,-.15,-.09,.05,-.25,.07,-.28)*f3_13+
    mat4(-.22,-.02,-.15,.17,-.06,.09,-.03,.02,.20,-.16,-.18,-.05,.24,.02,-.03,-.22)*f3_14+
    mat4(-.09,-.28,.05,-.10,-.17,.27,-.09,.15,.28,-.24,.15,-.16,-.02,-.09,-.19,.03)*f3_15+
    vec4(1.53,-1.54,.89,-.50))/2.0+f3_7;
vec4 f4_8=sin(mat4(.04,.30,-.08,.22,.31,-.26,.10,-.06,-.11,.33,.23,-.19,-.07,-.03,-.01,-.17)*f3_0+
    mat4(.14,.03,-.23,.08,-.31,-.28,-.15,-.04,-.15,-.28,.12,.13,-.08,-.22,.29,.12)*f3_1+
    mat4(.28,.08,-.14,-.20,-.21,.13,-.15,-.05,-.22,.29,-.07,.31,.06,-.02,.00,-.02)*f3_2+
    mat4(.23,-.07,-.07,-.16,-.12,.10,.21,-.03,-.23,.27,-.26,-.24,.29,.07,.09,-.04)*f3_3+
    mat4(-.28,.15,.02,.12,.24,-.12,-.29,-.28,-.28,-.10,-.23,-.01,.12,.09,-.27,-.17)*f3_4+
    mat4(-.24,-.24,.17,-.16,.03,.19,-.19,.08,-.25,-.08,-.16,-.07,-.25,.21,.19,.00)*f3_5+
    mat4(.11,.07,.18,.30,-.09,.07,-.14,-.16,.17,-.06,.01,-.01,.18,-.11,-.19,-.15)*f3_6+
    mat4(.24,.04,.12,-.21,-.21,-.14,-.10,.28,.06,-.21,-.25,.16,.25,.15,.09,.26)*f3_7+
    mat4(.00,.12,.03,-.26,.07,.19,.22,-.24,.24,.02,-.05,.04,.17,.08,-.11,.15)*f3_8+
    mat4(-.16,.26,.16,.14,.10,.03,.13,.09,-.07,.28,.31,.04,-.11,-.07,.28,.19)*f3_9+
    mat4(-.27,-.13,-.23,.14,.13,.20,.13,.13,.08,.18,.22,.07,-.31,-.01,.07,.29)*f3_10+
    mat4(-.07,.16,-.16,.00,-.11,.10,.00,.24,.11,-.30,.08,-.07,.26,.03,.16,-.01)*f3_11+
    mat4(.02,-.23,-.16,.23,-.02,-.20,.13,.24,-.03,.21,-.05,.15,-.24,-.27,-.13,.12)*f3_12+
    mat4(-.15,-.14,-.08,-.08,-.18,.00,.28,.34,.28,.24,-.18,-.20,.02,.16,-.05,.00)*f3_13+
    mat4(.14,-.28,.04,-.16,-.19,-.06,-.09,.32,-.03,.17,.10,-.20,-.18,-.00,-.14,-.21)*f3_14+
    mat4(.10,-.16,.04,-.25,-.12,.29,-.05,-.12,-.07,-.23,.00,-.24,.07,.04,.12,-.23)*f3_15+
    vec4(.83,1.03,.60,1.85))/2.0+f3_8;
vec4 f4_9=sin(mat4(.13,.18,-.19,.03,.17,.29,.26,-.07,.09,-.04,.22,-.02,-.26,-.30,.23,-.15)*f3_0+
    mat4(.02,-.15,-.14,-.10,.04,-.13,-.10,-.07,.08,-.19,-.05,-.07,.12,-.20,-.22,.19)*f3_1+
    mat4(-.15,.00,-.22,-.23,.00,.11,-.18,.29,.15,.19,.27,.05,-.29,-.13,-.01,-.15)*f3_2+
    mat4(-.26,.15,.08,-.24,-.01,.25,-.15,-.03,-.18,.16,.28,.23,.30,.07,-.18,-.25)*f3_3+
    mat4(-.19,-.10,-.33,.10,.21,.12,.12,.12,-.13,.09,.25,.24,.23,-.30,-.14,-.24)*f3_4+
    mat4(.06,-.02,-.09,-.22,.11,-.15,-.19,-.24,-.12,.13,.07,-.08,.24,-.06,-.11,-.02)*f3_5+
    mat4(.10,.27,-.17,.09,.29,-.14,.10,-.16,.04,.31,-.01,.04,.24,-.21,.20,-.07)*f3_6+
    mat4(.04,.31,.07,.11,.02,-.15,-.21,.09,-.00,-.29,-.23,.06,.28,.26,-.23,.18)*f3_7+
    mat4(.23,-.14,-.25,.23,.09,-.06,.05,-.23,.05,.23,.03,.18,.28,.16,-.29,-.03)*f3_8+
    mat4(.28,-.30,.13,.06,-.28,.05,-.14,-.14,-.22,.17,-.18,-.15,-.11,-.18,.22,-.10)*f3_9+
    mat4(-.16,.06,.11,-.10,.10,.28,-.21,-.08,.02,.21,-.14,-.01,.01,.04,.09,-.27)*f3_10+
    mat4(.13,-.13,.25,-.03,.10,.20,-.21,-.05,-.17,-.29,.10,.10,-.04,.10,-.12,-.21)*f3_11+
    mat4(-.04,-.25,-.07,.06,-.00,.11,-.16,-.24,.10,-.34,.20,-.09,.23,-.13,-.18,-.16)*f3_12+
    mat4(-.11,.16,.04,.21,-.18,-.18,-.03,-.20,.25,-.11,.23,-.01,-.17,.30,.01,.24)*f3_13+
    mat4(-.20,.12,.27,-.14,.17,.03,-.03,-.05,.14,.19,-.15,-.18,-.14,-.05,-.14,-.04)*f3_14+
    mat4(-.20,-.09,-.02,.18,-.01,-.26,.02,-.14,-.26,-.20,.20,-.08,-.10,.22,.10,-.20)*f3_15+
    vec4(-1.50,-1.63,1.42,1.39))/2.0+f3_9;
vec4 f4_10=sin(mat4(.10,.09,.03,.03,.19,-.17,-.14,.32,.05,-.14,-.09,.07,.23,.27,-.03,-.15)*f3_0+
    mat4(.00,.23,.14,-.20,.23,-.09,-.07,.25,.22,.01,.30,.04,-.07,.20,-.27,-.13)*f3_1+
    mat4(-.22,-.32,-.15,-.21,.02,-.20,-.22,-.12,.10,-.29,.25,-.20,.02,.15,.11,.02)*f3_2+
    mat4(-.21,.05,-.29,-.02,.27,-.28,.09,.13,-.01,.08,-.21,.23,.08,-.06,.06,-.06)*f3_3+
    mat4(-.08,-.10,.10,-.10,.22,-.16,-.03,-.01,.29,-.14,-.01,.12,-.21,.17,-.09,-.10)*f3_4+
    mat4(.26,-.04,.14,-.01,.17,-.21,.25,.21,-.28,-.03,.10,-.20,.06,.14,-.12,-.21)*f3_5+
    mat4(.12,-.18,.06,-.15,-.02,.16,.05,-.13,-.27,-.14,.09,.04,-.26,-.04,-.10,-.13)*f3_6+
    mat4(-.09,-.20,-.26,.23,.24,.30,.12,.27,-.24,-.18,.08,-.15,-.11,-.02,.18,.04)*f3_7+
    mat4(-.02,.11,.21,.11,.19,-.05,.01,.11,.27,.18,-.09,.26,-.00,-.29,.01,.16)*f3_8+
    mat4(.21,-.04,-.13,.28,-.13,.13,-.27,.13,.17,.05,.23,.12,.25,.22,.08,-.09)*f3_9+
    mat4(.30,-.24,.28,-.03,.27,.05,.05,-.12,-.12,-.15,-.09,-.03,-.05,-.33,-.35,-.09)*f3_10+
    mat4(-.03,.26,-.07,-.12,.03,.05,.04,-.11,.11,-.27,-.13,.07,.13,.23,.09,-.29)*f3_11+
    mat4(-.20,-.27,.20,.21,.09,-.02,-.20,.06,-.19,-.26,.13,-.05,.17,-.20,-.23,.17)*f3_12+
    mat4(.12,.32,-.05,-.03,-.08,.13,.16,-.15,-.23,-.32,-.16,-.01,.13,.22,-.05,.19)*f3_13+
    mat4(-.08,.02,.20,.27,.04,-.11,.01,.30,-.17,.26,.03,.29,.10,-.10,-.03,-.08)*f3_14+
    mat4(.30,-.06,.22,-.26,.07,-.11,-.07,-.19,.07,.03,.14,-.26,.10,-.04,.24,-.28)*f3_15+
    vec4(1.00,.94,-.50,-1.33))/2.0+f3_10;
vec4 f4_11=sin(mat4(.20,-.21,-.12,.00,.12,-.14,-.03,-.13,.23,.24,-.33,.28,.06,.20,-.11,.04)*f3_0+
    mat4(-.08,.13,-.16,.19,.22,-.28,-.08,-.17,.28,.19,-.16,.03,.27,.09,.13,.15)*f3_1+
    mat4(-.11,-.09,-.12,.06,-.27,-.01,.07,-.08,.10,-.06,.01,-.01,.21,-.07,-.06,-.11)*f3_2+
    mat4(.24,.01,.26,.22,.18,-.27,.14,.19,.24,.03,-.12,-.08,.25,.16,-.24,.18)*f3_3+
    mat4(.32,.25,.30,.22,-.16,-.24,.09,.11,.00,.11,.09,.09,.19,-.13,.12,-.15)*f3_4+
    mat4(.18,-.04,-.27,-.18,-.05,-.01,-.09,.19,.22,.10,.15,-.20,.13,-.20,.17,.04)*f3_5+
    mat4(.27,.25,.15,-.22,-.26,.06,.08,.36,-.02,.12,.12,.20,.29,-.30,.08,-.03)*f3_6+
    mat4(.17,.21,-.03,-.18,-.28,.20,-.21,.08,.18,-.19,-.12,-.37,.10,.12,.19,-.01)*f3_7+
    mat4(.13,.17,-.01,-.16,.32,-.17,.15,.12,-.11,-.18,.11,.00,.06,.02,.03,-.26)*f3_8+
    mat4(-.24,.28,-.16,-.06,-.27,-.25,.18,.04,.18,.22,-.05,.11,-.04,-.13,.25,.21)*f3_9+
    mat4(.10,-.01,-.26,.10,.15,-.15,-.11,.14,.10,.07,-.25,-.04,.01,-.04,-.19,.04)*f3_10+
    mat4(-.25,-.30,-.28,.16,.08,-.10,.10,.06,.07,-.04,.08,-.07,-.27,.15,-.15,.18)*f3_11+
    mat4(-.04,-.02,.22,-.09,.13,-.05,-.00,-.05,-.24,-.14,-.23,-.19,-.24,-.15,-.22,-.07)*f3_12+
    mat4(-.12,-.21,-.22,-.24,.18,.09,-.01,-.10,-.21,.26,.28,.21,-.10,.25,.24,-.01)*f3_13+
    mat4(-.21,.26,.24,-.17,-.21,.21,-.02,.09,-.12,.10,-.25,.08,.13,.10,-.08,.17)*f3_14+
    mat4(.01,-.00,-.11,-.03,-.00,.09,-.33,-.18,.23,-.02,.25,-.16,.08,-.16,.30,-.15)*f3_15+
    vec4(-.28,.31,-1.51,.51))/2.0+f3_11;
vec4 f4_12=sin(mat4(.09,.13,.30,-.14,.10,.25,-.09,-.05,.05,-.08,.05,.03,-.27,-.04,.25,.18)*f3_0+
    mat4(.11,.02,-.25,-.24,-.01,.06,-.15,.17,-.10,.27,-.05,.01,.05,.13,.11,.25)*f3_1+
    mat4(-.23,.01,-.03,.16,-.18,-.13,.29,.17,-.14,-.24,-.18,-.27,-.04,-.06,.17,-.33)*f3_2+
    mat4(.21,.21,-.22,-.12,.07,-.25,-.18,.13,-.09,-.20,.21,-.24,.19,.01,-.07,-.08)*f3_3+
    mat4(-.10,-.25,-.28,-.11,-.06,.10,.16,-.18,.06,.22,.15,.10,.26,.02,.09,-.18)*f3_4+
    mat4(.12,.15,.31,.13,.14,-.10,.27,-.12,-.10,.14,.18,-.23,-.22,.17,.03,-.06)*f3_5+
    mat4(-.18,.31,-.24,.18,.20,.12,.07,-.26,-.23,-.31,-.00,-.12,.28,-.03,-.12,.27)*f3_6+
    mat4(-.05,-.00,.30,-.06,.10,-.05,.01,.26,.27,.31,.13,.26,-.12,.20,-.07,-.02)*f3_7+
    mat4(-.16,.16,.07,-.00,-.14,.31,-.12,-.00,.07,-.24,.18,.18,-.17,.04,.05,.22)*f3_8+
    mat4(.27,-.21,-.09,.09,-.24,-.13,-.10,-.02,.00,.05,.20,-.07,.03,.24,.04,-.27)*f3_9+
    mat4(-.15,.05,.25,-.31,.11,.26,.02,-.12,.06,-.12,-.07,.05,-.08,-.24,.14,.11)*f3_10+
    mat4(-.08,.06,.03,-.01,.10,-.00,-.30,.07,.05,.24,.11,-.20,.11,.08,.06,-.10)*f3_11+
    mat4(-.16,-.08,.05,.19,-.03,-.23,-.24,.21,.21,.17,-.15,-.10,-.26,-.26,-.20,.23)*f3_12+
    mat4(.15,-.26,-.29,-.15,.06,.24,.26,.24,.23,.05,.31,.10,.07,.09,.22,.08)*f3_13+
    mat4(-.20,.06,-.20,-.27,-.20,-.11,-.19,-.11,-.23,.12,-.18,-.14,.29,.02,.29,.07)*f3_14+
    mat4(-.03,.23,-.10,-.05,-.03,.30,-.01,-.04,.02,.05,-.26,.14,-.18,-.22,-.12,-.22)*f3_15+
    vec4(-.06,-1.13,.38,.21))/2.0+f3_12;
vec4 f4_13=sin(mat4(.14,-.25,.14,.01,.29,-.21,-.11,-.19,.12,.12,.13,-.07,.17,.05,-.02,.26)*f3_0+
    mat4(-.36,.00,-.16,.15,-.27,.15,-.02,.26,.15,.02,.12,-.18,-.27,.29,.13,-.17)*f3_1+
    mat4(.17,.24,.10,.07,.23,.02,.08,.34,.18,.23,.02,-.05,-.30,.26,.26,-.21)*f3_2+
    mat4(.23,.17,-.07,-.01,-.06,.12,.26,-.28,-.11,.04,-.04,.11,-.07,-.12,.16,.28)*f3_3+
    mat4(.17,-.13,-.10,-.16,.06,.23,.13,.27,.05,-.08,.09,-.21,.16,-.10,.03,.06)*f3_4+
    mat4(.19,.11,.08,.12,-.24,-.14,.02,-.21,-.27,.26,.03,-.33,.31,.24,-.03,-.04)*f3_5+
    mat4(.03,.05,-.03,.14,-.28,.04,.12,.11,-.14,-.19,.09,.05,-.07,.12,-.14,-.13)*f3_6+
    mat4(-.20,-.00,-.27,-.23,-.04,-.02,-.08,-.22,-.21,.04,-.05,.16,.16,.10,-.14,-.10)*f3_7+
    mat4(-.30,-.19,-.19,.05,.20,-.06,.24,.20,-.30,-.23,.16,.23,-.16,-.22,.21,-.01)*f3_8+
    mat4(.21,-.25,.32,.26,-.11,.13,-.19,-.16,.25,.03,.23,.13,.10,-.03,.23,-.29)*f3_9+
    mat4(-.31,-.26,-.30,-.24,.03,-.03,-.04,.10,-.12,-.26,-.16,.15,.21,.24,.03,.17)*f3_10+
    mat4(-.02,-.02,-.06,-.00,-.02,-.02,.04,.26,-.28,-.16,.05,.07,.15,.13,-.30,-.19)*f3_11+
    mat4(.11,.09,.28,-.20,-.02,.12,.07,.11,-.16,-.00,-.18,.28,-.22,.13,-.14,-.08)*f3_12+
    mat4(.11,-.05,.25,.25,.28,.04,.12,-.30,.11,-.24,-.30,.12,.27,-.27,-.01,-.00)*f3_13+
    mat4(.04,.17,.01,-.21,-.08,-.15,.06,-.33,-.29,.25,.20,-.11,.03,.13,-.14,.13)*f3_14+
    mat4(-.24,-.06,.19,-.26,.25,.11,.07,.21,.28,-.23,-.27,-.18,.28,-.00,.02,-.02)*f3_15+
    vec4(-1.47,-1.09,1.72,1.84))/2.0+f3_13;
vec4 f4_14=sin(mat4(-.04,-.20,-.02,.13,.18,.14,.27,-.07,-.14,.23,-.33,-.06,.09,.21,-.08,-.03)*f3_0+
    mat4(-.14,.05,-.22,-.15,-.04,.09,-.06,-.12,.21,.27,.10,-.18,.13,-.05,.31,-.36)*f3_1+
    mat4(.21,-.03,.17,.21,-.20,.17,.25,.13,.20,-.32,.17,.27,.02,.24,-.07,-.28)*f3_2+
    mat4(-.18,-.06,-.22,-.19,-.02,-.09,.25,.29,-.30,-.03,-.16,.14,.08,.19,-.04,.09)*f3_3+
    mat4(.01,-.26,-.04,.05,.02,-.14,.02,.20,.05,.25,-.33,-.17,-.08,-.09,-.14,.06)*f3_4+
    mat4(.16,.30,-.01,.05,-.06,-.04,-.12,.04,.08,-.20,-.05,.25,-.04,-.14,.27,.20)*f3_5+
    mat4(-.20,.04,-.21,.12,-.18,-.09,.21,-.05,.27,.31,.27,-.02,.22,-.08,.06,.11)*f3_6+
    mat4(-.25,.21,.13,.05,-.26,-.05,.03,-.30,.06,.07,.13,.14,-.00,.09,.14,.27)*f3_7+
    mat4(.05,.20,.23,-.08,-.29,-.16,-.17,-.18,.21,.28,.03,-.27,.00,.27,.12,.10)*f3_8+
    mat4(-.06,-.31,-.15,-.01,.16,.11,.02,-.03,-.00,-.14,-.31,.14,.28,-.21,-.07,.21)*f3_9+
    mat4(-.07,.13,.29,-.20,.01,.01,-.16,.23,.24,-.09,.24,.21,-.09,-.17,.26,-.17)*f3_10+
    mat4(-.01,-.14,.10,-.06,.09,.01,.21,.13,.10,-.05,-.06,.14,-.05,.13,-.21,.05)*f3_11+
    mat4(-.06,.21,.04,-.27,-.07,.06,.24,-.13,.09,-.20,.12,-.01,.20,.12,.21,-.04)*f3_12+
    mat4(-.04,.03,.15,-.01,.01,-.06,.13,.02,-.27,.03,.00,.10,-.20,.22,-.15,.17)*f3_13+
    mat4(.24,-.07,-.19,.30,-.11,.09,.16,.07,.15,.00,.27,.10,.17,.12,.15,-.11)*f3_14+
    mat4(-.11,-.15,-.16,-.26,-.28,-.06,-.20,.16,-.24,.25,.17,-.02,.20,-.27,.15,.26)*f3_15+
    vec4(1.62,-.44,-.26,.52))/2.0+f3_14;
vec4 f4_15=sin(mat4(-.19,.17,.35,.25,.22,.02,-.14,-.06,-.16,.16,.14,.20,.26,.05,.18,.33)*f3_0+
    mat4(.30,.28,-.31,-.20,.28,.04,-.25,-.20,.29,.10,.14,-.22,-.15,-.07,-.20,.12)*f3_1+
    mat4(.26,.17,.22,.07,-.01,.13,-.29,-.16,-.13,.14,.02,.26,.19,.08,.10,-.33)*f3_2+
    mat4(-.26,.23,.08,-.26,.04,.05,-.12,.09,-.03,.09,.30,-.29,.05,.31,.11,-.19)*f3_3+
    mat4(.30,.14,.23,-.16,-.04,.16,.18,-.21,-.28,.10,.23,-.01,-.23,-.01,-.24,-.12)*f3_4+
    mat4(-.08,.22,-.08,.06,-.10,.05,-.28,-.35,-.05,-.03,.03,.23,.25,-.33,-.06,-.16)*f3_5+
    mat4(-.01,-.25,-.24,.01,-.18,-.13,.32,.06,.13,-.01,-.30,.20,-.24,.07,.10,-.29)*f3_6+
    mat4(-.19,-.10,.23,-.31,-.17,-.11,-.07,.19,-.11,-.17,-.07,.20,-.08,.00,.15,-.03)*f3_7+
    mat4(-.12,-.21,.02,-.19,-.15,.18,-.04,.21,-.22,.04,-.07,.10,-.16,.19,.14,-.18)*f3_8+
    mat4(.12,.09,.01,-.00,.11,.25,.24,-.29,-.10,.08,-.15,.29,.01,.30,-.10,-.13)*f3_9+
    mat4(-.13,-.25,-.16,.19,.03,-.31,-.27,-.09,.19,.10,.16,.06,-.15,.08,-.18,-.01)*f3_10+
    mat4(-.25,-.03,-.24,.11,.23,.20,.04,-.06,.08,.20,-.16,.08,.23,-.14,-.13,.11)*f3_11+
    mat4(.13,-.18,-.17,-.21,.18,-.22,-.07,-.28,.19,-.00,.08,-.33,.32,.08,-.22,-.22)*f3_12+
    mat4(-.27,-.28,.27,-.00,.06,.30,-.22,-.24,.02,-.03,-.01,-.09,.16,-.20,-.20,.10)*f3_13+
    mat4(.15,-.22,-.03,-.07,.35,-.08,-.00,-.03,-.21,.23,-.14,.16,-.17,.27,-.12,.05)*f3_14+
    mat4(-.23,.06,.15,-.08,-.07,.16,-.09,.24,.08,.11,-.21,.04,-.29,.13,.27,.34)*f3_15+
    vec4(-.46,.67,-1.27,.76))/2.0+f3_15;
vec4 f5_0=sin(mat4(.03,.00,.20,.19,.29,.09,.16,.20,.27,-.13,.07,.19,.16,-.10,.28,.32)*f4_0+
    mat4(-.09,-.01,-.15,.08,.32,.17,.13,.26,-.28,-.25,-.35,.17,.10,.08,.15,-.30)*f4_1+
    mat4(.22,-.06,.13,-.23,-.14,-.21,.26,.12,-.19,-.07,.01,-.25,.13,-.23,.25,.18)*f4_2+
    mat4(-.24,.06,.09,-.23,.08,-.12,-.13,-.10,.24,-.05,-.30,-.21,.08,-.22,.24,-.34)*f4_3+
    mat4(-.07,-.12,.21,.28,.18,-.19,.09,-.02,.10,-.04,.08,-.00,.22,.07,-.01,.34)*f4_4+
    mat4(-.12,.08,-.11,-.37,-.00,-.08,-.22,-.16,.24,-.28,.08,.25,-.11,-.04,-.01,.16)*f4_5+
    mat4(.00,-.30,.20,-.18,-.08,.29,-.22,.15,-.32,.21,-.17,-.16,.06,-.35,.08,.11)*f4_6+
    mat4(-.15,-.37,-.26,-.20,.09,-.05,-.05,-.09,-.25,.11,-.20,.23,-.14,-.15,-.03,-.06)*f4_7+
    mat4(-.17,-.15,.27,-.21,-.21,-.27,.11,.24,.02,.00,.11,.27,-.05,.28,.15,-.03)*f4_8+
    mat4(.33,-.03,-.01,-.23,-.20,-.17,-.28,.11,.21,.02,-.01,-.19,-.21,.19,.11,-.05)*f4_9+
    mat4(.05,-.11,.12,.30,.08,.06,.15,-.13,-.11,.03,.05,-.04,-.15,.23,.27,.23)*f4_10+
    mat4(-.13,.24,-.26,-.05,.27,.08,.04,.19,.29,-.06,-.09,-.04,-.31,.12,-.15,.12)*f4_11+
    mat4(-.07,-.22,-.15,.08,-.14,-.00,-.19,.13,-.13,-.13,.13,-.27,.27,.24,.07,.08)*f4_12+
    mat4(.11,.08,-.11,.14,.17,.16,.17,.02,.10,.18,-.12,-.05,.06,.12,.00,.22)*f4_13+
    mat4(.10,.05,-.16,-.16,-.21,-.22,.17,-.13,-.02,.20,.20,.25,-.07,.01,-.02,.14)*f4_14+
    mat4(.06,-.22,-.19,-.25,.13,-.24,.28,-.18,-.27,-.27,-.28,.24,.11,.02,.15,-.16)*f4_15+
    vec4(-.48,-.42,-1.19,.87))/2.2+f4_0;
vec4 f5_1=sin(mat4(-.00,.04,.14,.09,.14,.18,-.19,-.12,.03,.27,-.01,-.00,.30,-.10,-.26,-.02)*f4_0+
    mat4(.19,-.29,.08,.03,.22,-.12,-.09,.01,-.00,-.29,-.05,.23,.30,.17,.11,.17)*f4_1+
    mat4(.27,.22,-.02,-.18,-.22,-.11,.07,-.22,.01,.10,.13,.18,.09,-.13,.27,.17)*f4_2+
    mat4(-.05,.23,.18,.15,.23,-.29,.23,-.20,.13,.31,.29,.30,.08,-.16,-.27,-.03)*f4_3+
    mat4(-.20,.07,-.18,-.15,.22,.27,.08,.01,.16,.24,-.33,.09,.17,.23,-.24,.19)*f4_4+
    mat4(-.25,.20,.16,-.06,-.13,.24,.17,-.12,-.14,.27,-.22,.26,.26,-.32,-.09,-.22)*f4_5+
    mat4(-.05,.15,-.00,.31,-.05,-.03,.05,.14,.27,.17,-.02,.11,-.02,.18,.09,.18)*f4_6+
    mat4(-.28,.08,.03,-.13,-.13,-.27,-.19,.19,-.16,-.10,.24,.16,.10,-.24,.20,-.16)*f4_7+
    mat4(-.29,-.25,-.04,.04,-.11,.20,.01,.07,-.19,.03,.19,-.29,-.20,.03,.07,-.03)*f4_8+
    mat4(-.03,-.05,-.21,-.23,.17,-.08,-.00,.10,.01,-.06,-.21,-.06,-.17,-.10,-.31,-.10)*f4_9+
    mat4(.30,.03,-.20,-.14,-.26,.18,-.02,-.15,-.05,.12,.06,.08,-.22,-.22,-.12,.17)*f4_10+
    mat4(-.02,-.07,-.05,-.05,-.33,-.20,-.07,.12,.10,-.07,.03,.31,.26,.23,-.32,-.18)*f4_11+
    mat4(.24,-.09,.03,.25,.06,.02,.27,-.03,.26,.14,.08,-.04,-.02,-.37,-.26,-.20)*f4_12+
    mat4(-.24,-.21,.13,-.08,.04,.21,.17,.01,.12,.16,-.07,-.28,-.25,.16,-.01,-.16)*f4_13+
    mat4(.10,-.25,-.20,-.16,.09,-.16,.03,-.26,-.03,-.05,-.09,-.15,-.25,.13,-.22,-.17)*f4_14+
    mat4(-.21,-.17,.00,-.24,.16,-.25,-.22,-.06,.25,-.06,.20,.18,.00,-.09,.12,-.14)*f4_15+
    vec4(-.28,-1.43,-1.82,-.35))/2.2+f4_1;
vec4 f5_2=sin(mat4(-.13,-.07,.04,-.06,.24,.12,.32,.35,-.27,-.00,.30,-.21,-.10,-.16,-.11,-.21)*f4_0+
    mat4(.31,-.16,-.30,-.34,.23,.11,.30,-.10,-.25,-.27,.08,.16,-.14,-.14,-.22,.02)*f4_1+
    mat4(-.15,-.27,-.26,.01,-.26,-.22,.11,.17,-.09,.08,-.16,.12,.23,-.25,.01,-.37)*f4_2+
    mat4(.23,-.18,-.28,-.05,.10,.02,.21,.01,-.06,-.31,-.11,-.07,-.16,-.04,-.11,-.16)*f4_3+
    mat4(-.25,.28,-.19,-.30,.13,-.04,-.16,.06,-.07,-.08,.08,.13,.03,-.18,-.05,-.07)*f4_4+
    mat4(-.02,.06,-.04,.04,-.06,-.08,-.08,-.24,-.10,.17,-.02,.30,-.09,.05,.07,.14)*f4_5+
    mat4(.18,-.34,-.27,-.26,.12,-.22,-.09,-.22,-.11,-.01,.02,.05,-.12,-.07,.13,-.25)*f4_6+
    mat4(-.19,.00,.06,.06,.33,.15,.07,.09,.18,.23,-.02,.08,.08,-.22,.31,-.26)*f4_7+
    mat4(.02,-.12,-.08,-.01,-.06,-.34,-.18,.16,.17,.28,.24,-.05,.22,.19,-.10,.27)*f4_8+
    mat4(.21,.14,.18,.19,.20,-.29,.10,.23,.06,-.16,-.16,.02,-.23,.07,.21,-.11)*f4_9+
    mat4(.19,.10,.24,-.26,-.09,.25,-.10,.32,.32,.02,.05,.06,.08,.17,.01,.10)*f4_10+
    mat4(.13,-.07,-.13,.15,-.26,-.01,.01,.19,-.33,-.02,-.14,-.16,.16,.30,.05,.03)*f4_11+
    mat4(-.25,.13,.25,-.04,-.22,-.18,-.22,-.23,-.21,.01,.20,.23,.05,.05,-.31,-.19)*f4_12+
    mat4(-.29,-.21,-.19,.04,-.25,.21,.15,-.14,.20,.01,-.20,.11,.16,-.26,.23,-.16)*f4_13+
    mat4(-.02,-.08,-.16,.28,-.10,-.01,-.11,.21,-.08,-.24,-.05,.17,-.21,-.10,-.02,.15)*f4_14+
    mat4(.21,.03,.06,.09,-.23,.03,.21,.20,.22,-.06,.14,-.17,.31,-.00,.05,-.30)*f4_15+
    vec4(-.56,-.10,.75,-1.23))/2.2+f4_2;
vec4 f5_3=sin(mat4(-.25,.09,.04,.14,.10,.29,.22,-.10,-.08,-.26,.11,.14,-.05,-.22,.09,.10)*f4_0+
    mat4(-.16,.12,-.21,-.29,-.03,.20,.27,.23,.07,-.02,.04,-.16,-.30,.05,.11,.26)*f4_1+
    mat4(.30,.17,-.17,-.01,.01,.39,.09,-.18,-.32,.10,-.17,.18,.02,-.03,-.06,.19)*f4_2+
    mat4(-.01,.17,-.24,.17,-.13,-.05,.19,.07,.04,.30,-.08,-.25,-.02,-.28,-.01,.10)*f4_3+
    mat4(.29,-.18,.02,-.20,-.17,.36,.11,-.17,.26,.24,-.19,.19,.33,.08,-.07,.26)*f4_4+
    mat4(-.17,.06,.23,-.19,-.07,-.24,.00,-.16,-.00,.09,.25,.07,.04,.22,.03,.01)*f4_5+
    mat4(.03,-.24,.17,-.28,-.31,-.24,.29,-.17,-.04,.18,.16,-.32,.00,-.16,-.11,-.08)*f4_6+
    mat4(-.30,-.30,.25,.22,-.09,.18,.03,.02,.20,.10,-.08,-.16,-.21,-.20,.09,-.24)*f4_7+
    mat4(.03,-.14,.20,.02,-.11,.12,.21,.07,-.12,-.11,.17,-.23,.05,.15,.24,.15)*f4_8+
    mat4(.21,-.28,.34,.02,-.18,.05,.24,-.23,.16,.11,.17,-.28,.09,-.05,.19,-.04)*f4_9+
    mat4(.21,.09,-.01,.06,-.20,.21,.09,-.16,.05,-.01,-.05,.05,.12,-.02,-.03,-.11)*f4_10+
    mat4(-.07,-.27,-.07,-.01,.18,-.21,-.04,-.23,-.04,-.31,-.27,-.18,-.08,.29,-.13,.19)*f4_11+
    mat4(.06,-.13,-.13,-.32,-.31,.03,.31,.12,-.26,.14,-.09,-.02,-.26,.15,.11,-.26)*f4_12+
    mat4(.18,-.31,-.06,-.13,-.01,-.17,.29,.07,.27,-.05,-.21,.29,.13,.33,.15,-.15)*f4_13+
    mat4(.12,-.11,-.14,.26,-.26,.19,.26,.22,.30,-.10,.22,-.10,-.12,.34,-.10,-.11)*f4_14+
    mat4(-.28,-.14,-.20,-.14,-.01,-.20,-.05,.09,-.15,-.27,.20,.15,-.14,.14,-.11,-.06)*f4_15+
    vec4(1.43,.29,.71,1.21))/2.2+f4_3;
vec4 f5_4=sin(mat4(.08,-.03,-.12,-.12,-.23,-.08,.12,.05,-.00,.21,.07,.05,-.17,.26,.23,-.01)*f4_0+
    mat4(.08,.13,-.16,-.19,.26,.23,.14,.15,-.29,-.37,.20,.07,.22,-.15,-.04,.14)*f4_1+
    mat4(.18,.26,.02,-.32,.08,-.18,.08,.14,.10,.13,.01,.13,.25,.11,.25,-.23)*f4_2+
    mat4(.25,-.01,.19,-.26,.04,-.20,-.18,-.22,-.09,.11,.30,-.12,-.18,.15,.12,.04)*f4_3+
    mat4(-.01,.23,-.11,.15,-.01,.18,.10,-.27,.23,-.15,.09,-.26,-.15,.34,.14,.31)*f4_4+
    mat4(.14,.22,-.20,.28,.23,.03,.16,.35,.14,.26,-.25,-.15,-.12,.01,.13,.05)*f4_5+
    mat4(.09,.32,.00,.27,-.11,-.08,.04,-.19,-.09,-.02,.04,.30,.20,-.23,-.06,.14)*f4_6+
    mat4(.21,-.24,.10,.29,.02,.24,.08,.21,-.20,.04,-.08,-.01,.20,-.04,-.01,-.17)*f4_7+
    mat4(-.22,.01,.16,.03,-.05,-.21,.06,.09,-.27,-.29,-.16,.12,-.04,-.15,-.24,-.14)*f4_8+
    mat4(-.20,-.20,.22,.13,.16,.09,.26,-.15,-.25,.16,-.19,-.10,-.02,-.22,.05,.05)*f4_9+
    mat4(-.26,-.09,-.17,-.22,.10,-.14,.19,.01,.24,-.11,.25,-.17,.28,.20,.05,.18)*f4_10+
    mat4(-.19,.14,-.10,.08,.02,-.24,-.00,-.21,-.18,-.17,.21,-.31,-.02,-.03,-.16,-.16)*f4_11+
    mat4(-.19,.21,.05,.19,-.16,.23,.16,.01,-.20,-.21,-.19,.07,.19,.09,.14,-.23)*f4_12+
    mat4(.14,-.06,.13,.06,-.04,.01,-.08,-.20,-.16,.02,-.05,.10,.06,.01,-.11,-.25)*f4_13+
    mat4(-.26,.21,.25,-.17,-.01,-.22,-.07,-.15,.23,-.15,-.14,-.22,.11,.15,.18,-.06)*f4_14+
    mat4(-.22,-.18,.24,-.17,.02,.21,.29,-.03,.22,-.03,-.21,-.06,.16,-.13,.16,-.03)*f4_15+
    vec4(.90,-.18,-.86,.64))/2.2+f4_4;
vec4 f5_5=sin(mat4(-.36,-.12,-.02,.01,.20,.24,-.21,.04,.10,.16,-.30,-.14,-.01,-.22,.27,-.30)*f4_0+
    mat4(.22,-.30,.25,.12,-.29,.16,.05,-.08,.30,-.21,-.18,-.27,.02,.22,-.13,-.23)*f4_1+
    mat4(.03,-.12,.23,-.14,-.11,-.16,.10,.22,.09,-.18,.12,-.10,.07,.23,-.22,.11)*f4_2+
    mat4(-.25,.22,.01,-.28,-.04,-.18,.15,-.02,.09,-.14,-.29,-.24,-.32,-.03,.20,-.23)*f4_3+
    mat4(-.24,-.17,.32,.32,-.24,-.09,.28,-.04,.17,-.17,.04,.26,-.12,-.11,-.16,-.06)*f4_4+
    mat4(-.07,.06,.14,-.24,-.20,.09,.06,-.33,-.05,.13,-.12,.04,.22,-.05,-.02,.27)*f4_5+
    mat4(-.18,.17,.20,.07,.13,.19,.03,-.17,.02,.05,-.14,.19,.06,-.23,.19,-.31)*f4_6+
    mat4(.20,-.02,.21,-.20,-.17,-.03,-.13,-.02,.05,.08,-.16,-.19,.02,.28,.21,-.21)*f4_7+
    mat4(.28,-.20,-.04,.18,-.24,.26,.05,-.27,.22,-.13,-.06,-.07,-.01,-.28,.14,-.22)*f4_8+
    mat4(.05,-.11,-.24,.04,.08,-.12,.24,.03,.31,-.15,-.30,.18,-.10,-.20,-.03,.15)*f4_9+
    mat4(-.08,-.08,.29,.08,.28,.13,.26,.11,-.19,.19,.03,.12,.01,.01,-.12,.27)*f4_10+
    mat4(-.08,.20,.12,.04,-.09,.24,.17,.00,-.27,-.22,-.18,.22,.36,.06,-.07,-.27)*f4_11+
    mat4(.25,.37,-.24,.20,.17,.08,-.15,-.09,.11,-.23,.06,.01,.29,.02,-.33,-.02)*f4_12+
    mat4(-.20,-.09,.10,-.15,.02,-.29,.03,.10,.18,-.19,-.16,.15,.05,.31,-.08,-.36)*f4_13+
    mat4(-.15,-.04,-.01,-.31,-.31,-.01,-.08,-.22,-.09,.30,-.16,.30,.05,-.03,.09,-.30)*f4_14+
    mat4(-.13,.20,-.18,.13,-.32,-.08,-.13,.09,-.14,-.06,-.14,.24,.07,-.16,.23,.28)*f4_15+
    vec4(-1.20,.35,.35,-1.09))/2.2+f4_5;
vec4 f5_6=sin(mat4(-.30,-.17,.01,.14,.21,-.05,-.01,.01,.31,-.05,.27,.27,-.09,-.02,.20,.03)*f4_0+
    mat4(.01,-.14,.28,.25,-.19,.10,-.05,.02,.22,.16,-.02,.22,.15,-.19,.02,.24)*f4_1+
    mat4(-.19,.23,-.00,-.06,.23,.02,.33,.17,-.01,-.24,-.15,-.16,.11,-.15,-.26,-.25)*f4_2+
    mat4(-.31,.22,.01,.18,.26,-.23,-.22,-.27,-.16,.13,-.26,-.21,-.33,.17,-.10,.02)*f4_3+
    mat4(.21,-.14,.21,-.06,-.06,-.06,.14,.11,-.27,.18,-.27,.04,.16,.01,-.04,.09)*f4_4+
    mat4(.15,-.22,.09,.07,-.03,-.13,.24,.15,-.24,.27,.10,-.18,.12,-.02,.03,.20)*f4_5+
    mat4(.13,-.25,.25,-.12,.21,.01,-.15,-.15,-.17,-.28,-.04,-.13,-.07,-.03,.25,.23)*f4_6+
    mat4(-.17,-.23,.13,.26,.10,.20,.14,.13,-.28,-.19,.04,-.16,.29,-.28,.28,-.05)*f4_7+
    mat4(-.09,-.07,-.06,.17,.01,.20,.16,-.06,-.22,.13,.29,.03,.24,-.15,-.22,.16)*f4_8+
    mat4(-.05,.14,.10,.20,.22,-.08,-.26,-.07,.12,.12,-.27,.02,.09,.12,-.08,-.18)*f4_9+
    mat4(.11,-.23,-.04,.16,.10,-.00,.10,.16,.06,-.16,-.04,.09,-.19,.19,-.12,.29)*f4_10+
    mat4(.31,.27,.13,-.25,.17,-.28,.25,.05,.28,-.01,.23,-.21,.09,-.23,.21,-.15)*f4_11+
    mat4(-.02,-.11,-.03,-.09,.10,.29,.27,-.08,-.26,-.03,-.00,-.06,-.09,-.02,-.11,-.01)*f4_12+
    mat4(-.26,.06,.22,.09,.13,-.29,.28,.11,-.01,.24,.27,.23,-.03,.21,.09,.27)*f4_13+
    mat4(-.04,-.27,.21,-.23,-.17,.14,.25,-.25,.22,.08,.14,.15,.13,.18,.26,-.03)*f4_14+
    mat4(.02,.19,.30,.20,.28,.13,-.09,.02,-.05,.08,-.09,.27,.16,-.20,-.21,.21)*f4_15+
    vec4(1.55,-1.76,1.63,-1.20))/2.2+f4_6;
vec4 f5_7=sin(mat4(-.08,-.27,-.04,-.05,-.01,-.16,.11,-.24,-.09,-.01,.04,-.11,.09,-.09,-.19,.02)*f4_0+
    mat4(-.14,-.13,-.12,-.05,-.09,.14,.12,.06,-.23,-.21,.19,.23,-.31,-.03,.01,-.20)*f4_1+
    mat4(.05,.06,-.12,.20,.08,.24,-.00,-.26,.20,-.04,-.08,.13,-.05,.25,.08,-.22)*f4_2+
    mat4(-.12,-.11,-.26,.12,-.08,-.12,.05,.22,-.03,.21,.30,-.04,-.32,-.16,-.16,-.34)*f4_3+
    mat4(.28,-.20,-.14,.02,.02,.24,-.29,-.07,.13,-.23,-.26,.23,-.15,.01,-.25,-.10)*f4_4+
    mat4(.27,.13,-.22,-.34,.24,-.13,.06,.22,-.08,-.04,-.24,-.25,.14,.22,.21,-.10)*f4_5+
    mat4(.08,-.15,-.09,-.02,.19,-.29,.04,-.26,.18,-.06,-.14,.01,.08,-.27,.16,.01)*f4_6+
    mat4(-.05,-.14,.25,-.18,-.03,.29,-.12,-.22,-.07,-.24,-.03,.07,-.03,.25,-.26,.26)*f4_7+
    mat4(-.10,-.26,.00,-.17,.32,.09,.12,.33,.14,-.29,-.21,-.06,-.07,.03,.23,-.14)*f4_8+
    mat4(-.10,.26,.31,.06,.16,-.02,-.28,.02,-.34,.21,.08,.27,-.02,.18,-.13,.19)*f4_9+
    mat4(-.17,-.30,.24,.14,.01,-.26,.24,.05,-.04,-.27,.26,-.23,-.10,.08,.20,-.03)*f4_10+
    mat4(-.22,.28,.01,.24,-.29,.02,-.14,-.11,-.19,.28,-.18,-.05,.17,-.19,.12,-.26)*f4_11+
    mat4(-.23,.02,-.20,-.02,-.05,-.25,-.17,-.18,.22,-.25,.02,-.10,.01,.23,.20,-.27)*f4_12+
    mat4(-.08,-.19,.14,.17,-.18,.16,-.29,-.11,.24,.18,-.24,-.20,-.04,-.24,.05,.27)*f4_13+
    mat4(-.14,.18,-.06,.08,-.31,-.09,.20,-.31,.16,.19,.08,.09,.24,-.20,.23,-.27)*f4_14+
    mat4(.12,-.15,.19,.11,.26,-.17,-.24,-.05,-.10,.15,.12,.15,-.04,-.07,-.24,-.01)*f4_15+
    vec4(.78,.97,.20,-1.35))/2.2+f4_7;
vec4 f5_8=sin(mat4(.08,.14,.29,-.13,-.12,-.03,-.22,-.22,-.15,-.23,.17,-.09,-.01,.19,.25,.12)*f4_0+
    mat4(.11,-.24,-.34,-.23,-.01,-.19,.02,-.01,-.06,.01,.23,.09,-.09,-.22,-.25,.19)*f4_1+
    mat4(-.19,-.14,.26,.20,-.27,-.24,-.04,.26,.01,.03,-.11,-.13,-.27,-.20,-.24,-.18)*f4_2+
    mat4(-.14,-.09,-.04,-.24,-.23,.15,-.20,-.22,-.01,-.34,-.24,-.30,.24,-.10,.11,.18)*f4_3+
    mat4(.09,-.19,-.20,-.12,.08,.26,.14,.24,.26,-.00,-.25,.19,-.20,-.20,.16,-.18)*f4_4+
    mat4(.05,.24,.03,.20,.07,-.22,.04,-.08,.33,.14,-.25,.05,-.11,.11,-.06,.09)*f4_5+
    mat4(.26,-.18,-.01,-.03,.02,.32,-.12,-.27,.24,.26,-.16,-.18,-.24,-.25,.17,.07)*f4_6+
    mat4(-.22,.19,.20,-.18,-.10,.06,-.02,-.29,.26,-.03,-.29,.08,-.15,.14,.19,.26)*f4_7+
    mat4(-.15,-.11,.03,-.01,-.22,.10,-.23,-.32,.06,.19,-.21,.05,.03,.20,.23,.18)*f4_8+
    mat4(-.04,-.14,.08,.04,.01,-.10,-.30,-.17,-.17,-.14,.21,-.07,.04,.27,-.21,.21)*f4_9+
    mat4(-.27,-.17,.14,-.15,.13,.09,.01,.02,-.30,-.08,.11,-.22,-.09,.20,-.05,.01)*f4_10+
    mat4(.16,.22,.18,.14,-.06,.00,.16,.05,.19,-.11,-.18,-.25,-.25,-.17,.06,-.28)*f4_11+
    mat4(-.27,.07,.11,.04,.24,-.26,-.10,.15,-.04,.26,-.01,-.22,.23,.07,.16,.02)*f4_12+
    mat4(.26,.10,.18,.28,.29,-.00,-.18,-.24,.14,.10,-.22,.17,.06,.04,-.06,.31)*f4_13+
    mat4(-.18,-.10,.13,.22,.18,.12,-.31,.05,.04,-.13,.02,-.12,-.01,-.27,.20,.29)*f4_14+
    mat4(-.20,-.24,.16,.22,.21,-.09,.30,.09,.08,-.14,.03,-.07,-.06,.30,-.03,.28)*f4_15+
    vec4(-.44,1.56,1.49,-.43))/2.2+f4_8;
vec4 f5_9=sin(mat4(.18,.23,-.00,-.19,-.01,.07,-.21,-.04,.19,-.11,.34,-.27,.06,-.09,-.11,-.21)*f4_0+
    mat4(.05,-.11,-.01,.20,-.19,.23,-.03,-.31,.16,-.02,.03,-.05,.17,.04,-.21,-.22)*f4_1+
    mat4(-.14,.06,-.20,.23,.09,.21,-.32,-.28,-.16,.11,-.32,.20,.04,-.22,-.01,.13)*f4_2+
    mat4(-.08,.08,.16,.03,.23,-.11,.27,-.16,-.04,-.04,-.31,.02,.14,.19,.02,.13)*f4_3+
    mat4(-.07,-.15,.25,-.25,-.24,.02,.09,.15,-.05,-.10,-.17,.02,.10,.30,.24,.32)*f4_4+
    mat4(-.27,.06,-.07,-.21,.08,-.08,.21,-.37,.22,.18,.19,-.01,-.17,.17,-.31,-.04)*f4_5+
    mat4(.08,.20,.08,-.25,.06,-.00,.26,-.11,.10,.34,.08,.30,-.20,-.21,.20,.14)*f4_6+
    mat4(.01,.25,.16,.09,-.29,-.22,.03,.18,-.24,.15,.27,.03,-.34,-.22,-.03,.03)*f4_7+
    mat4(-.17,.22,.22,-.12,.23,.20,.15,-.28,-.16,-.26,-.01,.07,-.27,-.10,.19,.07)*f4_8+
    mat4(.20,-.02,.19,.24,.29,-.19,-.09,.08,.12,.02,.27,-.07,-.09,-.15,.25,-.08)*f4_9+
    mat4(.00,-.03,.18,.06,.04,-.19,.19,.04,-.27,.17,-.09,-.01,.15,-.10,.07,.13)*f4_10+
    mat4(.28,-.23,.16,-.22,.11,.14,.22,.14,.26,-.14,-.18,-.19,-.22,.24,.04,-.25)*f4_11+
    mat4(-.25,-.02,-.26,.09,.10,.04,-.29,-.14,.16,-.22,.06,.08,-.07,-.18,.28,-.19)*f4_12+
    mat4(-.29,.16,.08,-.08,-.09,.18,-.19,-.07,.00,-.24,-.10,.12,.02,.27,.07,.28)*f4_13+
    mat4(-.11,-.14,.16,.15,.24,.07,.18,-.06,.06,-.04,-.05,-.21,-.23,.08,-.06,.13)*f4_14+
    mat4(-.31,.03,.16,.15,.31,.07,-.04,-.15,.05,-.14,-.30,-.21,-.05,.28,.26,.16)*f4_15+
    vec4(1.33,-1.27,1.86,-.48))/2.2+f4_9;
vec4 f5_10=sin(mat4(.09,-.09,-.14,.31,-.07,-.21,.28,.36,.18,-.26,-.11,.03,.23,.01,.15,.14)*f4_0+
    mat4(.07,.18,-.21,-.22,-.06,.07,-.26,.07,.11,.27,.02,.19,.17,.12,-.10,.11)*f4_1+
    mat4(.20,-.02,.09,.17,-.16,.15,-.06,-.03,.11,-.15,.27,.07,-.10,.01,.11,.21)*f4_2+
    mat4(-.13,.24,.22,.16,-.16,.17,-.31,-.16,-.11,.22,-.05,-.17,.02,-.14,.17,-.23)*f4_3+
    mat4(-.06,.02,.03,-.25,.20,.16,.09,-.26,-.04,.07,-.17,.05,.09,.01,-.25,.14)*f4_4+
    mat4(-.09,-.12,.14,.26,.08,.12,.19,-.10,.08,-.09,.15,.28,.25,-.24,.18,.25)*f4_5+
    mat4(-.25,-.25,-.13,.13,-.29,-.17,-.01,.06,-.02,.01,-.03,.16,.23,-.07,-.25,.14)*f4_6+
    mat4(-.29,.08,-.18,.11,-.03,.00,-.11,-.11,.02,.25,.04,-.20,.13,-.15,.13,-.11)*f4_7+
    mat4(.07,.09,-.20,-.25,-.04,.25,-.08,-.07,-.24,-.10,.03,.06,-.16,.05,.04,.23)*f4_8+
    mat4(.00,.14,-.15,.08,.24,.03,.15,-.04,.14,-.07,.09,-.03,.10,.04,-.06,.21)*f4_9+
    mat4(.28,.12,.30,.09,-.26,.22,.17,.29,.00,-.17,.17,.36,-.22,.08,-.25,.09)*f4_10+
    mat4(-.24,.10,-.01,.11,.12,-.03,.21,-.19,-.05,-.23,-.13,.28,.15,.06,.10,-.27)*f4_11+
    mat4(.30,-.16,.07,-.29,.20,-.15,.03,.18,-.18,.18,.19,.02,-.02,.22,-.11,-.09)*f4_12+
    mat4(-.05,.14,.09,.16,.29,.00,.03,.06,.03,-.34,.15,-.08,.28,.20,.22,.25)*f4_13+
    mat4(.25,-.29,-.29,-.19,-.04,-.08,.14,.13,.09,-.13,.15,.27,-.24,.07,-.17,.29)*f4_14+
    mat4(-.11,-.31,-.13,.12,.27,.28,-.28,.14,-.27,-.29,-.10,-.32,-.04,.01,.08,.25)*f4_15+
    vec4(-.10,-.40,-1.54,-.64))/2.2+f4_10;
vec4 f5_11=sin(mat4(-.29,.02,-.15,-.05,.23,-.20,.19,.21,-.31,-.16,-.19,.28,-.24,.22,-.10,-.11)*f4_0+
    mat4(-.28,.19,-.29,-.18,-.27,.03,-.32,.31,.22,.09,.17,.17,.30,.20,.01,-.15)*f4_1+
    mat4(.17,-.25,-.00,.09,.08,-.00,.22,-.19,.23,-.26,.22,.06,-.07,-.11,-.16,.20)*f4_2+
    mat4(.19,-.00,.22,-.33,-.04,-.23,.06,-.22,.25,.08,-.12,.34,-.18,-.12,.09,.15)*f4_3+
    mat4(.14,.28,-.14,.04,-.17,-.22,.17,.27,-.00,-.02,-.30,-.20,.20,-.02,.12,-.05)*f4_4+
    mat4(-.00,-.09,.12,.31,.04,.08,.04,.17,.10,.21,.31,.15,.26,-.17,.07,.09)*f4_5+
    mat4(.07,-.19,.01,-.00,-.08,-.20,-.18,.12,.16,.23,-.19,.17,.27,-.07,-.13,.21)*f4_6+
    mat4(.05,-.23,-.07,.33,.17,-.07,-.05,.16,-.15,-.10,-.11,.16,.20,.15,-.26,.35)*f4_7+
    mat4(-.04,.02,.30,.03,.10,.19,-.23,.02,-.04,-.26,-.02,.15,-.03,.00,.24,-.07)*f4_8+
    mat4(-.13,.12,-.18,-.24,-.04,.09,-.08,.15,.22,-.10,-.28,-.15,-.24,-.02,-.18,.27)*f4_9+
    mat4(-.09,.29,.30,.11,-.05,.26,-.16,-.03,-.04,-.23,.08,.31,-.19,.26,.30,.21)*f4_10+
    mat4(-.07,.03,.06,.13,.00,-.12,-.10,-.22,-.19,-.19,.19,.05,.13,.30,.30,-.31)*f4_11+
    mat4(.20,-.14,-.08,.11,-.19,.04,-.23,-.14,.10,.20,-.21,.04,.23,-.06,.00,-.13)*f4_12+
    mat4(-.12,.02,.19,.08,-.31,.28,.19,.16,-.01,.06,.07,-.23,.01,.19,.14,.14)*f4_13+
    mat4(.22,-.06,.13,.03,.03,.15,.26,-.18,.16,.15,-.06,.15,.24,-.31,.01,.29)*f4_14+
    mat4(-.18,.14,-.18,-.26,-.09,-.17,.27,.29,-.14,-.13,.16,.01,-.19,-.13,.01,.11)*f4_15+
    vec4(-.72,.86,.55,.77))/2.2+f4_11;
vec4 f5_12=sin(mat4(-.07,.09,.17,-.10,.15,-.04,-.17,-.08,.03,.11,.01,-.02,-.02,.25,.24,-.15)*f4_0+
    mat4(.17,.01,.18,-.00,-.04,.23,-.04,.16,-.08,.18,.05,.06,-.33,.08,.12,.03)*f4_1+
    mat4(.10,.01,.09,.10,-.15,-.29,.03,-.08,.18,-.27,-.30,.23,.09,.14,.09,.07)*f4_2+
    mat4(.22,-.09,.09,.08,.15,.24,.01,.05,-.00,-.08,.04,-.15,-.00,.14,-.28,-.08)*f4_3+
    mat4(-.16,-.23,-.16,-.10,.15,.07,.09,.22,.23,-.12,-.07,-.16,-.18,.23,-.18,.00)*f4_4+
    mat4(.06,-.34,-.11,-.02,-.03,.04,.18,.06,-.16,.00,.13,.05,.15,-.17,.03,.14)*f4_5+
    mat4(.06,.34,.03,-.15,-.03,.04,.15,-.21,.18,-.03,-.16,.06,.16,-.09,-.19,.15)*f4_6+
    mat4(-.05,-.28,-.03,-.09,-.13,-.26,-.12,-.06,-.19,-.18,-.27,.00,-.29,.14,.17,.05)*f4_7+
    mat4(.22,.01,-.19,.17,-.01,.27,.06,.29,.01,-.24,.00,-.22,-.16,-.16,-.21,.01)*f4_8+
    mat4(.11,-.16,-.15,.20,-.20,-.14,-.04,-.15,-.32,-.14,-.22,-.12,-.03,-.05,.27,-.29)*f4_9+
    mat4(-.14,-.20,-.26,-.10,.14,-.09,.04,-.19,.30,.09,.14,-.04,-.07,.26,-.27,.25)*f4_10+
    mat4(.16,.29,.16,.06,-.03,-.01,-.21,.05,.14,.23,.27,.07,.20,-.30,-.04,-.11)*f4_11+
    mat4(-.17,-.01,.18,.22,-.15,-.29,.23,.18,-.11,.12,.01,.27,.02,-.04,.06,.26)*f4_12+
    mat4(-.21,-.20,-.05,-.15,.27,.26,-.25,-.27,.08,-.25,.18,-.09,.16,-.13,.13,-.23)*f4_13+
    mat4(.15,-.13,-.20,-.30,-.17,-.31,.23,.20,-.12,.13,-.01,.24,-.04,.16,.14,.21)*f4_14+
    mat4(.04,.23,-.25,.06,.23,-.20,-.04,.05,-.17,-.13,.14,-.08,-.14,.08,-.09,.15)*f4_15+
    vec4(1.01,1.31,.11,-.61))/2.2+f4_12;
vec4 f5_13=sin(mat4(-.01,-.02,.01,-.26,-.20,.11,.30,-.29,-.07,-.19,.20,-.15,-.03,-.21,-.22,.16)*f4_0+
    mat4(.01,-.09,-.29,-.17,-.03,.27,.18,-.05,-.28,.16,.23,.02,.31,-.24,.24,-.27)*f4_1+
    mat4(.21,-.10,-.06,-.07,-.08,-.23,.31,-.12,-.16,-.17,-.13,-.17,-.19,.28,.24,.21)*f4_2+
    mat4(.12,-.18,-.06,.21,-.18,.10,-.04,-.17,.16,.19,.28,-.22,.06,.06,.10,.12)*f4_3+
    mat4(.28,-.23,.16,.18,.11,.17,-.30,.03,.21,.18,-.05,.12,-.17,-.05,-.02,.12)*f4_4+
    mat4(.29,.03,.28,-.14,.25,.13,-.03,-.01,-.03,-.04,.13,-.18,-.19,.06,.29,-.13)*f4_5+
    mat4(-.03,.08,-.15,-.28,-.14,.14,.03,-.14,.12,.23,-.09,-.13,.36,-.18,.07,.02)*f4_6+
    mat4(-.13,.22,-.05,-.10,.20,.22,-.19,-.18,-.23,.09,-.06,-.28,-.00,-.24,.13,-.28)*f4_7+
    mat4(-.05,.30,-.08,-.16,-.18,.10,.14,-.13,.08,.24,.20,.02,-.27,.01,-.12,.11)*f4_8+
    mat4(.24,.16,.18,-.07,-.17,-.12,-.17,-.15,.14,.09,-.26,.15,-.09,-.11,.26,.03)*f4_9+
    mat4(.13,.10,.16,-.29,-.30,-.12,.01,-.11,-.06,-.31,-.22,.01,.05,-.09,-.17,.17)*f4_10+
    mat4(-.02,.07,-.25,-.08,-.11,.22,.05,.17,-.12,.04,-.06,.16,.30,-.21,-.25,.14)*f4_11+
    mat4(.08,-.02,.28,-.28,.25,.11,-.22,.18,.09,.25,.26,.20,-.02,-.17,.21,.02)*f4_12+
    mat4(.20,-.04,-.05,.06,.12,.20,.07,.30,-.07,-.12,-.08,.23,-.14,.23,.22,.10)*f4_13+
    mat4(-.03,-.24,.11,.14,.03,.09,.10,.14,.25,.10,-.21,.23,-.11,.00,.12,.02)*f4_14+
    mat4(-.14,-.12,-.23,.01,-.17,-.27,.23,-.06,-.12,.13,.07,.01,.13,-.22,.08,-.04)*f4_15+
    vec4(-1.71,-.73,-.33,-.02))/2.2+f4_13;
vec4 f5_14=sin(mat4(-.15,.19,.16,-.22,-.23,-.03,-.13,-.05,.25,-.05,.32,.10,-.10,-.08,.18,.20)*f4_0+
    mat4(-.10,.01,-.09,.20,-.24,.11,.07,.08,.19,.17,-.09,-.25,-.14,.27,.12,-.14)*f4_1+
    mat4(-.15,-.15,-.08,-.26,-.27,-.21,-.04,-.01,-.25,-.16,.17,.18,.23,-.09,-.17,.13)*f4_2+
    mat4(-.20,-.12,.25,.26,.26,.08,-.09,-.19,.28,-.18,.25,-.25,.19,.03,-.16,.24)*f4_3+
    mat4(-.14,.22,.22,.24,-.01,.24,.19,.14,.12,-.01,-.14,.06,.02,-.10,.11,.06)*f4_4+
    mat4(-.22,.01,.08,.06,-.07,.20,-.20,-.28,-.11,-.25,.20,-.06,-.16,-.30,.17,.26)*f4_5+
    mat4(-.21,.27,.03,.04,-.21,-.06,-.16,.07,.01,-.01,.03,-.04,-.00,-.30,.08,-.14)*f4_6+
    mat4(-.23,-.29,.25,-.30,.15,-.01,-.01,-.10,.15,-.22,-.25,-.00,.12,-.14,.25,-.12)*f4_7+
    mat4(.28,.02,-.30,-.25,.29,.11,-.04,.16,-.03,.05,-.02,.09,-.02,.26,-.12,-.11)*f4_8+
    mat4(-.01,.26,-.18,.04,.06,.21,.25,.30,.29,.10,.03,.26,-.07,-.06,-.24,.02)*f4_9+
    mat4(-.13,-.08,.10,-.02,.01,-.02,-.26,.08,.16,.05,-.17,.28,-.29,.16,.25,.11)*f4_10+
    mat4(-.30,-.01,-.19,.15,-.19,-.17,.08,-.27,.19,-.11,.25,.04,.06,-.16,.14,-.25)*f4_11+
    mat4(-.24,.27,.28,-.24,.13,.23,-.09,-.27,-.08,.06,.32,-.27,.15,-.06,.23,.18)*f4_12+
    mat4(-.30,.05,-.27,-.16,-.05,-.22,-.07,-.13,-.34,.17,-.23,-.04,-.13,.02,.26,-.12)*f4_13+
    mat4(.27,.07,-.23,.16,.01,.20,.19,.12,-.21,-.01,.06,.23,-.18,.04,.06,.13)*f4_14+
    mat4(-.20,.29,-.25,-.15,-.03,.20,-.01,-.29,.10,-.24,.01,-.13,.02,.22,.27,-.04)*f4_15+
    vec4(-.66,-.46,1.00,1.28))/2.2+f4_14;
vec4 f5_15=sin(mat4(-.11,-.12,.04,.07,-.11,.11,-.04,.11,.26,-.06,.15,-.05,.01,-.20,-.06,.25)*f4_0+
    mat4(-.27,.24,.27,-.14,.11,.15,.11,-.04,-.15,.24,-.15,.14,.12,-.16,-.14,.24)*f4_1+
    mat4(.02,-.12,-.22,-.27,.02,.04,-.11,.00,-.23,-.02,-.16,.07,-.29,.24,.25,-.18)*f4_2+
    mat4(-.31,.21,.09,-.07,.04,.15,.29,-.30,-.15,.09,-.11,-.05,.12,-.08,-.11,.03)*f4_3+
    mat4(.19,-.04,.19,.24,.14,.27,.10,.08,.11,-.08,.24,.02,.25,-.11,.27,-.20)*f4_4+
    mat4(.20,.26,.19,.18,.23,.14,-.21,.08,-.02,-.13,.01,-.13,.31,-.12,.15,-.20)*f4_5+
    mat4(-.33,-.20,.12,.15,-.22,-.03,-.08,-.05,.00,-.18,.20,-.26,-.20,.04,-.10,-.06)*f4_6+
    mat4(-.05,-.14,-.04,-.21,-.14,.06,-.04,-.06,.07,.19,.24,.23,-.17,.21,.09,.27)*f4_7+
    mat4(.01,.24,.16,-.11,-.05,.25,.24,-.09,.16,.27,.06,.11,.10,.15,-.09,-.15)*f4_8+
    mat4(-.28,.01,-.07,.22,-.28,.16,-.13,.32,-.19,.24,.12,.16,-.04,-.27,-.27,-.22)*f4_9+
    mat4(.00,-.14,-.26,-.12,-.04,-.14,.06,-.31,-.32,.02,.13,-.16,.11,.07,.18,-.13)*f4_10+
    mat4(.09,.16,-.24,.18,.17,-.16,-.01,-.06,-.21,-.18,-.22,.31,.20,-.17,.06,.14)*f4_11+
    mat4(.32,.14,.19,-.04,-.03,-.14,.02,-.36,-.14,.06,.25,-.23,-.02,.04,-.24,.19)*f4_12+
    mat4(.31,.22,.01,-.01,.11,-.06,-.07,.17,-.26,-.03,.27,-.19,-.19,.01,.17,.21)*f4_13+
    mat4(-.11,-.17,-.02,.09,.18,.02,-.10,.15,-.21,-.27,.12,.00,.03,-.08,.20,-.26)*f4_14+
    mat4(.27,-.15,.13,.02,-.01,.23,-.11,-.28,.07,.09,.02,-.21,-.10,.02,-.21,.01)*f4_15+
    vec4(1.66,1.62,1.69,-.86))/2.2+f4_15;
vec4 f6_0=sin(mat4(-.00,.14,.21,.04,.10,-.31,-.25,-.19,-.13,.23,.11,-.29,.26,-.07,.02,.24)*f5_0+
    mat4(-.22,.29,.02,-.15,-.29,.06,-.24,.18,-.09,-.31,.05,.02,-.27,.10,-.22,.01)*f5_1+
    mat4(.01,.01,.04,-.19,.26,-.01,.02,.01,-.04,-.18,-.29,-.01,-.25,.05,-.09,-.21)*f5_2+
    mat4(-.25,.31,-.23,.05,-.05,.17,-.10,.18,.24,.03,.15,-.08,.03,.00,-.04,.19)*f5_3+
    mat4(.12,-.15,.21,.02,-.14,-.18,.11,.02,.05,-.23,-.06,-.12,-.27,-.09,.09,.10)*f5_4+
    mat4(.06,-.14,-.06,-.06,.08,.00,.19,.34,.15,.22,.21,.24,.28,.26,-.02,.27)*f5_5+
    mat4(.26,-.16,.02,.16,-.15,-.15,-.13,.15,-.09,-.16,.02,.21,-.26,-.03,-.14,.11)*f5_6+
    mat4(-.15,.03,-.02,-.22,.12,-.13,.18,.16,-.13,.15,.02,.02,-.16,.15,.04,-.30)*f5_7+
    mat4(.29,-.27,-.24,.10,.14,.15,-.02,-.37,.00,-.12,-.15,.17,.19,-.02,-.13,.30)*f5_8+
    mat4(-.17,.18,.01,-.32,.24,-.06,.30,.12,.04,.07,.10,.14,-.09,-.18,-.04,-.14)*f5_9+
    mat4(-.25,.24,.26,.09,-.01,.02,.19,-.26,-.17,.11,-.07,.00,-.20,-.25,.14,.08)*f5_10+
    mat4(-.22,.09,.25,-.15,-.14,.06,.01,-.17,-.13,.20,.07,-.12,.20,.24,-.07,.06)*f5_11+
    mat4(-.16,-.03,-.08,.16,.31,.19,-.26,.29,-.27,-.02,-.34,-.01,-.07,.01,-.12,.01)*f5_12+
    mat4(-.23,-.17,-.07,.21,.09,.05,.04,.22,.11,-.14,.03,.26,.05,.25,-.00,.23)*f5_13+
    mat4(.09,-.30,-.16,.19,.19,.23,.25,.23,.01,-.06,-.20,.11,.21,-.02,.13,.13)*f5_14+
    mat4(.12,-.22,.08,.17,.00,.06,.06,-.01,-.28,.21,-.06,.03,-.03,-.09,-.10,.18)*f5_15+
    vec4(-.23,.74,-1.07,-.73))/2.4+f5_0;
vec4 f6_1=sin(mat4(-.10,-.16,-.08,-.16,-.30,-.20,.21,-.26,.07,.02,-.11,-.07,-.22,-.02,-.28,.20)*f5_0+
    mat4(.04,.27,.28,-.04,-.20,-.02,.12,.25,.35,-.25,.02,.04,.29,-.18,.07,.17)*f5_1+
    mat4(.02,-.19,-.11,-.23,-.23,.09,-.00,.21,.04,-.23,-.04,-.24,-.18,.01,-.20,.14)*f5_2+
    mat4(.15,-.13,-.13,-.23,-.27,.15,-.08,.08,.07,.06,.14,.01,.19,-.25,.12,.26)*f5_3+
    mat4(-.17,-.21,.10,-.20,.12,.09,-.21,-.27,-.26,.27,.00,-.11,.22,.24,-.25,.00)*f5_4+
    mat4(-.34,.08,-.09,-.20,-.03,.14,.02,.18,-.06,.10,.22,.30,.42,-.23,-.27,.12)*f5_5+
    mat4(.15,-.20,.27,.10,.28,.32,.22,-.06,-.13,-.14,-.09,-.04,.36,-.22,-.12,-.25)*f5_6+
    mat4(-.13,.25,.08,.21,.04,.16,-.08,.25,.27,-.01,.11,-.17,.03,-.24,-.11,.31)*f5_7+
    mat4(-.11,-.06,-.09,-.00,-.01,-.27,-.00,-.15,.15,-.15,-.25,-.05,.09,-.17,-.21,.12)*f5_8+
    mat4(.11,.16,.15,.23,.11,.02,-.07,.04,-.20,-.22,-.03,-.18,-.01,.18,.06,-.30)*f5_9+
    mat4(.12,-.14,.29,.02,.11,-.01,.26,-.22,.11,-.24,-.08,.18,.23,-.23,-.24,.10)*f5_10+
    mat4(.02,.08,.06,-.23,-.37,-.24,-.02,.13,-.22,.26,-.10,-.14,-.30,.02,.20,-.16)*f5_11+
    mat4(-.09,-.12,.10,-.16,.10,.04,-.19,-.04,-.01,-.20,-.01,.01,-.17,-.20,-.21,.05)*f5_12+
    mat4(.01,-.07,.26,.12,-.07,.27,.16,-.17,-.36,-.10,-.25,.02,.01,.20,.26,.01)*f5_13+
    mat4(.11,.02,.07,-.28,-.07,-.22,.12,-.20,-.18,.21,-.10,.12,.27,-.18,-.02,.18)*f5_14+
    mat4(.03,-.28,-.20,.07,-.09,.09,-.03,.02,.31,-.12,.07,.03,-.25,-.14,.09,.29)*f5_15+
    vec4(-1.06,1.66,1.84,-.29))/2.4+f5_1;
vec4 f6_2=sin(mat4(.01,-.25,-.07,.09,-.05,.25,-.21,.23,-.13,.22,-.08,-.09,-.03,-.12,-.11,.00)*f5_0+
    mat4(.28,-.24,.09,.18,.13,.01,-.18,.22,-.19,.24,.05,-.20,.20,-.07,-.24,-.09)*f5_1+
    mat4(.03,.05,.17,-.21,-.22,.18,.18,-.17,-.08,-.21,.13,.05,-.06,.32,.28,.27)*f5_2+
    mat4(-.12,.37,.20,-.17,-.11,-.24,-.28,.15,-.03,.11,-.07,-.13,-.07,.32,.07,-.33)*f5_3+
    mat4(-.21,.18,-.03,-.30,.21,.13,-.36,-.21,-.28,.18,-.19,.31,.04,-.21,.22,.16)*f5_4+
    mat4(.02,-.20,.34,-.07,-.15,-.22,-.29,.15,-.05,.07,-.26,-.14,-.24,.17,-.17,-.23)*f5_5+
    mat4(.11,.15,.08,-.11,-.09,-.09,.12,-.24,-.20,-.20,-.24,.27,.11,-.34,.22,.07)*f5_6+
    mat4(.05,-.07,.16,-.05,.23,-.23,-.06,-.19,.03,.03,-.14,-.17,.06,.24,-.01,.15)*f5_7+
    mat4(-.00,-.06,.35,.27,-.03,-.19,.00,.04,-.04,-.06,.15,-.16,.12,.25,-.24,-.28)*f5_8+
    mat4(-.33,.00,-.13,.02,.18,.16,.24,-.26,-.12,.21,-.14,-.09,.18,.06,.21,.07)*f5_9+
    mat4(.17,.06,-.15,.02,-.18,-.21,-.19,.19,-.19,.12,.14,.02,.07,.08,.16,-.05)*f5_10+
    mat4(-.00,.15,-.14,-.08,.01,.06,-.06,.18,-.23,.09,.02,-.15,-.21,.11,.25,.13)*f5_11+
    mat4(.06,.10,-.21,-.14,.12,.25,-.23,-.06,.29,-.19,.37,-.27,.18,-.29,-.27,-.25)*f5_12+
    mat4(.14,.21,-.03,.10,.24,-.12,-.08,-.02,-.11,-.14,.23,.26,.17,.30,.16,.14)*f5_13+
    mat4(.07,.22,-.07,.09,.22,.12,-.00,-.16,.08,.27,.03,.11,-.11,.36,.12,-.03)*f5_14+
    mat4(-.14,.06,-.02,-.15,-.03,.03,-.02,-.11,-.24,.06,-.14,.10,-.19,-.07,.02,.19)*f5_15+
    vec4(-1.55,1.63,.70,.32))/2.4+f5_2;
vec4 f6_3=sin(mat4(-.03,.17,-.22,-.17,.32,-.20,-.26,.30,-.09,-.34,.13,.19,-.08,-.01,.13,.06)*f5_0+
    mat4(.07,-.02,-.11,.21,.09,-.05,.13,-.16,-.24,.24,-.27,-.19,.23,.22,.30,.10)*f5_1+
    mat4(.08,.20,-.11,-.08,.15,.27,.16,-.03,.24,.26,.22,-.07,.22,.20,-.10,-.08)*f5_2+
    mat4(-.24,-.18,-.22,.13,.19,-.22,.20,.30,-.07,.22,-.03,-.11,-.19,-.03,.05,.06)*f5_3+
    mat4(.16,-.10,-.12,.06,.01,.14,.15,.22,.09,-.28,-.25,.29,.06,-.03,-.05,-.05)*f5_4+
    mat4(-.17,-.02,-.14,-.01,.17,.28,-.13,.29,.03,-.18,-.28,.12,-.18,-.11,-.30,.22)*f5_5+
    mat4(-.10,.03,.03,.00,-.25,-.32,-.29,.28,.09,.03,.07,.14,-.19,.33,-.06,.08)*f5_6+
    mat4(-.30,-.16,.18,-.08,.06,.19,.02,.18,-.25,.16,.11,-.06,-.08,-.23,-.03,.12)*f5_7+
    mat4(.17,-.01,.27,-.13,-.31,.13,-.00,.28,.08,.02,-.04,-.09,-.07,-.04,.24,.31)*f5_8+
    mat4(-.07,-.24,.25,-.32,.05,-.04,.15,-.25,.19,-.08,-.09,.11,-.12,-.18,.24,-.18)*f5_9+
    mat4(-.29,.19,.28,.18,-.10,-.31,-.08,-.07,-.21,-.01,.06,.04,.07,-.06,.22,.19)*f5_10+
    mat4(.04,-.08,-.18,.23,.29,-.37,-.16,.07,.29,-.19,-.20,.12,-.25,.12,-.15,.07)*f5_11+
    mat4(.15,.27,.23,-.14,.30,-.13,-.01,.34,-.21,.08,.11,-.23,.26,.01,-.19,.26)*f5_12+
    mat4(-.18,-.17,-.03,-.16,-.03,-.23,-.05,.27,.06,-.03,-.28,-.18,.32,.12,-.15,-.05)*f5_13+
    mat4(-.08,-.10,.18,-.09,.17,.20,.19,-.01,.05,.18,-.32,.04,-.24,-.01,.03,-.18)*f5_14+
    mat4(.18,.00,-.09,-.24,-.19,.01,-.06,.05,-.08,.03,-.27,.09,-.18,.07,-.02,.17)*f5_15+
    vec4(.50,1.77,-.60,.15))/2.4+f5_3;
vec4 f6_4=sin(mat4(.24,-.20,-.29,-.00,-.05,-.15,-.09,-.00,.02,.20,-.13,-.20,-.11,.22,-.23,-.12)*f5_0+
    mat4(-.27,-.19,-.08,.19,.24,.10,-.05,.05,-.24,-.26,-.29,.03,-.29,-.09,.10,.00)*f5_1+
    mat4(-.01,.06,.22,-.07,-.23,.20,.18,.09,.22,.24,.03,-.27,-.24,.15,.04,-.27)*f5_2+
    mat4(-.05,.20,-.06,-.03,.01,-.11,-.04,-.22,.29,-.14,-.16,-.05,-.21,-.31,-.02,-.25)*f5_3+
    mat4(.19,.23,.01,.23,-.26,.15,.30,.13,-.06,.23,-.19,.32,-.20,-.29,.19,.17)*f5_4+
    mat4(.02,-.34,-.06,-.06,-.15,-.12,.29,-.15,.08,.22,.00,.04,-.00,.21,-.07,.20)*f5_5+
    mat4(.10,-.24,-.09,.18,-.16,.00,.26,-.11,.08,.08,-.27,.14,-.23,.22,.33,.17)*f5_6+
    mat4(.15,-.12,-.14,.31,.14,.17,-.13,.19,.12,-.04,-.18,-.24,-.00,-.11,-.14,.16)*f5_7+
    mat4(.21,.11,-.21,.20,-.26,.20,.10,.20,-.09,.02,-.35,.06,-.13,.11,.25,-.18)*f5_8+
    mat4(-.28,-.07,-.05,.20,-.03,-.09,-.04,-.03,.15,.18,.11,-.19,-.34,-.29,.16,.21)*f5_9+
    mat4(.07,-.24,.12,.15,.12,.07,.15,-.18,.04,-.01,-.01,-.02,-.00,.18,-.05,-.05)*f5_10+
    mat4(.19,.18,.18,.17,.10,.21,.02,.23,-.04,-.26,.17,-.25,.15,.03,.20,-.24)*f5_11+
    mat4(.20,.27,-.13,.17,.23,-.12,-.08,.17,-.05,-.20,.02,-.12,-.24,-.05,.07,.25)*f5_12+
    mat4(-.16,-.06,-.24,-.26,.25,-.15,.17,.22,-.22,.04,-.15,.31,.07,-.35,.01,.08)*f5_13+
    mat4(.16,-.01,.21,.02,.10,.06,-.05,.19,-.11,-.02,-.26,-.20,.08,.06,.22,-.24)*f5_14+
    mat4(.21,-.13,.24,-.10,-.12,-.02,-.04,-.30,-.09,-.09,-.20,-.14,-.27,-.06,-.14,-.15)*f5_15+
    vec4(1.16,-.81,.73,-1.41))/2.4+f5_4;
vec4 f6_5=sin(mat4(-.03,-.26,.17,-.14,.34,-.27,.28,.04,.12,.13,-.21,-.00,-.06,-.15,.24,.22)*f5_0+
    mat4(.18,-.02,-.19,-.03,.14,.20,-.22,-.03,.15,.23,.16,.14,-.16,-.23,.07,-.07)*f5_1+
    mat4(.15,-.10,.01,.17,.17,.03,.14,-.12,-.29,-.04,-.08,.25,.33,.11,-.08,-.28)*f5_2+
    mat4(-.23,-.09,-.07,.24,.19,.23,.20,.05,.08,-.12,.07,.23,.22,-.04,-.08,.05)*f5_3+
    mat4(.11,.00,.25,-.32,.22,.22,-.13,-.22,.11,.03,-.10,.08,.10,.17,.08,.20)*f5_4+
    mat4(-.07,-.10,-.17,.28,.26,-.21,.19,.09,.00,-.30,.26,.29,-.15,-.21,-.21,.11)*f5_5+
    mat4(-.14,.28,-.17,.22,-.13,-.20,.20,-.02,-.10,.14,-.28,-.25,-.09,-.16,.08,.33)*f5_6+
    mat4(-.25,.02,.25,-.06,.12,.15,-.32,.18,.32,-.18,.20,-.13,-.18,.25,-.06,.07)*f5_7+
    mat4(.07,.27,-.26,.10,-.13,-.25,-.24,-.05,.09,-.25,.02,-.08,.05,.22,-.26,.10)*f5_8+
    mat4(.03,-.31,-.02,-.04,-.14,.27,.03,.20,.24,.03,-.26,-.23,.38,-.27,-.31,-.13)*f5_9+
    mat4(-.18,.04,-.32,.14,.42,-.24,-.15,.22,-.31,.17,.25,-.11,.20,.11,-.36,-.22)*f5_10+
    mat4(-.28,-.02,-.27,.07,-.03,-.09,.22,-.31,-.07,-.19,-.19,.19,.20,-.11,.32,-.24)*f5_11+
    mat4(.21,.23,.06,-.24,-.05,.09,-.28,.02,.30,-.08,.24,-.19,.06,.16,.26,.03)*f5_12+
    mat4(.08,.17,.28,-.37,-.31,.15,-.08,-.20,-.15,-.23,.25,.26,.05,-.15,.23,.18)*f5_13+
    mat4(.18,-.09,-.18,.28,-.32,.00,-.16,.17,-.13,-.21,.12,.21,-.33,-.13,.28,-.25)*f5_14+
    mat4(-.23,.13,-.22,-.06,.09,.12,.19,.24,.19,-.26,.24,-.09,-.16,-.02,.17,.33)*f5_15+
    vec4(-1.54,-.50,-.34,-1.55))/2.4+f5_5;
vec4 f6_6=sin(mat4(-.09,.20,-.07,.08,.14,-.22,-.05,.01,.10,-.17,-.30,.12,-.26,-.25,.04,-.06)*f5_0+
    mat4(-.21,.24,.08,.13,-.23,-.11,.10,.06,.11,-.14,.15,-.09,.08,.13,-.21,.20)*f5_1+
    mat4(-.01,.02,.16,.10,-.29,.17,-.16,.15,.20,.21,-.27,.10,.18,.08,-.00,.27)*f5_2+
    mat4(.22,.19,.02,.07,-.22,.08,-.06,-.14,-.05,.10,-.33,.19,-.07,-.09,.10,.01)*f5_3+
    mat4(-.07,-.22,.14,.22,-.01,.23,.21,.00,-.14,.31,-.15,-.00,.23,.09,-.14,.30)*f5_4+
    mat4(.24,.22,-.08,-.25,-.20,-.32,.09,-.11,-.26,-.01,-.24,.06,-.19,.21,.06,-.26)*f5_5+
    mat4(.12,.07,.33,.18,.26,-.02,-.03,.26,-.29,-.25,-.30,.02,.21,-.29,-.00,-.22)*f5_6+
    mat4(.20,.15,-.20,-.10,.06,-.04,-.20,-.16,-.15,.14,-.16,-.21,.13,-.00,.19,-.20)*f5_7+
    mat4(-.25,.05,.16,-.21,.23,-.12,.14,.23,.04,.25,-.26,.22,-.10,-.17,-.09,-.19)*f5_8+
    mat4(.24,-.25,.34,.07,.20,-.26,.01,-.18,-.10,.05,-.11,-.24,.08,.27,-.02,-.01)*f5_9+
    mat4(-.20,-.03,.25,.10,.04,.24,-.09,-.15,-.28,-.08,.25,.19,-.19,.04,-.20,-.22)*f5_10+
    mat4(.08,.16,-.16,-.05,.31,.05,-.05,.04,-.09,-.13,-.08,-.26,.20,.00,-.26,.04)*f5_11+
    mat4(-.26,-.26,.28,-.24,.25,-.20,-.22,.13,.13,.19,-.04,-.02,.12,.27,.16,.00)*f5_12+
    mat4(-.10,.06,.01,.25,-.15,.31,-.19,-.04,.13,.31,.08,-.14,-.15,.21,.29,.05)*f5_13+
    mat4(.15,-.12,.06,-.02,-.27,.08,-.23,-.27,.19,.33,-.10,.03,-.13,-.25,.14,-.08)*f5_14+
    mat4(-.26,.25,.09,.19,.02,.28,-.11,-.22,-.09,-.18,.25,-.01,-.09,-.10,-.33,-.19)*f5_15+
    vec4(-.59,-.98,-.02,-1.81))/2.4+f5_6;
vec4 f6_7=sin(mat4(.14,-.24,.16,-.15,-.13,-.22,.30,-.03,-.03,.05,-.24,.25,-.06,.19,.02,-.03)*f5_0+
    mat4(-.03,-.06,-.27,-.09,-.17,-.30,.12,.04,.05,.05,-.04,-.21,.27,-.24,-.04,.27)*f5_1+
    mat4(-.06,.01,-.00,.28,-.07,.32,-.27,-.27,.11,-.27,.00,-.05,.13,-.02,-.24,-.10)*f5_2+
    mat4(-.20,.20,-.23,.02,.16,.23,-.26,.22,-.23,-.06,-.07,.07,.18,.28,-.02,-.06)*f5_3+
    mat4(.19,.03,-.22,.08,-.13,.15,.21,-.29,-.02,.02,.27,-.06,-.02,-.14,.25,-.13)*f5_4+
    mat4(-.16,.29,-.06,.23,-.19,-.17,.05,-.10,-.07,.28,.08,-.07,.14,-.29,-.17,.01)*f5_5+
    mat4(.19,.16,-.05,-.19,-.13,-.19,.07,.20,.15,-.00,.22,-.21,.17,-.00,.29,-.19)*f5_6+
    mat4(.07,-.04,-.23,-.05,-.20,-.20,-.17,-.19,.08,.29,.03,-.16,-.20,-.28,.02,-.13)*f5_7+
    mat4(-.10,-.04,-.05,-.12,.26,-.21,.09,.06,.28,.11,-.03,.16,.06,.21,.21,.23)*f5_8+
    mat4(-.08,.07,.30,-.03,.25,.20,.12,-.24,-.23,.11,.08,-.02,-.23,-.08,-.24,-.17)*f5_9+
    mat4(-.11,-.32,-.06,-.25,-.03,-.04,-.16,-.19,-.07,.03,.14,.26,-.12,-.20,.34,.09)*f5_10+
    mat4(.12,.25,.21,-.16,-.17,-.28,.07,.24,.05,.27,-.31,.30,.13,.01,-.12,-.28)*f5_11+
    mat4(.00,-.08,.31,.03,-.09,.05,-.33,.16,.03,-.03,.10,-.07,-.17,-.02,-.04,.03)*f5_12+
    mat4(.09,-.19,-.11,.27,-.03,.04,.08,-.02,-.21,-.26,-.09,.15,.07,-.08,-.24,-.06)*f5_13+
    mat4(.15,-.04,.23,-.28,.10,.32,.30,.21,-.02,.20,-.06,-.09,.21,.16,.22,-.15)*f5_14+
    mat4(.18,-.30,-.01,.23,.21,-.30,-.06,-.23,.08,.21,.04,.00,.25,-.17,.25,.06)*f5_15+
    vec4(-1.66,.24,1.24,.74))/2.4+f5_7;
vec4 f6_8=sin(mat4(-.37,.25,-.34,.15,.05,-.12,.12,.22,-.17,-.09,-.15,.31,.12,.32,-.08,-.10)*f5_0+
    mat4(.06,-.28,.08,.03,.20,-.04,.08,-.25,.03,.26,-.05,.28,.21,-.34,.03,-.15)*f5_1+
    mat4(-.11,-.20,.21,.34,-.22,-.10,.24,.07,.25,-.03,-.08,-.21,-.10,-.13,.08,.17)*f5_2+
    mat4(-.24,.08,-.12,-.31,-.15,-.15,-.25,-.25,.03,-.27,.22,.13,.22,-.04,-.10,-.01)*f5_3+
    mat4(.10,-.18,.23,-.14,-.27,.08,-.12,.26,-.02,.06,-.05,.14,-.07,-.07,.07,.20)*f5_4+
    mat4(-.20,.10,-.09,-.24,.02,-.25,-.19,-.16,-.19,-.10,-.32,-.33,.37,.11,.17,.19)*f5_5+
    mat4(.20,-.04,-.16,-.23,-.01,.22,-.05,-.04,-.26,-.02,-.21,.07,-.03,-.07,.16,.22)*f5_6+
    mat4(.29,-.19,-.31,-.04,-.14,.26,.15,-.11,.24,-.18,-.10,-.16,.27,.21,-.28,-.33)*f5_7+
    mat4(-.16,.20,-.22,-.05,.01,-.07,.14,-.17,.28,-.17,-.12,-.09,-.12,.24,-.18,-.06)*f5_8+
    mat4(-.03,.28,.26,.21,-.26,.01,-.10,.28,-.21,.08,-.02,-.05,.26,.10,-.15,.10)*f5_9+
    mat4(-.01,-.25,-.08,-.22,-.27,.27,.26,-.17,-.30,.07,-.18,.26,-.07,.03,.21,-.03)*f5_10+
    mat4(-.18,.08,-.04,.22,.14,-.33,-.11,.09,-.23,-.31,.05,.05,-.08,.02,.24,-.24)*f5_11+
    mat4(-.02,-.16,.09,-.21,.19,-.14,.17,.27,-.19,.07,.10,.26,-.16,.08,.05,-.23)*f5_12+
    mat4(.07,.18,.15,.09,.27,-.17,.24,-.15,-.05,-.25,.07,-.28,-.17,.29,-.02,.23)*f5_13+
    mat4(-.10,.18,-.02,.25,.03,.17,-.21,-.00,.23,-.13,.31,-.19,.00,-.25,-.22,.05)*f5_14+
    mat4(-.09,-.08,-.20,-.24,.08,-.01,-.14,.20,.02,-.07,-.25,.20,-.02,.22,.05,.16)*f5_15+
    vec4(.89,.23,1.22,-.63))/2.4+f5_8;
vec4 f6_9=sin(mat4(-.27,-.09,.16,.26,.09,-.21,.04,.10,.06,.00,.26,-.02,-.13,.02,-.08,.27)*f5_0+
    mat4(.18,.29,-.25,.25,.15,-.27,-.00,-.13,-.38,-.01,.25,.18,.23,-.05,-.07,-.13)*f5_1+
    mat4(.11,-.11,-.15,-.16,-.20,-.12,.04,.20,-.22,-.20,.14,.28,.07,.18,-.13,.26)*f5_2+
    mat4(.13,.07,-.29,-.06,-.30,.10,-.03,-.24,.12,.16,.20,.07,.01,-.26,.18,-.37)*f5_3+
    mat4(.24,.27,.05,.28,.24,.01,-.12,.31,.22,-.01,.14,-.15,-.21,.05,-.07,-.11)*f5_4+
    mat4(-.28,.29,-.28,.26,.03,.19,.26,.08,-.15,.09,-.21,.09,.20,.18,-.28,-.34)*f5_5+
    mat4(.17,-.23,.06,-.16,.18,.21,.02,-.30,.12,.07,.27,.16,.35,.07,-.11,.23)*f5_6+
    mat4(-.23,.16,-.01,-.18,-.38,-.16,.05,-.17,.30,-.23,.13,-.02,.18,-.23,.30,-.14)*f5_7+
    mat4(-.09,.23,.27,.07,-.26,.19,.15,-.07,-.02,-.03,-.02,-.07,.07,.01,-.22,.13)*f5_8+
    mat4(.09,.17,-.26,-.11,-.32,.03,.21,-.26,.15,-.04,.04,.12,-.00,-.19,.08,.11)*f5_9+
    mat4(-.27,-.22,.09,.07,-.20,-.10,-.19,.08,.17,-.13,-.13,-.09,-.17,-.26,-.00,-.24)*f5_10+
    mat4(-.27,-.08,-.04,.02,-.04,-.01,-.16,-.09,.20,.10,-.26,.13,.21,-.23,.24,-.12)*f5_11+
    mat4(.07,-.29,-.26,-.15,-.14,.05,-.18,-.18,-.14,-.05,.02,.29,.24,.12,.25,-.12)*f5_12+
    mat4(.18,-.31,-.05,-.13,-.09,-.05,.29,-.10,.22,-.09,-.04,.24,-.27,-.33,.27,-.12)*f5_13+
    mat4(.07,-.11,.07,.11,.01,-.13,.27,.09,.24,.26,-.00,.21,-.35,.05,.26,.00)*f5_14+
    mat4(-.09,.22,-.27,-.21,-.12,-.22,.18,.28,.18,.21,.04,-.22,-.16,.12,.19,-.31)*f5_15+
    vec4(1.24,-1.23,.56,-.58))/2.4+f5_9;
vec4 f6_10=sin(mat4(-.08,-.08,.31,-.11,-.25,.06,-.09,-.07,.08,-.24,.30,.13,.23,-.01,.08,-.14)*f5_0+
    mat4(.00,.09,-.15,.20,.29,.16,.19,-.07,-.19,-.03,-.04,-.09,.10,-.30,.04,-.24)*f5_1+
    mat4(-.15,-.13,-.25,-.15,.00,.21,.18,-.03,.16,.31,-.18,.27,.27,.24,.19,.10)*f5_2+
    mat4(.19,.06,-.28,.01,.15,-.10,.30,-.24,.30,.12,.11,-.23,.04,-.00,-.11,.23)*f5_3+
    mat4(-.21,.31,-.04,-.09,.00,-.07,-.01,-.07,.08,.11,.23,-.27,.05,-.26,-.17,.19)*f5_4+
    mat4(.20,.23,-.03,.20,.21,.00,-.15,.28,.13,-.24,.00,-.24,-.13,.18,-.13,.21)*f5_5+
    mat4(-.27,-.21,-.02,.12,-.18,.15,-.03,-.16,-.09,-.31,-.14,.28,.01,.10,-.04,-.22)*f5_6+
    mat4(-.22,-.20,.32,.12,-.26,.09,.00,.03,.16,-.13,.25,.12,.13,.01,.27,.01)*f5_7+
    mat4(-.25,-.14,-.08,-.06,-.07,.02,-.21,-.23,-.25,.06,-.18,-.14,.12,-.31,.05,-.26)*f5_8+
    mat4(-.01,.01,.28,-.26,.09,-.06,.01,-.12,.29,-.06,.11,.18,-.18,-.01,-.14,-.02)*f5_9+
    mat4(-.01,-.15,-.01,.30,-.30,-.21,-.12,.26,-.03,-.17,-.28,.23,.05,.15,-.20,-.03)*f5_10+
    mat4(.13,-.26,.31,.19,-.14,-.05,.02,.27,.20,-.21,-.14,-.01,.24,-.08,-.09,.26)*f5_11+
    mat4(.27,.01,-.19,.11,.13,-.09,.31,.20,-.06,-.11,-.01,-.12,-.18,-.12,-.10,-.25)*f5_12+
    mat4(.14,.13,.14,-.16,.11,-.08,.03,-.09,-.03,-.08,.03,-.27,.05,-.22,-.15,-.16)*f5_13+
    mat4(.22,-.20,.00,-.20,-.26,-.27,-.07,.21,-.04,-.15,.08,.20,-.05,.19,-.10,-.07)*f5_14+
    mat4(-.17,.17,-.10,.32,-.04,.08,-.11,-.25,.05,-.12,.12,-.12,-.12,.10,-.08,.24)*f5_15+
    vec4(1.56,-.86,-1.24,-.41))/2.4+f5_10;
vec4 f6_11=sin(mat4(-.01,.21,-.33,.19,.10,-.16,-.18,-.10,.24,-.08,.04,.07,.08,-.06,.03,.16)*f5_0+
    mat4(-.10,.26,.18,-.15,-.17,-.29,-.14,.21,.14,.02,-.28,.05,.11,.11,-.08,.21)*f5_1+
    mat4(-.27,-.24,.11,-.05,-.06,-.15,.04,-.27,.18,-.03,.24,-.21,.15,.01,-.26,-.14)*f5_2+
    mat4(-.29,-.17,.20,-.30,-.29,-.17,-.04,-.17,.08,-.06,.15,.15,-.08,-.12,-.08,.16)*f5_3+
    mat4(.11,.08,-.26,-.27,-.23,.03,.18,-.16,.15,.10,.20,.21,.01,-.20,.13,.05)*f5_4+
    mat4(.09,-.24,.13,.30,.15,-.08,-.16,-.14,.29,-.19,-.10,-.34,.27,.21,-.00,.00)*f5_5+
    mat4(-.01,-.11,.14,-.00,.10,-.12,.20,.31,-.17,.13,.04,-.25,-.29,.18,.26,-.22)*f5_6+
    mat4(-.20,-.29,-.03,-.30,-.30,-.28,.02,.04,.10,.11,-.23,.09,.28,-.18,.23,-.01)*f5_7+
    mat4(.17,-.01,-.25,.01,-.09,-.35,.05,-.07,.26,.13,.07,.02,-.21,-.01,.23,-.14)*f5_8+
    mat4(.28,.20,-.29,-.28,-.12,.15,-.16,-.30,-.24,-.05,.01,-.16,-.24,.22,-.09,.19)*f5_9+
    mat4(-.06,.09,-.23,-.18,.12,.13,-.20,-.34,.13,.27,.06,-.26,-.07,.21,-.24,.16)*f5_10+
    mat4(.01,.24,.21,-.03,.28,.09,-.26,-.18,-.05,-.08,.06,.03,-.24,.08,.19,-.10)*f5_11+
    mat4(-.07,.01,.10,.09,-.05,.28,.10,.12,.33,.03,.00,-.08,-.08,-.13,.12,.03)*f5_12+
    mat4(-.01,-.25,.23,.12,-.11,.11,.21,-.16,-.24,-.17,.27,-.11,-.11,-.00,.16,.13)*f5_13+
    mat4(-.22,-.19,.25,.29,.30,.13,-.12,.27,.18,.31,-.26,-.27,.02,-.24,.20,-.03)*f5_14+
    mat4(.02,-.16,-.17,.03,-.02,.03,.34,.10,-.10,.20,-.24,-.11,.10,.25,-.04,-.28)*f5_15+
    vec4(.39,-.59,-1.68,.84))/2.4+f5_11;
vec4 f6_12=sin(mat4(-.13,-.15,-.10,-.22,-.18,.24,.03,.08,.15,.19,-.09,.02,-.22,.16,.25,.14)*f5_0+
    mat4(-.04,-.25,.11,-.25,.25,-.08,.06,.04,.30,.08,.14,.13,-.00,-.27,-.07,-.01)*f5_1+
    mat4(.16,.25,.12,.20,-.17,-.17,.09,-.08,-.21,-.28,.25,-.03,.14,.11,-.25,-.16)*f5_2+
    mat4(.19,.29,.23,-.13,-.11,-.06,.22,.23,-.21,-.25,.06,.24,-.30,.26,-.26,-.20)*f5_3+
    mat4(.00,-.09,-.11,.00,-.21,.13,.03,.04,-.10,.09,-.05,-.00,-.26,.09,-.01,.08)*f5_4+
    mat4(.10,.11,.29,-.03,-.03,-.09,-.23,-.04,.21,.08,.08,-.07,-.24,.24,.26,-.24)*f5_5+
    mat4(.03,-.22,.23,-.16,.06,.13,-.26,.10,.04,.16,.26,-.24,.12,.10,.11,.27)*f5_6+
    mat4(-.17,.04,-.16,.01,.05,.21,.06,.00,-.09,.19,-.09,-.25,-.04,-.27,-.11,-.27)*f5_7+
    mat4(.00,-.18,-.04,.09,.24,.03,.08,.13,-.02,.05,-.10,-.15,.19,-.11,-.18,.02)*f5_8+
    mat4(.20,-.22,.07,-.12,-.18,.06,-.25,.25,.22,.04,-.07,.21,.02,.29,-.04,-.07)*f5_9+
    mat4(.16,-.17,.27,-.29,.18,-.23,-.03,-.20,.12,.12,-.18,.21,.23,.11,.22,-.03)*f5_10+
    mat4(.29,-.03,-.21,-.27,.04,.01,.04,.14,.22,.14,.24,-.14,-.21,.07,-.07,.20)*f5_11+
    mat4(.15,-.13,-.26,-.12,.18,.20,-.12,-.15,-.24,.27,.26,.09,-.21,.16,.01,-.16)*f5_12+
    mat4(.05,.01,-.22,.15,.03,-.13,.09,.12,-.02,-.21,-.15,-.22,.21,-.19,.05,-.21)*f5_13+
    mat4(-.01,.19,-.16,-.11,-.15,-.32,-.05,.15,.01,.25,.13,.13,-.07,-.03,-.15,.23)*f5_14+
    mat4(-.22,.02,-.10,.08,.17,-.25,-.05,-.11,-.18,.18,-.10,.15,.04,-.16,-.06,-.02)*f5_15+
    vec4(-1.18,1.47,-.82,-.20))/2.4+f5_12;
vec4 f6_13=sin(mat4(.29,-.08,-.32,.30,-.12,-.17,.25,-.29,-.29,.21,-.07,-.37,.21,-.07,.19,-.09)*f5_0+
    mat4(.13,-.18,.02,.23,-.14,-.22,-.22,.03,-.05,-.22,.18,.03,.08,-.23,-.31,.10)*f5_1+
    mat4(.01,-.21,.14,.18,.21,.14,-.32,-.19,.11,.04,.23,.04,-.14,.25,.19,-.12)*f5_2+
    mat4(.00,-.29,-.12,.12,.19,-.09,.26,-.02,-.21,-.19,.28,.00,.00,-.07,.23,-.20)*f5_3+
    mat4(.17,.26,.30,-.05,-.16,.15,-.16,.19,.27,.10,-.28,-.16,.15,.25,-.19,.09)*f5_4+
    mat4(.07,-.03,-.09,.09,-.27,-.07,.11,-.01,-.25,.12,.04,-.12,-.14,.09,-.24,-.02)*f5_5+
    mat4(.25,.20,.00,-.20,-.08,.24,.01,-.03,.22,.22,.17,.16,-.19,.08,-.21,.14)*f5_6+
    mat4(.01,-.26,-.21,-.08,-.36,-.21,.21,.25,-.18,-.10,-.33,.20,.06,.08,-.05,.12)*f5_7+
    mat4(.34,-.27,-.09,-.00,-.16,.03,-.03,.28,.17,-.09,-.07,.01,-.14,.07,-.05,.17)*f5_8+
    mat4(.09,.26,-.10,.21,.16,.17,.28,.10,-.15,.27,-.07,.14,.31,.06,.10,.10)*f5_9+
    mat4(.23,-.12,.06,.18,-.30,.09,-.08,.34,-.11,.27,.09,-.30,.06,-.10,-.05,-.15)*f5_10+
    mat4(-.17,-.21,.26,.30,.18,-.08,-.09,.03,-.02,.12,-.09,-.25,-.04,.04,-.11,.21)*f5_11+
    mat4(.18,-.20,-.19,-.14,-.11,.06,.28,-.14,.08,-.24,-.25,.03,-.11,.03,-.18,.22)*f5_12+
    mat4(-.29,-.11,-.26,.25,-.23,-.05,.20,-.11,.16,.23,-.28,.18,-.14,.21,.22,-.00)*f5_13+
    mat4(-.22,.11,-.04,.11,.05,.06,-.09,-.13,.08,.01,.10,-.05,-.12,.19,-.18,-.29)*f5_14+
    mat4(.04,-.24,.18,.05,-.04,.18,.16,-.25,-.26,.07,.19,-.05,-.27,-.19,.24,.28)*f5_15+
    vec4(-1.07,-1.75,-.98,-.19))/2.4+f5_13;
vec4 f6_14=sin(mat4(-.06,.10,-.20,.00,-.08,-.22,.13,-.10,-.32,-.15,.23,.20,-.32,-.25,.08,.11)*f5_0+
    mat4(.02,.14,-.20,.27,-.01,-.31,.01,.14,.30,.04,.14,-.21,.02,.09,.09,-.28)*f5_1+
    mat4(.09,-.24,-.23,-.22,-.09,-.08,-.20,.20,-.26,-.13,-.30,.12,-.25,.01,.12,.10)*f5_2+
    mat4(-.16,-.24,.02,-.14,-.13,-.12,-.12,.09,-.31,-.19,-.02,-.09,.15,.11,-.15,-.30)*f5_3+
    mat4(.17,.23,.14,.24,.20,-.17,.29,.13,.08,-.19,-.17,-.25,.07,-.24,.36,.04)*f5_4+
    mat4(.13,-.17,.04,-.31,.10,-.10,-.08,-.16,-.02,-.06,-.04,-.29,.17,.12,.08,.14)*f5_5+
    mat4(-.14,-.09,.20,-.10,-.07,-.11,-.15,-.27,-.05,.15,-.28,-.07,-.12,.06,-.20,.12)*f5_6+
    mat4(.26,.18,-.23,-.02,.30,-.09,.02,.17,-.00,.23,.27,.03,.04,-.22,-.24,.20)*f5_7+
    mat4(.07,-.14,.01,.04,-.17,.09,-.21,.18,.05,.24,-.21,-.06,-.27,-.25,-.05,.19)*f5_8+
    mat4(.27,.16,.36,-.02,-.04,-.20,.10,-.20,.20,-.03,.18,-.26,-.07,.07,.08,-.02)*f5_9+
    mat4(.28,-.06,-.14,.07,-.21,.28,.10,-.25,.02,-.06,.19,-.07,-.24,-.01,.14,.16)*f5_10+
    mat4(.11,-.02,.05,-.06,-.09,.00,-.26,-.14,-.24,.27,-.12,-.29,.31,.23,-.15,.08)*f5_11+
    mat4(.35,.32,-.19,-.01,.04,.24,-.06,-.18,-.21,-.05,.23,-.01,-.05,-.27,-.09,.24)*f5_12+
    mat4(-.28,.20,.30,.03,.29,.19,-.36,.27,.03,.19,.12,-.24,.10,-.13,.16,.23)*f5_13+
    mat4(.04,-.06,.08,.16,-.04,.22,-.24,-.21,-.25,.07,.26,.23,-.07,.03,.18,-.23)*f5_14+
    mat4(.20,-.22,.23,.09,-.07,.19,.00,.26,.03,-.19,-.26,-.05,.12,.09,-.21,-.10)*f5_15+
    vec4(-1.28,1.33,.95,.27))/2.4+f5_14;
vec4 f6_15=sin(mat4(-.15,.21,-.17,-.19,-.10,.10,-.25,-.09,.26,.18,.16,-.32,.27,-.19,-.16,.26)*f5_0+
    mat4(-.18,-.28,.21,-.20,-.20,-.21,-.10,.11,.13,-.11,.03,-.19,-.02,-.20,.31,.22)*f5_1+
    mat4(.11,.00,.16,.20,.43,.02,.08,.06,-.01,-.11,-.18,-.17,.21,-.06,-.21,-.14)*f5_2+
    mat4(.16,-.07,-.22,.28,.08,-.14,.25,.02,-.16,.07,-.23,-.16,.02,-.02,.02,.22)*f5_3+
    mat4(-.16,.25,-.20,.18,-.05,.09,-.17,-.03,-.07,.20,-.19,-.04,-.19,.02,-.25,-.19)*f5_4+
    mat4(-.21,.26,.24,-.30,.21,-.01,-.18,-.06,-.26,.15,-.22,.18,.08,.26,-.17,-.11)*f5_5+
    mat4(.09,.01,.16,-.28,-.01,-.03,.03,.03,-.11,-.18,-.22,-.13,-.09,-.13,.12,-.13)*f5_6+
    mat4(.05,.24,-.33,-.08,.15,-.06,.04,-.18,.11,-.17,.01,.11,.02,-.18,-.15,.29)*f5_7+
    mat4(-.14,.10,.06,-.00,-.08,-.25,-.10,.17,-.20,-.07,.20,-.09,.27,-.05,-.13,.39)*f5_8+
    mat4(.21,.20,-.22,.12,.11,-.02,-.04,-.14,-.04,-.12,.13,.20,-.16,-.24,-.17,-.03)*f5_9+
    mat4(-.04,-.19,-.14,-.00,-.33,-.27,-.15,.28,-.01,-.10,-.04,.09,-.01,-.20,.01,.05)*f5_10+
    mat4(-.41,.27,.06,.32,-.15,.06,-.14,-.06,-.04,.06,-.17,-.01,.26,-.24,.31,-.22)*f5_11+
    mat4(-.09,.25,.16,-.05,.11,.26,-.03,.25,.03,-.20,.21,-.08,.16,.10,.24,.04)*f5_12+
    mat4(-.10,-.19,.29,-.25,.11,.30,-.34,-.21,-.20,-.24,-.11,.16,-.04,.05,-.21,-.08)*f5_13+
    mat4(-.16,.22,-.28,.03,-.12,.13,-.23,.21,-.10,-.28,.18,.26,.06,-.32,-.03,-.02)*f5_14+
    mat4(.16,.10,.26,-.15,-.25,-.30,.29,.12,.01,-.26,.20,-.26,-.01,.04,-.34,.12)*f5_15+
    vec4(1.84,-.51,-.35,-.63))/2.4+f5_15;
vec4 f7_0=sin(mat4(-.13,-.12,-.06,.24,-.15,.27,.17,.02,.10,.21,.11,.17,.31,.07,.14,-.24)*f6_0+
    mat4(-.05,.15,.13,-.21,-.11,-.19,.25,-.03,-.15,-.26,-.02,.01,-.12,-.12,.18,-.07)*f6_1+
    mat4(-.05,.21,.14,.08,.15,.10,.12,.16,-.22,.20,-.11,-.02,-.16,.03,-.28,.14)*f6_2+
    mat4(.27,-.04,.12,.14,.14,.19,-.03,.07,-.28,-.24,.09,-.32,.12,-.04,.02,.21)*f6_3+
    mat4(.19,.07,-.16,.01,.20,.26,-.12,.19,-.10,-.08,.24,.08,-.21,.25,.10,.15)*f6_4+
    mat4(.01,.17,-.19,-.14,.04,-.04,.13,-.31,.12,.21,-.21,.16,-.10,.01,.16,-.07)*f6_5+
    mat4(-.15,-.02,-.18,.06,-.01,.19,-.33,.09,-.06,.27,.02,-.12,-.16,-.10,.11,.18)*f6_6+
    mat4(.17,.24,-.26,-.17,-.22,.17,.04,.07,-.15,-.21,-.14,-.11,.04,.06,-.25,.00)*f6_7+
    mat4(-.17,-.16,.00,-.06,.03,-.06,.32,.03,-.26,-.12,.13,.04,-.22,-.15,.11,-.05)*f6_8+
    mat4(.25,.20,-.04,-.18,-.17,.22,.11,.22,-.13,.20,.23,.10,-.01,.29,-.21,-.00)*f6_9+
    mat4(-.25,-.04,.14,.20,.25,.02,-.25,.16,.11,-.27,-.13,.21,-.15,.18,.31,.09)*f6_10+
    mat4(.09,-.16,.18,-.15,-.24,.10,-.12,-.12,.08,-.04,-.24,.21,.10,.24,.07,-.27)*f6_11+
    mat4(-.24,.14,-.23,-.20,-.06,-.03,.27,-.32,.06,.05,.05,-.32,-.26,.26,.19,-.13)*f6_12+
    mat4(-.01,-.26,-.02,.11,.06,-.15,.25,.12,.29,-.05,-.07,.28,-.18,.03,.17,-.25)*f6_13+
    mat4(-.02,-.25,-.12,.16,-.01,-.10,.15,.16,-.06,-.26,-.32,-.22,-.03,-.18,.00,-.15)*f6_14+
    mat4(.26,-.30,-.34,-.19,.02,-.28,.06,-.21,.16,-.14,.26,.11,-.01,-.14,.21,.15)*f6_15+
    vec4(-.61,-1.86,.36,-1.79))/2.6+f6_0;
vec4 f7_1=sin(mat4(-.05,-.19,-.21,-.15,.06,-.27,-.21,.17,.15,.04,-.11,-.18,-.17,-.09,-.03,.11)*f6_0+
    mat4(.34,-.30,.22,.24,.34,.04,-.21,.06,-.13,-.30,.25,.25,-.10,.01,.34,.08)*f6_1+
    mat4(.24,.07,.09,-.29,.03,.09,-.26,-.19,-.18,.18,-.08,-.22,-.27,-.09,.19,.04)*f6_2+
    mat4(.10,.15,-.20,.24,.06,-.30,-.22,.14,.21,.14,.07,-.08,-.08,.02,-.17,-.34)*f6_3+
    mat4(-.07,.07,-.03,-.25,.23,.22,.14,.15,.25,-.01,.19,.09,-.11,-.24,-.16,.02)*f6_4+
    mat4(-.27,.08,.12,.12,-.04,.18,-.11,-.01,.01,-.19,-.10,-.06,.18,-.05,-.06,-.20)*f6_5+
    mat4(.03,.14,.18,.19,-.18,.11,-.10,-.04,-.18,.02,-.03,.29,-.23,-.04,.30,-.13)*f6_6+
    mat4(-.15,-.18,.32,-.22,.22,.21,-.20,.25,-.12,.00,-.28,-.03,-.15,.01,.00,.23)*f6_7+
    mat4(-.36,-.26,.03,.27,.11,.13,.07,.29,-.02,.32,.08,.27,.10,.20,-.10,-.12)*f6_8+
    mat4(-.26,.09,-.16,.13,-.22,-.19,.24,-.14,-.19,-.26,-.04,.26,.23,-.07,.07,-.29)*f6_9+
    mat4(.06,.26,-.27,.33,-.25,-.25,-.24,-.27,-.26,.02,-.07,.09,-.12,.11,.09,-.22)*f6_10+
    mat4(-.12,-.26,-.01,-.07,.30,-.09,-.26,-.02,-.02,.17,-.12,-.10,-.01,-.18,-.11,-.06)*f6_11+
    mat4(.18,-.10,.23,-.18,.02,.21,.18,.16,-.27,-.13,.27,-.18,.22,.14,-.27,.12)*f6_12+
    mat4(-.25,.22,.03,-.23,.11,-.18,.08,-.14,-.07,.23,-.28,-.20,-.28,.05,-.17,-.18)*f6_13+
    mat4(-.22,.20,.22,.19,-.26,.03,.22,-.22,.19,-.06,-.17,-.17,-.16,-.14,.16,-.02)*f6_14+
    mat4(.22,-.13,-.19,-.10,-.11,-.03,-.23,-.20,-.14,.15,.17,-.02,.21,.00,.12,-.21)*f6_15+
    vec4(-1.47,1.67,-1.85,.93))/2.6+f6_1;
vec4 f7_2=sin(mat4(-.01,.14,.03,-.15,.23,.01,.21,-.40,.08,-.26,.24,.20,-.18,.11,.00,.13)*f6_0+
    mat4(.02,.20,-.05,.13,-.16,-.02,-.18,-.10,.34,-.07,.06,.21,.24,.01,-.23,-.09)*f6_1+
    mat4(.29,.02,-.12,-.00,.06,.03,.24,.04,.24,.11,-.05,-.17,-.25,-.04,.31,-.34)*f6_2+
    mat4(-.27,.05,.13,-.13,-.14,.00,-.02,.10,-.28,-.15,-.13,.16,-.13,.22,.06,.15)*f6_3+
    mat4(-.13,-.30,.16,-.23,.22,-.16,-.09,.18,-.09,.18,.09,-.05,.03,.03,-.11,-.15)*f6_4+
    mat4(.01,.03,-.18,-.08,.08,-.27,.11,.09,.22,.13,-.27,.21,-.12,.23,.18,-.04)*f6_5+
    mat4(.04,-.12,-.19,-.12,-.23,-.17,.15,-.02,.03,-.27,-.16,-.04,-.25,-.21,.19,-.12)*f6_6+
    mat4(.10,.08,-.22,.15,-.28,-.24,.19,-.13,-.02,.17,.19,-.26,.26,.08,-.04,.36)*f6_7+
    mat4(.10,.13,-.06,.16,-.10,.16,-.07,-.11,.08,-.04,-.19,.05,.03,-.29,-.31,.20)*f6_8+
    mat4(-.02,.23,.16,-.25,-.24,.03,.22,.15,-.07,-.11,-.12,.34,-.14,.05,-.10,.40)*f6_9+
    mat4(-.09,.21,.04,-.23,-.06,-.35,-.15,.12,.02,-.25,.30,-.31,-.04,.04,-.33,.37)*f6_10+
    mat4(.24,-.09,.05,.17,-.18,-.05,.32,-.20,.02,-.26,.11,-.20,.01,-.08,-.24,-.28)*f6_11+
    mat4(.16,.12,.30,-.48,.28,-.28,-.13,.16,-.13,-.04,-.20,-.10,-.03,-.12,.11,.34)*f6_12+
    mat4(.09,-.30,.37,-.07,-.25,-.09,.04,-.12,-.14,-.24,.02,-.31,-.24,.27,.26,-.08)*f6_13+
    mat4(-.27,.12,-.20,.12,-.06,.21,-.07,-.13,.14,-.19,.28,-.23,.08,-.02,-.25,.07)*f6_14+
    mat4(-.24,.13,-.13,.01,.02,.23,-.22,-.18,-.16,-.18,-.04,-.28,-.00,.21,.02,.33)*f6_15+
    vec4(-1.87,-1.82,1.81,-1.78))/2.6+f6_2;
vec4 f7_3=sin(mat4(.13,-.06,.29,-.24,-.10,-.07,-.28,.06,.08,.21,.11,-.18,.23,-.27,-.25,.27)*f6_0+
    mat4(.02,-.01,-.18,.20,.26,.08,.25,.07,.00,.02,.22,-.21,-.23,.25,-.05,.17)*f6_1+
    mat4(.26,-.14,.25,-.18,-.19,.33,-.09,.15,.19,.13,.11,.13,.30,-.03,-.24,-.26)*f6_2+
    mat4(.10,.06,-.01,-.22,.03,.31,.24,-.35,.05,.20,-.07,-.25,.21,-.23,-.25,-.36)*f6_3+
    mat4(.30,-.15,-.26,.11,.10,.19,.04,-.23,-.19,.02,.14,-.30,.17,.07,-.12,.32)*f6_4+
    mat4(.16,.23,-.08,-.17,-.18,.20,-.07,-.20,.26,-.06,.13,.21,-.03,-.06,.15,-.20)*f6_5+
    mat4(.15,-.23,-.25,.03,.24,-.25,-.15,-.11,-.01,.22,-.02,.25,.19,-.18,.14,.20)*f6_6+
    mat4(.08,-.13,-.09,-.12,-.28,.17,.17,-.10,-.13,.06,.26,-.18,.18,-.31,-.23,.07)*f6_7+
    mat4(.14,-.01,.01,-.14,-.26,.10,.12,-.07,-.15,-.15,-.20,-.02,.12,-.16,-.11,.30)*f6_8+
    mat4(.17,-.20,-.06,.01,.07,-.01,-.07,-.26,-.06,-.32,.20,.13,-.05,.25,-.30,.36)*f6_9+
    mat4(.24,-.05,.19,-.12,-.17,.29,.19,.03,-.31,.17,-.25,-.21,-.21,.11,-.25,-.26)*f6_10+
    mat4(-.10,.08,-.20,-.34,.14,.09,-.27,-.19,.29,.00,.00,-.45,-.24,-.10,.11,-.30)*f6_11+
    mat4(-.11,.05,-.30,.12,-.04,-.20,-.12,.34,-.11,-.16,.10,-.23,.13,.11,-.31,-.03)*f6_12+
    mat4(.08,.35,.08,-.14,.00,.06,.04,-.20,.18,-.05,-.08,.06,.10,-.01,.26,-.10)*f6_13+
    mat4(-.17,.11,.10,.02,-.14,.20,-.26,-.00,.31,-.03,-.12,.36,-.01,-.15,.08,.09)*f6_14+
    mat4(.15,.20,-.12,-.24,-.03,-.19,-.09,.23,.15,.05,-.23,.22,.17,-.23,-.05,-.35)*f6_15+
    vec4(.40,1.36,1.36,1.05))/2.6+f6_3;
vec4 f7_4=sin(mat4(-.08,-.44,.08,-.14,.23,-.31,-.13,.11,-.22,-.00,-.14,.20,-.14,.09,.00,.27)*f6_0+
    mat4(-.20,.33,.20,.11,.18,-.07,.22,.09,.09,.17,-.09,.01,-.08,.12,.19,-.05)*f6_1+
    mat4(.21,.22,-.15,.09,-.11,-.08,-.33,.30,.05,-.07,-.06,-.18,.17,-.23,-.21,-.02)*f6_2+
    mat4(-.01,-.05,-.21,.10,.08,-.19,.05,-.09,-.02,-.16,-.00,-.04,.06,.19,-.07,-.09)*f6_3+
    mat4(-.19,.21,-.31,.14,.04,.04,.22,.16,.09,.25,.05,-.30,.07,-.04,.10,-.09)*f6_4+
    mat4(.08,-.01,-.04,.27,.09,-.19,-.27,-.20,.10,.13,.17,-.30,.05,-.18,.06,.08)*f6_5+
    mat4(-.05,-.07,-.15,.20,-.20,-.03,.22,-.15,.11,.17,.01,.11,-.25,-.18,-.24,.07)*f6_6+
    mat4(-.01,.13,.36,.35,.19,.12,-.27,.04,.25,-.20,.27,.08,-.06,.00,.10,-.21)*f6_7+
    mat4(.17,-.13,-.15,-.06,.02,-.17,.02,-.06,.14,.26,-.15,.01,-.08,-.20,.01,-.12)*f6_8+
    mat4(-.24,-.14,.31,-.04,-.16,.23,.07,.16,-.26,.12,.12,-.25,-.10,.11,-.19,.15)*f6_9+
    mat4(.13,.23,.05,.28,-.26,-.29,-.17,-.11,-.20,.02,-.16,.03,.21,.18,-.18,.22)*f6_10+
    mat4(.09,.09,.08,.24,-.18,-.12,-.07,-.15,-.26,.11,-.08,-.08,.00,.07,-.19,.29)*f6_11+
    mat4(-.03,.14,-.13,.00,.20,-.12,-.28,-.13,-.09,.13,.07,.16,-.29,-.02,.05,-.03)*f6_12+
    mat4(.18,.16,-.14,.10,.19,-.26,-.25,-.06,-.11,-.10,-.08,-.13,.27,.18,-.14,-.20)*f6_13+
    mat4(-.16,.16,-.23,-.01,.23,.25,.17,.23,.06,-.10,-.11,.25,-.06,.19,.15,.32)*f6_14+
    mat4(.19,.16,.25,.03,.15,.16,.31,.18,.11,.07,.25,.03,-.15,-.11,.01,.03)*f6_15+
    vec4(-.91,-.74,-1.56,-.37))/2.6+f6_4;
vec4 f7_5=sin(mat4(-.06,.15,-.18,-.10,.09,.06,-.32,.02,.05,.07,-.03,-.21,-.26,-.29,.29,.24)*f6_0+
    mat4(-.01,.01,-.26,.07,-.34,-.25,.07,-.07,-.14,-.18,.27,-.18,.01,-.32,-.27,.28)*f6_1+
    mat4(-.24,.21,-.03,-.31,-.17,.01,.12,.06,.04,.16,.26,-.15,-.20,-.16,-.28,.06)*f6_2+
    mat4(-.23,-.23,-.24,-.23,.07,.25,-.12,-.24,-.32,.05,-.06,.07,-.27,.18,-.01,-.06)*f6_3+
    mat4(.16,.13,.02,.16,-.01,.07,-.02,-.08,-.17,.04,-.00,-.11,.26,.14,.24,-.32)*f6_4+
    mat4(-.17,.02,-.21,-.09,.18,-.33,-.21,-.19,.04,-.23,-.23,.01,.09,-.21,-.20,.01)*f6_5+
    mat4(.03,-.25,-.08,-.30,-.01,.14,-.12,-.34,-.32,.27,-.03,-.12,.05,-.08,-.14,.12)*f6_6+
    mat4(.29,-.19,-.14,.14,-.18,.27,.21,.15,-.08,-.21,.33,-.09,-.20,.21,-.06,.04)*f6_7+
    mat4(-.22,.00,-.33,.28,.30,-.14,-.13,.24,.16,.16,.10,.21,-.27,-.17,.05,-.24)*f6_8+
    mat4(-.28,.07,-.29,.19,.15,.31,.23,-.26,.11,-.29,-.02,.20,.15,.23,-.26,-.13)*f6_9+
    mat4(-.17,-.09,-.23,-.04,-.20,.15,.06,-.01,.16,.15,-.27,-.22,.10,-.16,-.36,.03)*f6_10+
    mat4(.23,.22,.24,-.10,.12,-.13,.14,.17,-.11,.03,.11,-.25,-.00,-.19,.23,.21)*f6_11+
    mat4(.03,.22,.30,-.21,-.24,-.21,.23,-.21,-.27,.05,-.06,-.10,-.23,-.18,.20,-.04)*f6_12+
    mat4(.20,-.11,.08,.30,-.07,.12,-.14,.06,-.08,-.27,-.00,-.30,-.21,-.16,-.16,.20)*f6_13+
    mat4(.13,.01,.11,-.02,-.13,.21,-.32,.23,.13,-.03,.05,.21,.21,.19,-.03,-.15)*f6_14+
    mat4(-.14,.28,-.06,-.02,-.06,-.24,.08,-.31,-.37,-.26,.28,.19,-.07,-.23,.09,-.30)*f6_15+
    vec4(1.47,-1.36,.55,1.11))/2.6+f6_5;
vec4 f7_6=sin(mat4(-.19,-.03,-.09,.05,.13,-.05,-.10,-.13,.15,.20,-.20,-.15,.08,-.01,-.13,.29)*f6_0+
    mat4(.14,.07,.02,.07,-.27,.18,-.18,.08,-.28,-.03,-.04,.18,-.15,-.04,.09,.03)*f6_1+
    mat4(.11,.31,.16,.21,.26,-.16,-.08,-.17,-.10,.01,.12,-.04,-.26,-.04,.25,-.05)*f6_2+
    mat4(.07,-.21,-.16,.24,-.19,-.29,.06,.04,.14,-.04,-.16,-.31,.02,-.13,-.26,-.09)*f6_3+
    mat4(.13,.28,-.23,-.07,-.13,-.10,.28,.11,.07,.08,.07,.20,-.06,.22,-.31,.02)*f6_4+
    mat4(-.13,-.08,.22,.02,-.05,.27,-.18,.03,.03,.26,.16,.07,.03,.12,.08,-.35)*f6_5+
    mat4(.22,.29,.36,-.21,-.20,-.12,.00,-.10,-.02,-.03,-.30,.26,-.30,.32,-.18,-.31)*f6_6+
    mat4(-.20,.23,-.21,-.23,-.18,.14,-.21,-.06,-.26,-.02,.06,-.07,.06,.10,.12,.01)*f6_7+
    mat4(-.06,.06,-.06,.17,-.21,.12,.33,.03,.09,-.26,-.21,.21,-.23,.11,.25,-.04)*f6_8+
    mat4(-.11,-.23,.10,-.14,.25,-.18,.09,.13,-.04,-.03,.24,.08,.20,.15,.03,-.04)*f6_9+
    mat4(.02,.13,.26,.15,-.17,.15,-.26,.26,-.11,-.15,.24,-.04,-.03,.00,.39,-.04)*f6_10+
    mat4(-.10,.24,.19,-.14,-.25,.11,.15,.06,.00,.08,.20,-.31,-.20,-.08,.12,-.13)*f6_11+
    mat4(-.19,-.19,-.00,.24,.17,-.03,-.06,-.02,.19,-.17,.09,-.21,-.28,.14,.31,.16)*f6_12+
    mat4(.15,-.11,-.14,-.03,.04,-.22,.01,-.11,.06,.14,-.02,-.19,-.17,-.14,.32,-.03)*f6_13+
    mat4(-.18,.01,-.28,.29,.15,.16,.32,-.28,-.25,.28,-.14,-.16,-.25,.23,-.20,-.19)*f6_14+
    mat4(.14,-.03,-.10,-.05,.20,.29,.05,-.01,.22,.21,-.20,-.24,.16,-.17,-.03,.08)*f6_15+
    vec4(.30,-1.86,-.89,1.29))/2.6+f6_6;
vec4 f7_7=sin(mat4(.15,.14,-.09,.10,-.18,.06,.10,-.07,-.07,.09,.14,-.03,.03,-.06,-.18,-.28)*f6_0+
    mat4(.02,.07,-.16,.08,.02,.13,.19,.09,-.22,-.11,.05,-.14,-.06,.17,-.27,.24)*f6_1+
    mat4(-.17,.24,-.29,-.21,.11,-.06,.00,-.15,-.13,-.02,-.14,-.22,-.06,.22,.10,-.13)*f6_2+
    mat4(.22,-.27,.01,-.19,.11,.09,-.02,-.05,.06,-.21,-.04,-.11,.14,.24,.05,-.05)*f6_3+
    mat4(-.08,.31,-.07,.20,.22,-.24,-.01,.17,-.16,.01,-.12,-.17,.32,.01,-.18,-.15)*f6_4+
    mat4(-.14,-.13,-.28,-.03,-.12,.08,.12,-.11,.16,-.06,-.15,.09,-.13,-.17,.16,.21)*f6_5+
    mat4(.11,.21,-.25,-.18,.13,-.11,-.11,.00,.14,-.12,.07,.20,-.19,.06,-.25,-.17)*f6_6+
    mat4(.11,-.10,-.17,-.19,-.02,.05,-.19,-.06,.11,-.15,-.16,-.21,-.14,.10,.01,-.22)*f6_7+
    mat4(.12,-.02,.20,-.08,.12,.23,.21,-.12,-.25,-.00,-.26,.22,.09,-.20,-.22,-.04)*f6_8+
    mat4(-.22,.07,-.03,-.22,-.22,-.03,-.08,-.23,-.29,.23,-.01,-.26,-.15,-.05,.07,.23)*f6_9+
    mat4(.17,.05,.21,-.25,.11,-.07,-.03,-.17,-.16,.20,.21,-.16,.07,.02,.20,-.01)*f6_10+
    mat4(.10,-.21,.13,.18,-.26,-.26,-.26,-.24,.02,.12,.10,.03,-.23,-.04,-.14,.18)*f6_11+
    mat4(-.08,-.01,-.01,.24,.08,-.01,.15,.16,.28,-.13,.09,.10,.01,-.11,-.24,.17)*f6_12+
    mat4(.26,-.29,-.17,.26,-.22,-.21,.03,-.13,-.06,.07,-.09,.22,-.23,.09,-.03,.09)*f6_13+
    mat4(-.13,.30,.16,.03,-.15,-.17,-.01,-.24,.23,.23,.01,.19,.21,-.22,.18,-.14)*f6_14+
    mat4(.28,-.22,.07,-.07,-.26,.02,-.16,-.15,.20,.06,-.11,.06,.19,-.31,.05,-.19)*f6_15+
    vec4(-.72,-.49,-1.54,1.52))/2.6+f6_7;
vec4 f7_8=sin(mat4(.29,.18,.22,-.00,-.01,.18,.23,-.00,.13,.16,-.01,-.10,.24,.30,-.06,-.23)*f6_0+
    mat4(.03,.12,.12,.24,-.06,.19,-.05,-.02,-.20,-.36,-.06,.22,.28,.09,-.11,.02)*f6_1+
    mat4(.24,.04,-.07,-.00,-.11,-.19,-.28,.25,-.04,-.08,.17,.10,-.15,-.31,-.14,-.12)*f6_2+
    mat4(.14,.20,.25,-.13,.02,.16,-.20,-.25,-.12,-.16,.10,-.24,.24,-.08,-.08,-.04)*f6_3+
    mat4(.27,-.14,-.26,-.23,.13,-.07,-.19,.15,.23,.10,.17,.15,-.02,-.07,-.09,.22)*f6_4+
    mat4(.12,-.21,.05,.27,.06,.08,.19,-.27,-.11,.04,.16,.07,.10,.29,.02,-.25)*f6_5+
    mat4(.12,.15,.21,.04,-.03,-.26,.27,.28,.14,-.06,.26,-.17,-.02,-.22,-.17,-.07)*f6_6+
    mat4(-.06,-.12,.12,-.08,-.15,.29,-.23,.19,-.09,.31,.11,-.12,.22,-.06,.32,.23)*f6_7+
    mat4(-.06,.24,-.17,.03,-.08,.06,.30,.27,-.02,-.15,-.03,.06,.18,-.05,.03,.09)*f6_8+
    mat4(-.19,.10,-.25,.21,-.03,-.19,-.14,-.24,.08,.26,-.28,-.27,-.18,.13,.25,.07)*f6_9+
    mat4(-.27,-.28,.12,.29,-.04,.13,-.08,-.18,.11,.14,.01,.16,.31,.21,.01,-.22)*f6_10+
    mat4(.15,-.15,-.16,-.04,-.19,-.18,-.04,-.09,.27,-.19,-.22,-.07,-.20,.00,.14,.08)*f6_11+
    mat4(-.17,.05,.02,-.05,-.01,.05,.29,-.15,-.20,.10,-.04,-.16,-.01,.09,-.08,.28)*f6_12+
    mat4(.27,.19,-.17,.05,.16,.07,.04,.20,-.22,.10,.29,-.18,-.13,-.18,-.00,.04)*f6_13+
    mat4(-.07,.02,.22,-.07,-.08,-.07,.17,.02,-.25,-.28,-.16,-.05,-.23,.07,.20,-.09)*f6_14+
    mat4(-.30,-.03,.12,-.26,.20,.18,-.01,-.06,.28,-.21,-.09,.10,-.12,.07,-.19,-.02)*f6_15+
    vec4(-1.01,-.22,-.59,.67))/2.6+f6_8;
vec4 f7_9=sin(mat4(-.07,-.28,.18,-.14,-.26,-.22,.15,.09,.09,-.08,-.07,-.26,-.08,.23,.12,-.19)*f6_0+
    mat4(.10,-.28,-.12,.06,-.11,-.08,-.10,-.01,-.16,.21,-.07,.20,-.23,-.21,-.19,-.29)*f6_1+
    mat4(.28,.07,.22,-.03,.34,.24,.03,.17,.07,.10,-.14,-.04,.07,-.22,-.00,.16)*f6_2+
    mat4(.11,.10,.28,-.27,-.14,.12,-.14,.01,.11,-.10,-.06,-.16,.26,-.21,.24,.38)*f6_3+
    mat4(.17,-.27,.04,.20,.30,-.20,-.05,-.04,-.28,.11,-.16,.04,.15,.02,.12,-.10)*f6_4+
    mat4(.32,.29,-.20,-.00,-.06,-.27,.23,.22,.06,-.06,.03,-.01,.20,.30,.28,.19)*f6_5+
    mat4(.02,-.09,-.18,-.17,-.23,.04,.21,-.32,.07,.03,-.04,.11,-.05,.32,-.03,.22)*f6_6+
    mat4(.34,-.12,.13,.16,-.07,-.11,.12,-.11,-.31,-.18,.08,-.16,.23,-.33,.06,-.08)*f6_7+
    mat4(.13,-.15,.12,-.28,.29,-.30,.23,.06,-.13,-.29,.23,.24,.21,.14,.20,-.13)*f6_8+
    mat4(.15,-.02,-.10,-.12,.19,-.01,.12,.29,-.15,-.13,.12,-.08,-.00,.13,-.02,.15)*f6_9+
    mat4(-.04,-.12,-.07,-.25,-.22,-.21,-.21,.29,-.25,-.19,-.07,-.06,.21,-.10,.18,.08)*f6_10+
    mat4(.08,-.30,.08,-.01,.04,-.06,.16,-.19,.01,.31,-.24,.29,-.02,-.04,-.03,-.04)*f6_11+
    mat4(.16,.25,-.06,-.20,.20,.28,.21,.08,.22,.07,-.07,.12,-.26,-.33,-.06,.10)*f6_12+
    mat4(-.22,-.14,.18,-.12,-.24,.14,.17,.20,-.03,.27,-.23,.26,.26,-.14,.22,.21)*f6_13+
    mat4(-.15,.17,-.02,.23,-.27,.19,-.07,-.28,-.26,.26,.11,.33,-.24,-.02,.13,.13)*f6_14+
    mat4(.06,-.29,-.17,-.33,-.15,.20,-.24,.28,-.03,-.02,.29,-.01,.02,.12,.26,-.18)*f6_15+
    vec4(1.09,1.23,-1.20,-.61))/2.6+f6_9;
vec4 f7_10=sin(mat4(-.15,.01,-.03,.01,-.05,-.18,-.09,.02,.08,.15,.36,.14,.01,.31,.07,-.21)*f6_0+
    mat4(.25,-.10,-.14,.01,-.05,.14,-.03,-.22,.26,.14,-.11,-.14,.21,.10,.24,.19)*f6_1+
    mat4(.26,.31,-.06,-.29,.09,.16,-.08,.10,-.21,-.23,.12,-.12,-.12,.22,-.17,.15)*f6_2+
    mat4(-.02,-.06,.19,-.23,-.01,.20,.24,.10,-.03,.20,.08,-.06,-.10,-.18,-.08,.20)*f6_3+
    mat4(.15,-.11,-.01,-.34,-.15,-.11,.27,.07,.01,-.22,-.20,.14,-.02,-.03,-.27,-.15)*f6_4+
    mat4(.22,.21,-.19,-.26,.22,.18,.24,.18,.11,-.28,-.22,.29,-.16,.34,.19,.28)*f6_5+
    mat4(-.20,-.14,.14,-.12,-.23,.22,.06,-.12,.20,-.03,.06,.07,-.10,.10,.00,-.08)*f6_6+
    mat4(-.07,-.18,-.07,-.05,.08,.11,-.07,-.02,-.12,-.14,-.07,-.17,-.21,.25,-.21,.22)*f6_7+
    mat4(.08,-.22,-.14,-.03,.13,-.10,-.10,.27,-.11,-.03,.09,-.27,-.30,-.09,.16,-.08)*f6_8+
    mat4(-.01,.28,-.14,-.16,-.12,.19,-.25,-.04,-.03,-.25,-.16,.15,-.08,.18,-.11,.25)*f6_9+
    mat4(.13,-.17,-.22,.09,-.26,-.09,.03,.13,.01,.04,.11,.23,-.04,.02,.02,-.11)*f6_10+
    mat4(-.22,.27,.00,.12,.05,.03,.11,.14,.31,.02,.03,-.08,.14,.15,-.32,.14)*f6_11+
    mat4(-.02,.21,.26,-.32,-.20,.07,-.01,-.01,.08,-.11,.29,-.08,-.04,-.31,-.01,.24)*f6_12+
    mat4(.25,-.00,.05,-.29,-.02,-.19,-.11,-.07,.05,-.14,-.14,.17,.34,-.30,.18,-.13)*f6_13+
    mat4(.17,.28,-.25,-.24,-.03,.21,-.32,-.02,-.14,-.18,-.27,.23,.06,.30,-.26,-.19)*f6_14+
    mat4(-.08,.02,.08,-.01,.20,.12,.32,-.17,-.26,-.33,-.08,-.12,.24,.23,-.12,-.13)*f6_15+
    vec4(1.33,-.31,.02,1.20))/2.6+f6_10;
vec4 f7_11=sin(mat4(-.24,-.13,-.25,-.09,.15,.00,.17,-.05,.21,-.22,-.05,-.06,.15,.18,.30,.06)*f6_0+
    mat4(-.28,.17,.17,.12,.15,-.16,.16,-.04,-.32,-.23,.13,.06,-.05,.10,.09,-.23)*f6_1+
    mat4(.26,.25,-.05,-.08,-.19,.18,-.13,-.26,.28,.03,-.05,-.07,.06,.23,-.17,-.05)*f6_2+
    mat4(-.16,.21,-.31,-.21,-.03,.02,-.15,.16,.24,.26,-.03,-.19,-.19,.05,.26,-.06)*f6_3+
    mat4(-.22,.05,-.26,-.15,.27,-.10,.13,.22,-.15,-.12,-.04,.17,-.16,.03,-.11,-.14)*f6_4+
    mat4(-.01,-.01,.22,-.08,.25,.28,-.12,.24,.07,-.08,-.27,-.24,.20,-.06,.06,-.22)*f6_5+
    mat4(.17,.29,.18,-.06,-.18,-.15,.12,-.14,-.32,.08,.32,-.10,.19,-.23,-.10,.00)*f6_6+
    mat4(.36,.16,.28,.08,-.23,.14,.30,-.11,.34,.10,.08,-.05,-.35,.09,.22,.26)*f6_7+
    mat4(-.12,.02,.09,-.08,.33,.24,-.30,-.10,-.16,-.02,.19,.03,.17,-.29,-.01,-.12)*f6_8+
    mat4(-.05,-.18,.13,-.18,.02,.23,-.27,-.11,.22,.15,-.12,.13,.06,.24,.04,.27)*f6_9+
    mat4(-.25,-.05,.21,-.07,.02,-.08,-.21,.20,.11,.05,.21,.03,-.23,.30,-.14,-.22)*f6_10+
    mat4(-.12,-.20,.04,-.20,.01,-.28,-.25,.15,.31,.12,-.08,-.22,-.02,.05,.01,-.09)*f6_11+
    mat4(-.16,.16,.26,.28,-.04,-.12,.10,.30,.06,.07,.20,.23,-.04,-.16,-.32,.29)*f6_12+
    mat4(-.06,.09,.05,.27,.19,-.30,.12,.26,-.26,-.26,-.12,.21,-.00,-.05,.05,-.19)*f6_13+
    mat4(-.18,.05,-.25,.01,-.11,-.01,.07,.05,.08,.22,.04,-.01,.10,.04,.05,-.01)*f6_14+
    mat4(-.34,.23,.10,.24,.16,-.24,-.24,-.26,.12,.01,-.26,.22,.19,.13,-.05,.16)*f6_15+
    vec4(-.96,1.62,-.18,-.37))/2.6+f6_11;
vec4 f7_12=sin(mat4(.16,-.15,.09,-.36,-.01,-.16,.08,.21,-.29,.08,-.27,.25,.26,.32,.24,.03)*f6_0+
    mat4(.23,.10,.01,-.17,-.20,-.08,.20,-.25,-.10,.18,-.23,-.01,.25,.12,.12,.10)*f6_1+
    mat4(.10,.12,-.27,.24,.12,-.24,-.20,.04,-.15,.07,.13,-.25,-.22,-.28,.09,.09)*f6_2+
    mat4(-.27,-.17,-.04,.13,-.02,-.23,-.07,.28,.05,.12,-.02,-.25,.08,-.09,.16,-.13)*f6_3+
    mat4(-.25,-.16,-.05,.08,.30,-.13,-.21,.13,.21,.04,.14,.04,-.22,.07,-.04,.19)*f6_4+
    mat4(.09,-.08,-.25,.05,-.24,-.35,.21,.05,.11,.21,.20,.26,-.10,.23,.24,-.11)*f6_5+
    mat4(-.06,-.12,-.02,.13,-.08,.21,-.23,.23,.11,.14,.28,-.22,-.21,-.06,-.15,.16)*f6_6+
    mat4(-.16,-.06,.11,.23,-.12,.01,-.21,.06,.15,.26,-.06,.12,.27,.18,-.20,-.12)*f6_7+
    mat4(.22,.12,.16,.21,.02,-.20,-.15,.12,.26,.28,.08,-.03,.26,-.08,-.08,.25)*f6_8+
    mat4(.20,.23,.17,.27,-.10,.19,.03,.15,-.17,.10,.13,-.25,.00,-.19,-.26,-.02)*f6_9+
    mat4(.20,-.15,-.32,.20,.07,.29,-.07,.16,-.05,.01,-.19,-.27,.23,-.16,.18,-.01)*f6_10+
    mat4(-.14,.30,-.31,.29,.20,-.20,.14,-.25,.13,-.16,-.09,.20,-.02,-.01,-.09,-.07)*f6_11+
    mat4(-.25,-.11,-.14,-.19,.21,-.11,.06,-.08,-.11,.21,-.17,-.07,-.01,-.18,.20,.28)*f6_12+
    mat4(-.24,.17,-.13,-.21,-.02,-.17,-.28,-.19,.19,.27,.02,.23,-.10,.03,-.12,-.27)*f6_13+
    mat4(-.27,-.29,.22,-.22,.06,.08,-.04,-.19,-.27,.21,.11,.24,.12,.12,-.04,.15)*f6_14+
    mat4(.00,.31,.08,.24,-.13,.07,-.21,.06,-.01,.24,-.01,.08,-.03,.10,.28,-.04)*f6_15+
    vec4(.35,-1.17,1.87,1.28))/2.6+f6_12;
vec4 f7_13=sin(mat4(-.24,-.31,-.15,-.13,-.18,.13,-.11,.19,-.12,.25,.17,-.13,.06,-.22,.23,.13)*f6_0+
    mat4(.33,.09,-.28,.03,.28,.17,-.04,.15,.16,.21,.06,-.05,.02,-.04,.00,-.07)*f6_1+
    mat4(-.32,.23,-.04,-.14,-.30,-.18,-.19,-.02,-.17,-.23,-.01,.13,-.08,.03,-.05,-.00)*f6_2+
    mat4(.04,.18,-.14,-.15,.21,-.25,-.31,-.16,-.01,.18,-.02,.31,.19,.23,-.07,-.02)*f6_3+
    mat4(-.26,.09,.09,.03,-.01,-.15,-.04,-.10,-.14,.25,.25,.21,.14,-.28,.16,.20)*f6_4+
    mat4(-.16,-.15,-.17,.10,.24,-.02,-.01,.21,-.02,.15,-.32,-.11,-.21,-.33,-.09,.01)*f6_5+
    mat4(.27,.06,.28,.04,.09,.29,-.16,-.01,.08,-.16,.11,.12,.22,.12,.13,-.22)*f6_6+
    mat4(.33,.01,-.16,-.23,.23,-.05,-.08,-.07,-.16,-.04,.31,.11,-.13,.16,-.04,.02)*f6_7+
    mat4(.10,.30,-.12,.01,.25,-.23,-.19,-.33,.15,-.15,-.11,.16,.04,.08,.09,.20)*f6_8+
    mat4(-.30,-.06,.10,.25,-.14,-.03,.16,.26,.33,.29,.16,-.24,-.12,-.23,-.11,-.21)*f6_9+
    mat4(-.18,-.15,-.13,-.13,.02,-.28,.07,.26,.00,.07,-.09,-.11,.29,.14,.03,-.29)*f6_10+
    mat4(.28,-.25,.14,.13,.02,-.26,-.13,.08,-.21,.12,.13,.20,.03,-.22,-.11,-.05)*f6_11+
    mat4(.32,-.22,-.07,.06,.32,-.15,-.18,.02,.25,-.06,.06,.01,-.22,.05,-.17,.10)*f6_12+
    mat4(-.02,.26,-.03,-.28,.16,.25,-.02,-.24,-.18,.16,.20,-.23,.23,.21,-.25,.34)*f6_13+
    mat4(-.20,-.01,.25,-.30,-.33,.24,.22,-.30,-.35,-.15,.17,.36,-.30,.13,-.05,.01)*f6_14+
    mat4(-.18,.07,-.02,-.14,-.22,.10,.20,-.18,.32,-.12,.08,-.05,-.03,.09,.06,-.17)*f6_15+
    vec4(-.45,-1.77,.89,-.62))/2.6+f6_13;
vec4 f7_14=sin(mat4(-.23,.20,-.27,.19,.08,-.24,-.18,-.28,-.21,-.11,.25,-.21,.04,.24,-.02,.16)*f6_0+
    mat4(.07,-.02,-.14,.25,-.18,.03,.28,.13,.10,.31,.17,.05,.24,-.15,-.25,-.06)*f6_1+
    mat4(.23,-.31,-.01,.20,-.16,.02,.12,.10,-.00,-.08,-.13,-.31,.11,.20,-.06,.29)*f6_2+
    mat4(.09,-.19,-.19,-.06,.00,.02,.16,-.31,.23,-.09,.29,.14,-.04,-.19,-.15,.15)*f6_3+
    mat4(-.12,.17,-.19,.30,.28,.08,.16,.05,-.08,.08,-.04,-.16,.29,.23,-.24,.17)*f6_4+
    mat4(-.15,-.06,-.14,-.01,-.23,-.05,-.02,-.01,.08,.20,-.07,-.02,-.06,-.18,.18,.32)*f6_5+
    mat4(.02,-.19,.11,.15,-.17,-.19,-.17,.03,-.03,.13,-.22,-.07,.12,-.17,-.26,.18)*f6_6+
    mat4(.25,.09,.19,.29,.02,-.18,-.20,-.24,-.28,-.03,-.08,-.17,-.10,-.24,-.11,.26)*f6_7+
    mat4(.18,.24,-.10,-.18,.16,.24,.03,-.19,.15,.35,-.26,.19,.28,.28,.25,.24)*f6_8+
    mat4(.09,.16,-.22,.13,-.18,-.08,-.28,.28,-.15,-.01,.22,.28,-.18,.11,.27,-.36)*f6_9+
    mat4(.02,.28,-.13,.18,.25,-.13,-.26,.03,-.03,.01,.02,-.16,.25,-.07,.01,-.06)*f6_10+
    mat4(.05,-.30,-.25,-.20,-.21,.14,-.11,.28,-.27,.06,-.18,-.06,-.04,-.14,.08,.17)*f6_11+
    mat4(.16,.13,-.05,.16,.05,-.28,.26,.21,-.04,.05,-.11,-.23,-.24,.03,.14,.02)*f6_12+
    mat4(.08,.11,-.02,.16,-.02,-.24,-.08,-.05,-.23,.10,.06,-.23,.17,.24,-.24,.10)*f6_13+
    mat4(.14,.14,-.28,.32,.13,.23,-.04,-.03,-.03,.09,.08,.01,.21,-.15,-.12,.03)*f6_14+
    mat4(.08,.00,.22,.02,-.00,-.22,-.22,-.16,.14,.25,-.15,-.23,.13,.29,-.11,.02)*f6_15+
    vec4(-.73,-.93,-.30,-.23))/2.6+f6_14;
vec4 f7_15=sin(mat4(-.11,.13,.06,-.35,-.10,-.05,-.24,-.03,-.08,.07,.09,-.13,-.04,-.21,-.04,.23)*f6_0+
    mat4(-.04,-.17,-.02,.19,.20,.30,-.29,-.28,.06,.14,-.16,-.10,.16,.21,-.21,-.28)*f6_1+
    mat4(-.10,-.15,-.04,-.10,-.32,-.24,.16,-.34,.16,-.34,-.01,-.15,-.10,.20,-.01,.13)*f6_2+
    mat4(.26,.04,.04,-.07,.11,-.06,.15,-.12,.18,.01,.01,-.29,-.10,.24,.01,-.06)*f6_3+
    mat4(.11,-.26,-.16,.25,-.21,-.14,.04,.18,-.10,.15,.30,-.28,.20,.16,.20,-.01)*f6_4+
    mat4(.03,.24,.08,.13,.11,.08,.32,.19,-.15,-.24,.03,.28,.11,-.26,.18,-.18)*f6_5+
    mat4(.18,-.01,.18,-.01,-.16,-.16,.10,-.20,.18,-.21,-.10,-.34,-.20,.10,.12,-.02)*f6_6+
    mat4(-.17,.16,-.14,-.10,.14,.19,.17,-.01,.06,-.30,-.01,-.20,-.03,-.05,-.08,-.23)*f6_7+
    mat4(.06,.26,-.12,-.06,.33,-.28,-.21,.03,.10,.33,-.11,-.22,-.11,-.18,.03,-.26)*f6_8+
    mat4(.38,-.17,-.29,-.07,.18,-.30,-.03,-.04,.18,-.16,.23,-.25,-.18,-.07,-.08,-.22)*f6_9+
    mat4(.06,.22,.24,-.27,.01,.09,.02,.33,-.21,-.12,-.19,.29,.26,-.03,.20,.26)*f6_10+
    mat4(.31,-.32,-.02,-.15,-.02,.31,.24,.03,.06,.10,-.03,-.13,.11,-.18,-.06,-.35)*f6_11+
    mat4(.05,.01,.12,.27,.01,.01,.16,.18,.19,.02,.07,-.02,-.13,.26,-.07,.12)*f6_12+
    mat4(.19,-.19,-.19,-.18,-.10,-.29,.24,-.03,.09,.00,.14,.28,.01,-.10,-.13,.23)*f6_13+
    mat4(-.01,-.13,.04,.13,-.07,.20,.20,.13,.09,-.27,.04,-.10,.07,-.22,.22,-.28)*f6_14+
    mat4(-.09,-.26,.29,-.15,-.03,.08,-.04,.07,-.17,.31,-.21,.24,.26,-.26,.02,-.22)*f6_15+
    vec4(1.19,-1.39,.99,-1.73))/2.6+f6_15;
vec4 f8_0=sin(mat4(.07,.27,-.33,.03,-.18,.24,-.19,-.20,-.17,-.27,-.24,-.05,-.21,.17,.14,.24)*f7_0+
    mat4(.05,-.31,-.13,-.06,.04,.06,-.11,-.15,-.10,.21,.28,.26,-.16,.22,-.16,-.23)*f7_1+
    mat4(-.06,.06,-.22,.13,.06,-.16,-.32,-.29,-.20,.03,.11,-.23,-.10,.07,.00,-.13)*f7_2+
    mat4(.14,.21,-.16,.30,.24,-.12,-.09,.33,.32,.25,-.21,-.38,.11,.29,-.17,-.01)*f7_3+
    mat4(-.33,.14,-.23,-.12,.03,-.19,.24,-.14,.26,-.26,-.22,.20,.27,-.25,-.05,.22)*f7_4+
    mat4(.14,-.12,-.13,.23,-.13,-.08,-.06,.24,-.10,.30,-.16,.16,-.13,-.14,.23,-.28)*f7_5+
    mat4(-.15,-.03,-.06,.18,-.23,.25,.08,.14,-.26,-.35,-.10,.38,.29,.11,.08,-.27)*f7_6+
    mat4(-.12,-.15,.25,-.20,-.14,.01,.15,-.13,-.13,-.22,.06,-.08,-.03,-.22,.10,-.18)*f7_7+
    mat4(-.15,.06,.15,-.20,.27,-.04,.32,-.13,-.23,-.13,.15,.16,.21,-.00,.12,.27)*f7_8+
    mat4(-.06,-.27,.23,-.20,.06,-.15,.06,.30,.13,-.08,-.07,-.17,-.23,.16,.06,.06)*f7_9+
    mat4(-.26,.19,.00,-.12,.32,.05,-.18,.19,-.23,.05,-.23,.04,.19,.18,-.01,-.32)*f7_10+
    mat4(.09,-.17,.20,-.37,.06,.15,-.07,.23,-.19,.17,.21,-.39,.09,-.23,-.22,.38)*f7_11+
    mat4(.09,.32,.28,.01,.33,-.16,.11,.07,.06,.25,-.19,-.07,.12,.13,-.21,-.06)*f7_12+
    mat4(.06,.13,-.26,-.24,.12,-.24,.31,-.13,.11,.06,.17,-.07,-.16,-.02,.16,.01)*f7_13+
    mat4(.28,.13,.25,-.05,.10,-.05,.14,-.12,.16,.22,.01,.28,-.02,-.17,.10,-.03)*f7_14+
    mat4(.23,.18,-.11,-.07,.28,-.14,.03,.17,.23,-.10,.03,-.05,.09,-.07,.08,-.06)*f7_15+
    vec4(.87,1.20,.05,.28))/2.8+f7_0;
vec4 f8_1=sin(mat4(-.38,-.10,-.20,.20,.46,-.01,.06,.03,-.24,.21,-.03,.01,-.32,-.19,.06,.01)*f7_0+
    mat4(-.12,.32,-.06,.05,.30,.15,.03,-.25,.28,-.00,.21,-.12,.44,.12,-.15,-.07)*f7_1+
    mat4(-.31,.13,.12,-.17,-.17,.05,-.19,-.01,.50,-.17,.11,-.00,-.06,-.18,.04,.08)*f7_2+
    mat4(.49,.20,.10,.09,-.09,.24,-.21,-.02,-.28,-.18,-.03,-.25,-.29,.17,-.26,.16)*f7_3+
    mat4(.31,.12,-.06,-.25,.08,.27,.01,-.19,-.26,.17,-.14,.18,.01,-.01,-.04,.22)*f7_4+
    mat4(-.23,.00,-.05,-.20,-.12,-.19,-.15,.17,-.16,-.30,-.21,-.33,.19,.03,-.16,.04)*f7_5+
    mat4(.19,.09,-.00,-.10,.32,-.19,-.16,-.02,.21,.02,-.11,.26,-.10,.24,.04,.04)*f7_6+
    mat4(-.10,-.17,.09,.25,-.35,.12,-.13,.14,.37,-.13,.09,-.01,.61,.25,.26,.08)*f7_7+
    mat4(-.29,.17,.24,.13,-.49,.27,-.13,-.24,.04,-.21,.21,-.09,-.03,.34,-.04,-.13)*f7_8+
    mat4(-.39,.27,-.28,-.13,.10,.09,.00,.25,.31,-.11,.14,.30,.42,.19,.12,.08)*f7_9+
    mat4(.18,.22,.14,.17,.02,.13,.07,.10,-.12,.20,-.29,-.08,-.08,.24,.20,-.10)*f7_10+
    mat4(-.40,-.11,.12,-.19,.01,-.03,-.23,.27,-.09,-.20,-.29,.22,.17,-.25,.27,.04)*f7_11+
    mat4(-.01,.18,-.35,.05,.04,-.15,-.24,-.01,-.33,-.22,.05,.00,.37,-.23,-.15,-.20)*f7_12+
    mat4(.28,-.03,-.00,-.07,-.03,-.11,-.09,-.02,-.29,.23,.30,.31,-.08,-.07,.19,-.08)*f7_13+
    mat4(.19,-.14,-.01,-.21,-.45,-.12,.19,-.13,-.09,-.18,.08,.12,.14,.12,-.23,.12)*f7_14+
    mat4(-.47,-.15,-.16,.35,.15,-.23,-.19,-.17,.27,.20,.03,.20,-.27,-.20,-.15,.14)*f7_15+
    vec4(-.48,.55,1.16,1.91))/2.8+f7_1;
vec4 f8_2=sin(mat4(-.18,-.04,.06,-.00,.17,.08,-.36,.01,.22,-.21,.33,-.08,-.11,-.25,-.09,-.15)*f7_0+
    mat4(.07,.38,.09,-.10,-.21,-.30,-.21,.27,-.31,-.39,.05,.25,-.18,-.12,-.11,-.01)*f7_1+
    mat4(-.23,.22,-.08,.07,-.15,.11,-.15,.08,-.21,-.14,-.14,-.19,.28,-.16,-.21,-.13)*f7_2+
    mat4(.02,-.07,-.28,-.21,-.13,.08,.09,-.26,.29,.07,-.03,.02,-.21,-.03,.23,-.13)*f7_3+
    mat4(-.22,-.29,-.17,-.13,-.10,-.12,.18,.04,.06,.04,-.17,.03,-.18,.27,.02,.10)*f7_4+
    mat4(.26,.25,.09,-.17,.04,.04,-.25,-.18,-.06,.05,.33,-.29,-.08,-.32,.00,-.08)*f7_5+
    mat4(.10,-.05,.13,.24,.02,-.22,-.07,.14,-.26,-.01,.08,-.02,-.10,.06,.17,.00)*f7_6+
    mat4(-.07,-.35,.06,.08,.03,.27,.01,-.05,.03,-.00,.21,.08,.25,.01,.06,-.09)*f7_7+
    mat4(-.13,.16,.19,-.10,.29,.07,-.28,.21,.06,.05,-.30,-.36,.19,.19,.18,-.12)*f7_8+
    mat4(.14,-.24,.02,-.14,-.13,.21,.22,-.06,.04,.19,-.30,.07,-.24,.32,.23,.18)*f7_9+
    mat4(.09,-.08,.18,-.03,-.01,-.11,-.05,.10,-.06,-.07,.30,-.04,-.00,.34,-.20,.22)*f7_10+
    mat4(-.14,-.32,.25,.30,-.06,.35,.23,-.10,.14,-.21,-.14,-.19,-.27,-.05,-.27,.22)*f7_11+
    mat4(-.16,.12,-.16,-.01,-.05,-.05,-.01,-.33,.11,-.15,.10,-.01,.05,-.07,-.24,-.23)*f7_12+
    mat4(-.24,-.29,.19,-.05,-.20,-.01,.25,-.14,-.19,-.24,-.22,-.16,-.17,-.17,-.13,-.06)*f7_13+
    mat4(-.06,.05,.04,.37,-.30,.25,.26,-.27,.01,-.26,-.30,.05,.07,-.31,-.22,.19)*f7_14+
    mat4(.11,-.17,.22,.16,-.25,.08,-.19,.09,-.03,.25,.07,.12,.11,.26,.30,-.07)*f7_15+
    vec4(-.82,.70,-1.82,-1.13))/2.8+f7_2;
vec4 f8_3=sin(mat4(.11,.06,-.28,.20,-.14,-.07,.22,-.02,.11,.14,.07,-.01,-.15,.14,.17,.04)*f7_0+
    mat4(-.02,-.20,-.23,.12,.12,-.25,-.20,-.23,-.20,.23,-.00,.08,.07,-.11,.19,-.30)*f7_1+
    mat4(.13,-.25,.27,-.19,.07,-.10,-.19,.12,.13,-.17,-.24,.09,.25,.02,.26,.29)*f7_2+
    mat4(-.18,-.11,-.17,-.16,-.04,.21,-.35,.32,.21,-.14,.23,.29,.06,-.12,-.22,-.16)*f7_3+
    mat4(-.08,-.14,-.15,.07,.02,.21,.30,-.22,-.22,.05,-.06,-.03,.08,-.02,-.26,.14)*f7_4+
    mat4(.22,-.08,-.07,-.15,.26,-.18,.09,-.06,-.25,-.11,-.04,.04,-.19,.03,-.34,.12)*f7_5+
    mat4(.04,-.14,-.27,-.26,-.20,.13,.25,-.22,.02,-.13,.01,-.11,-.01,.19,-.03,-.22)*f7_6+
    mat4(-.09,.01,.01,-.12,-.30,.07,.11,.16,-.32,-.06,.10,-.14,-.07,-.21,-.21,-.21)*f7_7+
    mat4(.03,-.03,-.07,-.15,-.03,-.30,.13,.01,.12,.22,.06,-.04,.08,.33,-.07,.16)*f7_8+
    mat4(-.25,.19,.09,-.10,.17,.11,.25,-.19,-.22,-.15,-.14,-.21,-.25,-.10,.10,-.17)*f7_9+
    mat4(-.22,-.05,.09,.30,.10,-.27,.01,.17,-.20,-.05,.20,-.30,-.00,.10,.14,.03)*f7_10+
    mat4(-.21,.20,-.09,.08,-.02,-.19,-.15,-.03,.14,.07,.10,.13,-.06,.20,.17,-.12)*f7_11+
    mat4(.13,-.13,.12,.04,.33,.04,-.16,-.16,-.19,.19,-.15,.05,-.17,.18,.24,-.21)*f7_12+
    mat4(.17,.14,.30,-.12,.01,.03,-.20,.25,.07,.21,.13,.15,.10,-.25,-.03,-.19)*f7_13+
    mat4(-.20,.08,-.25,.18,.27,-.31,.38,-.20,.25,.01,.26,-.12,.00,.24,.01,-.13)*f7_14+
    mat4(-.16,-.06,.15,.13,.27,-.26,.17,.28,.13,-.30,.04,-.20,.13,-.12,.05,-.10)*f7_15+
    vec4(-1.04,-.28,-1.69,-.54))/2.8+f7_3;
vec4 f8_4=sin(mat4(-.14,.09,.31,-.16,.13,-.04,.09,-.02,-.27,-.29,.33,-.01,.06,.32,-.05,-.19)*f7_0+
    mat4(.25,-.07,-.05,.23,-.01,-.25,-.14,.17,-.19,.02,-.15,.13,.21,.19,-.28,-.17)*f7_1+
    mat4(-.20,.23,.19,-.14,-.24,.19,-.10,-.03,-.12,-.26,.17,.15,-.22,.10,-.02,.26)*f7_2+
    mat4(.13,.08,-.07,.05,.20,.08,.13,.09,.10,-.21,.23,.07,.06,-.04,-.01,-.26)*f7_3+
    mat4(-.07,.06,-.15,-.26,-.21,.00,.10,.06,-.15,.23,.23,.31,.18,.14,-.12,.01)*f7_4+
    mat4(.17,-.04,.21,.18,.14,-.27,.25,.09,.05,.23,-.05,.18,.17,-.00,-.21,-.29)*f7_5+
    mat4(-.09,-.33,-.06,-.19,.04,-.18,.02,-.20,.08,.04,.20,-.07,-.04,.07,-.06,.29)*f7_6+
    mat4(.25,.08,.00,-.05,-.24,.16,-.29,.20,.04,.30,.16,-.14,-.01,-.16,-.11,-.12)*f7_7+
    mat4(-.28,-.35,.05,.04,.08,-.08,-.19,-.02,-.15,-.28,-.22,-.22,-.14,-.15,.06,.03)*f7_8+
    mat4(-.02,.31,-.06,-.05,.12,-.14,.15,-.02,-.15,.23,.18,.14,.08,-.34,-.01,.06)*f7_9+
    mat4(.01,-.15,-.22,-.23,.27,-.25,-.27,-.20,.23,-.05,-.24,-.00,.12,.04,.02,-.22)*f7_10+
    mat4(-.05,-.13,.19,-.21,-.11,-.14,.26,-.17,.21,-.24,.13,.32,.11,-.13,-.08,-.32)*f7_11+
    mat4(-.10,.11,-.23,-.25,-.14,-.00,.27,.05,.06,.08,-.10,.27,.10,.06,.24,.26)*f7_12+
    mat4(.25,.03,.28,.19,.02,-.28,.08,-.09,-.12,-.22,.21,-.19,.05,.36,.29,.08)*f7_13+
    mat4(.05,.11,.21,-.09,.06,.00,.35,.05,-.02,-.27,.25,-.24,.12,.25,-.28,-.09)*f7_14+
    mat4(-.15,-.19,.13,.17,-.26,-.08,-.31,-.15,.31,.12,.16,.09,.11,-.02,.01,.24)*f7_15+
    vec4(.84,1.79,-1.35,-.12))/2.8+f7_4;
vec4 f8_5=sin(mat4(-.10,-.05,.19,-.28,.10,-.33,.07,.12,.17,.05,-.25,.01,.28,-.08,-.27,-.12)*f7_0+
    mat4(.24,.17,.05,-.17,-.08,.21,.17,.08,.21,-.27,.09,-.13,.15,-.29,-.25,-.16)*f7_1+
    mat4(-.12,-.24,.16,-.07,.29,-.28,.24,-.11,.32,.24,.22,.15,-.23,.27,.16,.12)*f7_2+
    mat4(.04,.13,-.11,.26,.28,-.16,-.07,-.04,-.02,-.02,.09,.18,.32,-.09,-.03,.23)*f7_3+
    mat4(.08,.22,.22,.18,-.14,.04,.03,-.04,.24,.16,.27,.01,.28,-.12,.28,.04)*f7_4+
    mat4(-.16,.27,-.25,-.27,-.20,.15,-.25,-.23,-.16,-.03,.09,-.11,.39,-.05,-.10,-.04)*f7_5+
    mat4(.02,-.28,-.28,.18,.03,-.07,.18,-.11,.37,-.26,.01,-.26,.16,-.21,-.18,.14)*f7_6+
    mat4(.03,.20,-.05,-.24,.00,-.17,-.03,-.02,-.21,.29,-.19,.16,-.08,.10,.19,.02)*f7_7+
    mat4(.07,-.31,-.16,-.20,-.25,.30,.19,-.18,.30,-.23,-.16,.15,.22,.08,.35,.20)*f7_8+
    mat4(-.30,.28,.02,.08,.20,.26,.19,-.13,.43,-.23,-.21,.23,-.02,-.06,.15,-.14)*f7_9+
    mat4(.16,-.04,.11,-.15,-.18,.11,-.13,.08,-.21,-.15,.18,.08,.08,-.12,-.04,.04)*f7_10+
    mat4(.00,-.21,-.00,-.17,.31,-.05,.31,.03,-.28,-.11,-.09,.23,-.21,-.01,-.03,-.19)*f7_11+
    mat4(.06,.30,-.15,.27,-.12,-.17,-.02,-.19,-.24,.05,-.06,-.28,.14,-.07,-.11,-.14)*f7_12+
    mat4(.00,.03,.05,-.15,.26,-.10,.16,-.09,-.14,-.13,.14,.01,.11,.12,.15,-.01)*f7_13+
    mat4(.35,.18,-.24,.20,-.08,-.07,.25,-.25,.09,-.19,.16,.00,.30,-.20,.19,.12)*f7_14+
    mat4(-.07,.12,-.00,.11,-.00,-.19,.02,.15,.23,.10,.17,.27,-.21,.09,.07,.11)*f7_15+
    vec4(-1.80,-.60,1.08,.01))/2.8+f7_5;
vec4 f8_6=sin(mat4(-.14,-.28,.16,-.16,.28,-.31,-.16,-.17,.11,-.35,.05,.30,-.04,.18,-.24,.05)*f7_0+
    mat4(-.32,-.02,-.20,.12,-.13,.19,.08,-.21,-.25,.19,.23,-.31,-.16,.25,.12,-.13)*f7_1+
    mat4(.19,.27,-.05,.10,.04,-.22,-.32,-.13,.02,-.10,.10,-.15,.00,.09,-.01,-.18)*f7_2+
    mat4(-.24,.28,-.19,.02,-.13,.17,.14,.13,.19,-.22,-.10,.10,.04,.23,.25,-.02)*f7_3+
    mat4(-.17,.17,-.20,.17,.26,.00,.26,-.07,-.22,-.02,-.28,.22,.24,-.30,.01,-.04)*f7_4+
    mat4(-.21,-.26,.10,-.03,.10,-.30,-.06,.02,-.16,.03,-.04,.19,.03,-.18,.17,-.09)*f7_5+
    mat4(.09,-.17,.03,.12,-.16,-.21,-.22,-.03,.04,-.07,.14,-.24,.08,-.13,-.27,-.26)*f7_6+
    mat4(.30,-.18,.15,-.18,-.03,-.08,.01,-.09,-.03,-.07,.17,-.14,-.26,.04,.18,-.25)*f7_7+
    mat4(-.16,.25,-.12,.07,.09,.21,-.02,-.18,-.08,.18,-.36,.17,.20,-.13,-.06,.17)*f7_8+
    mat4(.08,.12,.16,.27,-.03,.18,-.16,.20,-.02,-.02,.29,.22,.14,-.13,-.17,.22)*f7_9+
    mat4(.00,.20,-.00,-.20,-.03,.11,-.02,.09,-.01,.18,-.10,-.03,.21,.11,-.25,.34)*f7_10+
    mat4(.21,.04,.09,.25,.08,.11,.24,.25,.29,.19,-.27,.14,-.08,-.15,-.23,.26)*f7_11+
    mat4(.28,-.26,.23,-.11,-.02,-.11,.16,.04,.10,-.06,.00,.09,-.09,-.31,-.25,.24)*f7_12+
    mat4(.24,.13,-.10,-.08,.16,.04,-.07,.14,-.15,.18,.30,.14,-.11,.30,.09,.34)*f7_13+
    mat4(-.30,.33,.05,.28,.08,.32,-.19,-.10,-.16,-.25,.11,-.16,-.10,-.20,.13,.03)*f7_14+
    mat4(-.23,-.14,.06,-.01,-.04,-.25,-.00,.03,-.00,-.21,-.01,-.11,.16,.33,-.15,.14)*f7_15+
    vec4(-1.62,-.42,-.02,-.12))/2.8+f7_6;
vec4 f8_7=sin(mat4(.20,-.26,-.13,-.11,.26,.12,.07,.27,-.29,-.11,-.01,.33,.23,.09,-.27,.29)*f7_0+
    mat4(-.04,.09,-.10,-.11,.12,-.02,.10,.01,-.26,-.17,.01,-.01,-.14,-.13,-.04,-.11)*f7_1+
    mat4(-.24,-.24,.13,-.02,.21,.14,-.23,.23,-.28,.21,-.15,-.27,-.10,.17,-.27,.26)*f7_2+
    mat4(.08,-.07,.21,-.07,-.29,.13,.02,.02,.11,.31,.33,.25,.12,.17,-.01,-.18)*f7_3+
    mat4(.02,.09,.13,-.10,.17,.10,.12,-.15,-.05,.04,.18,-.24,.20,-.24,-.28,-.19)*f7_4+
    mat4(-.04,-.10,-.16,.24,.00,-.18,.28,.03,.35,.20,-.01,.21,-.09,.10,-.15,-.17)*f7_5+
    mat4(-.16,-.09,-.20,.12,.06,-.11,-.10,-.09,-.09,-.04,-.14,.25,.05,-.18,-.07,.09)*f7_6+
    mat4(-.20,.09,-.20,.04,.03,.23,-.13,-.10,.23,-.10,.09,.29,-.24,.09,-.13,-.31)*f7_7+
    mat4(-.31,-.19,-.13,-.30,-.18,.21,.27,-.10,-.12,-.19,-.08,-.20,.09,.21,-.03,-.05)*f7_8+
    mat4(.29,-.05,-.26,.01,-.26,-.01,-.23,.21,-.13,-.18,-.07,.23,.21,.23,.24,-.09)*f7_9+
    mat4(.04,.22,.07,.18,.23,-.05,.24,-.01,.06,-.02,.18,-.09,-.04,.05,.20,-.15)*f7_10+
    mat4(-.19,-.19,.13,.02,-.09,-.14,-.01,-.33,-.20,-.20,.23,.06,.08,-.11,.25,-.19)*f7_11+
    mat4(.22,-.11,-.02,.01,-.09,.18,-.13,.00,-.02,-.02,-.16,.27,.19,-.06,-.23,.29)*f7_12+
    mat4(.12,.10,.21,-.17,.13,-.07,.20,-.10,.31,-.16,.20,.05,-.26,-.17,.13,.09)*f7_13+
    mat4(-.02,.21,.10,.08,.31,-.05,.25,.24,.06,-.30,.09,-.27,.08,.11,.04,-.26)*f7_14+
    mat4(.23,-.17,-.20,-.19,.22,-.10,-.25,-.09,.05,-.29,.08,.13,.25,-.31,.00,-.19)*f7_15+
    vec4(.58,.09,-1.43,-1.14))/2.8+f7_7;
vec4 f8_8=sin(mat4(-.36,-.02,.04,-.08,-.02,.23,.15,-.03,-.19,.06,-.21,.14,-.01,-.21,-.02,.10)*f7_0+
    mat4(-.24,.02,.28,.24,.07,-.03,-.14,-.07,-.06,-.31,.28,.19,-.17,.16,-.03,-.15)*f7_1+
    mat4(-.04,.15,.12,-.24,-.01,-.15,.20,.24,-.04,-.07,-.29,-.13,-.02,-.16,-.01,-.33)*f7_2+
    mat4(-.10,-.19,-.03,.19,-.27,.36,.24,-.28,.14,-.13,-.27,-.07,-.01,-.03,.11,-.09)*f7_3+
    mat4(-.11,-.09,.07,.12,.25,.17,.23,.21,.07,.10,-.12,-.13,.22,.10,-.00,-.24)*f7_4+
    mat4(-.13,-.06,-.28,-.01,.18,-.16,.19,.19,-.31,-.17,.08,-.34,.15,-.00,.11,-.30)*f7_5+
    mat4(-.30,-.06,.21,.12,.14,.06,.12,-.24,-.05,.15,-.08,-.18,-.05,.09,-.08,.24)*f7_6+
    mat4(-.29,.32,-.28,.10,.29,-.27,.27,-.06,-.22,-.13,-.17,.05,-.03,-.13,-.23,-.07)*f7_7+
    mat4(-.12,-.34,.08,-.27,-.11,.28,-.03,.04,.03,-.12,-.15,-.23,.06,-.03,-.07,.29)*f7_8+
    mat4(.16,-.14,.14,.09,-.12,.02,-.09,.24,-.07,.01,.25,-.12,-.28,-.31,-.06,-.25)*f7_9+
    mat4(-.13,-.13,-.22,.22,.01,.11,.25,-.19,-.22,-.27,-.11,-.15,-.25,-.24,.16,-.07)*f7_10+
    mat4(.19,.20,.17,.25,.08,-.24,-.05,.18,.06,-.06,-.01,-.22,-.07,.13,.13,-.21)*f7_11+
    mat4(.05,-.28,-.21,.32,.22,-.23,-.02,-.27,.01,-.21,.15,.15,-.08,-.25,-.13,.31)*f7_12+
    mat4(-.14,-.20,-.15,.22,.16,-.11,.16,-.07,-.20,.01,-.15,.07,-.10,-.06,-.17,-.10)*f7_13+
    mat4(.01,.17,.25,.16,.01,.23,-.11,.06,-.29,.17,-.12,.22,-.13,-.03,-.14,.24)*f7_14+
    mat4(.18,.05,.15,-.30,.10,-.13,-.25,.01,-.15,-.16,.06,.04,-.02,.14,-.09,-.28)*f7_15+
    vec4(-1.69,-1.34,1.35,.53))/2.8+f7_8;
vec4 f8_9=sin(mat4(.24,.11,.07,.05,.15,.03,-.21,-.13,-.24,.09,.09,-.00,-.27,.22,-.09,.19)*f7_0+
    mat4(-.28,-.32,-.03,.18,.18,-.07,-.20,.08,.14,-.08,.11,-.17,.04,.19,.14,.15)*f7_1+
    mat4(-.01,.38,.12,.21,-.28,.34,-.31,.14,-.00,.32,-.04,.19,-.21,.10,-.24,.25)*f7_2+
    mat4(.04,.04,.08,.05,-.14,-.02,-.13,.12,-.29,.01,.10,-.21,.14,-.31,-.22,.04)*f7_3+
    mat4(-.12,.12,-.03,.29,.11,.20,.28,-.10,-.21,-.18,.01,.27,-.16,.28,.09,-.07)*f7_4+
    mat4(-.03,-.16,-.06,.04,.13,.13,.23,.09,.26,-.28,-.11,-.18,-.10,.14,-.19,.37)*f7_5+
    mat4(-.15,.27,.12,.00,-.07,-.18,.30,.19,-.07,.04,-.00,.17,.22,.01,.15,-.04)*f7_6+
    mat4(-.15,.01,.03,.26,-.24,-.02,-.25,.25,-.08,-.13,.05,-.05,-.23,.05,.29,.36)*f7_7+
    mat4(-.18,-.01,.07,.13,-.30,-.23,.20,.25,-.02,.04,.07,.04,-.32,-.01,-.23,.22)*f7_8+
    mat4(.04,.27,.12,-.08,-.17,.08,.27,-.00,-.22,.18,.24,-.08,-.17,-.26,.01,-.17)*f7_9+
    mat4(-.18,-.02,.22,-.14,-.01,.02,-.20,.01,.08,-.09,.28,.26,-.02,.10,-.09,-.27)*f7_10+
    mat4(-.10,.10,-.27,.14,.09,.01,.17,.25,.22,-.22,.03,.09,.08,-.18,.04,.04)*f7_11+
    mat4(-.23,-.25,-.26,-.29,.21,.19,.09,-.17,.26,.25,-.17,.08,-.22,.30,-.08,-.21)*f7_12+
    mat4(-.03,.24,-.01,-.26,.21,-.13,-.23,-.04,.02,.25,-.00,.15,-.30,.22,.10,-.04)*f7_13+
    mat4(-.13,-.00,.03,.13,.06,.22,.19,.15,-.24,-.27,.04,.02,.11,-.17,-.18,-.17)*f7_14+
    mat4(.01,-.29,-.14,-.06,.19,.17,-.14,-.01,-.30,.07,-.13,.08,-.08,-.12,.07,-.16)*f7_15+
    vec4(-.80,1.47,.93,-.53))/2.8+f7_9;
vec4 f8_10=sin(mat4(.11,.44,-.07,.19,.25,.02,-.29,.12,.19,.15,-.10,.28,.22,.08,-.25,-.09)*f7_0+
    mat4(-.25,.12,-.13,.03,-.11,-.13,.00,-.26,.06,-.31,.11,.09,.09,-.01,-.22,.21)*f7_1+
    mat4(.15,-.25,.14,-.28,-.35,-.00,.11,-.25,.08,.02,-.05,.24,.07,.04,-.21,-.25)*f7_2+
    mat4(.19,.05,-.13,-.24,-.26,-.30,.05,.19,.02,.01,-.08,-.11,-.16,-.25,-.32,.28)*f7_3+
    mat4(.02,-.44,.09,.11,.28,-.15,.12,.17,.17,-.11,-.21,.02,.06,.10,.23,.27)*f7_4+
    mat4(.21,.13,-.30,.14,-.21,-.05,.10,-.24,-.30,.27,-.18,.06,.11,.04,.24,-.07)*f7_5+
    mat4(-.06,-.12,.25,-.00,-.18,.09,-.01,-.23,.12,-.13,.09,-.28,-.33,.15,-.16,-.24)*f7_6+
    mat4(.08,-.07,-.16,-.03,-.08,-.03,-.31,-.09,-.01,-.18,.10,.25,-.05,-.36,-.12,.04)*f7_7+
    mat4(-.21,.17,.02,.15,-.02,-.08,.13,.03,.31,.25,-.09,.33,-.07,-.03,.08,.25)*f7_8+
    mat4(-.21,-.25,-.26,-.11,.01,-.08,-.26,-.18,.03,-.05,-.04,.29,-.10,.16,-.18,-.01)*f7_9+
    mat4(-.10,-.27,.13,-.02,.08,-.07,-.24,-.18,.31,.17,-.16,.26,-.13,-.15,.25,.02)*f7_10+
    mat4(-.29,-.04,.05,-.08,-.06,-.02,-.20,.32,.00,.27,-.24,.04,-.08,-.10,.12,.20)*f7_11+
    mat4(-.18,.29,.07,-.04,-.09,-.19,-.29,-.28,-.28,-.08,-.20,-.17,-.30,.04,-.23,-.07)*f7_12+
    mat4(.08,.29,.01,.04,.08,.21,.09,-.18,.25,-.07,.28,.12,-.25,.15,-.16,.13)*f7_13+
    mat4(.19,-.10,.06,-.11,.04,-.27,-.32,.16,.29,-.11,-.09,.06,-.18,-.00,-.15,.05)*f7_14+
    mat4(-.24,.03,-.19,-.29,.16,.03,.20,-.04,-.05,-.20,.23,.09,.02,-.19,.19,.01)*f7_15+
    vec4(-.68,.07,-1.28,1.06))/2.8+f7_10;
vec4 f8_11=sin(mat4(.14,.06,.14,.10,-.21,.22,.11,.23,-.03,.21,-.20,-.07,-.23,-.24,.29,-.02)*f7_0+
    mat4(.17,.15,.28,.33,-.21,.17,-.15,-.15,-.27,.03,-.10,.18,.01,-.17,.25,.01)*f7_1+
    mat4(-.02,-.04,.30,.06,.17,-.10,.21,-.26,.27,.22,.20,-.22,.02,.00,-.05,.37)*f7_2+
    mat4(.07,-.16,.20,-.19,.18,-.04,.15,-.05,.24,.02,.33,.03,-.25,.08,.00,.33)*f7_3+
    mat4(-.02,-.20,.13,.12,-.23,-.12,-.32,-.10,-.19,.10,.11,.18,-.22,.12,-.28,-.07)*f7_4+
    mat4(.18,.19,-.16,-.05,-.16,-.08,-.16,-.05,.03,.21,-.01,.13,-.07,-.24,.07,-.33)*f7_5+
    mat4(-.15,-.01,.07,.22,-.01,.27,-.09,.09,-.11,.04,.27,.14,-.20,.19,.11,.07)*f7_6+
    mat4(.09,.06,-.02,-.29,-.28,.17,.08,-.17,.32,.16,.30,.32,-.20,.24,-.33,.22)*f7_7+
    mat4(-.25,.00,.15,.28,.23,.21,-.17,-.18,.19,-.17,-.15,-.03,.13,.15,.16,-.20)*f7_8+
    mat4(.24,.27,.01,.26,.30,-.25,-.26,-.20,-.11,-.14,.25,-.24,.20,.23,.18,-.11)*f7_9+
    mat4(-.13,-.22,-.06,-.29,.24,.17,-.25,.04,-.09,.18,-.03,-.20,-.18,.16,.04,.16)*f7_10+
    mat4(.20,.28,.02,.24,.17,.19,-.02,.05,.29,.21,.12,-.17,-.06,.18,-.22,-.21)*f7_11+
    mat4(-.11,.01,-.16,-.03,-.17,.16,.28,-.04,.24,.08,.23,-.30,-.35,.16,-.20,.04)*f7_12+
    mat4(-.10,-.07,.17,-.01,.25,-.19,-.22,-.08,.21,-.05,-.22,.00,-.14,-.00,.09,-.01)*f7_13+
    mat4(.06,.12,.08,.21,.20,.05,.03,.25,-.04,.00,.04,-.04,-.21,-.13,.11,-.18)*f7_14+
    mat4(.14,.18,-.17,-.05,-.11,-.18,.29,-.20,-.14,-.01,-.06,-.08,.09,.28,.31,-.26)*f7_15+
    vec4(1.73,1.51,-.26,.36))/2.8+f7_11;
vec4 f8_12=sin(mat4(-.05,.22,.06,.02,.30,-.01,.18,-.18,-.31,.27,.12,.05,.08,-.01,-.17,-.18)*f7_0+
    mat4(-.08,.06,.07,.01,-.03,-.04,.23,-.21,-.21,.12,-.00,-.17,.13,-.03,-.06,-.07)*f7_1+
    mat4(.30,.10,-.21,.28,.11,.06,-.18,-.27,-.12,.16,.09,.10,.32,.06,.16,.13)*f7_2+
    mat4(-.05,.27,.17,.32,.03,-.34,-.30,.03,-.14,-.32,.12,-.16,.17,.15,-.03,.13)*f7_3+
    mat4(-.19,.20,-.13,.12,.13,.12,-.30,-.26,-.11,-.04,-.13,-.26,-.00,-.09,-.08,.10)*f7_4+
    mat4(-.07,.36,.08,-.14,.16,-.39,-.27,.24,-.09,.22,.13,.26,-.13,-.33,-.20,.11)*f7_5+
    mat4(-.06,.21,-.23,.20,.25,-.17,.04,-.00,.13,.04,.18,.15,-.05,-.13,.17,.34)*f7_6+
    mat4(-.07,.07,-.01,-.18,.03,-.19,-.18,-.31,.26,-.37,.02,.30,-.07,.03,-.06,-.09)*f7_7+
    mat4(-.11,.17,-.11,-.14,.11,-.00,.23,-.22,-.16,-.26,.22,.20,.24,-.27,-.03,-.17)*f7_8+
    mat4(-.11,-.31,.04,.10,.21,-.35,.32,-.01,-.25,-.07,-.10,-.13,-.16,.18,-.05,.24)*f7_9+
    mat4(-.13,.31,.10,.18,.23,-.14,-.14,.01,.15,-.19,-.27,-.24,.13,-.03,.23,-.17)*f7_10+
    mat4(.16,-.12,-.24,.26,.06,.13,.13,.17,-.28,.00,.02,-.11,.11,.01,.13,-.26)*f7_11+
    mat4(-.24,.23,.18,-.23,.12,-.18,-.25,.13,.07,-.31,-.23,.10,.31,-.21,-.07,.09)*f7_12+
    mat4(-.10,.04,-.17,.08,.15,-.09,-.14,-.20,.23,-.18,.25,.10,.14,-.15,.11,.14)*f7_13+
    mat4(-.16,.12,-.06,.02,-.07,.15,.18,.19,-.32,.19,.05,-.28,-.18,.04,.09,.04)*f7_14+
    mat4(-.35,-.17,-.16,.23,-.25,.17,.15,.16,.31,.20,-.17,.14,-.30,-.13,.26,-.04)*f7_15+
    vec4(1.72,1.86,-.82,.01))/2.8+f7_12;
vec4 f8_13=sin(mat4(-.07,-.22,-.02,-.20,-.13,-.25,.18,-.10,-.09,-.12,-.20,-.24,-.21,.20,.32,-.29)*f7_0+
    mat4(-.01,.27,-.18,.23,.00,-.26,-.04,-.07,-.23,-.08,.06,.10,-.26,.11,-.17,-.04)*f7_1+
    mat4(-.30,.24,.11,.28,.24,.15,-.10,-.08,-.13,.25,.14,-.01,-.18,-.31,-.17,-.03)*f7_2+
    mat4(.08,.06,-.19,-.05,.18,.25,-.33,-.03,.26,.18,-.29,-.23,-.24,-.11,-.29,.19)*f7_3+
    mat4(-.24,-.18,-.07,-.09,-.16,.10,.11,-.19,-.02,.03,-.15,-.14,-.25,-.15,.12,.01)*f7_4+
    mat4(.22,.19,.28,.23,.20,.00,.23,-.04,.23,.05,-.17,.12,.00,.04,-.24,-.08)*f7_5+
    mat4(.04,.26,-.22,-.23,-.01,.29,-.15,.04,-.25,-.04,-.26,.12,.09,-.25,.06,-.08)*f7_6+
    mat4(-.06,.09,-.05,.02,-.11,.23,.22,-.15,-.20,-.09,-.02,.21,-.15,-.06,-.16,.02)*f7_7+
    mat4(-.20,.12,.16,.03,-.17,.08,.03,-.28,-.19,-.17,.12,-.14,-.00,-.23,.14,.26)*f7_8+
    mat4(.27,-.12,-.27,-.01,-.04,-.12,.25,-.13,.31,-.25,.26,-.30,-.06,-.11,-.13,.32)*f7_9+
    mat4(-.26,-.22,-.26,.01,.00,-.13,.08,.04,-.20,.20,-.22,.00,.29,.20,-.12,.23)*f7_10+
    mat4(-.26,-.20,-.21,.20,-.20,-.09,-.06,.10,.29,-.06,.09,-.28,-.06,.09,.14,.11)*f7_11+
    mat4(-.22,-.22,-.27,-.17,-.10,-.22,.01,-.01,-.25,-.16,-.20,-.26,.19,.01,-.04,.12)*f7_12+
    mat4(-.21,.26,-.13,.13,-.24,.05,-.02,.29,.21,-.17,-.07,-.04,-.08,-.01,-.17,-.21)*f7_13+
    mat4(.14,-.12,-.08,.01,-.07,-.32,-.06,.04,-.31,.23,-.06,-.06,.13,-.03,-.26,-.13)*f7_14+
    mat4(.10,-.19,-.08,-.06,-.02,-.19,-.16,.29,-.15,.12,.13,-.02,-.06,-.04,.11,.25)*f7_15+
    vec4(-1.78,1.23,.93,-1.04))/2.8+f7_13;
vec4 f8_14=sin(mat4(-.30,-.28,.27,-.28,.12,-.02,-.19,-.31,-.02,.20,.32,.07,.30,-.08,.05,.15)*f7_0+
    mat4(-.20,.30,.23,.07,-.14,-.10,-.27,-.21,.31,-.17,.16,.08,-.24,.15,-.21,.05)*f7_1+
    mat4(-.15,-.01,-.01,.11,-.01,-.18,-.19,.03,.08,-.17,-.24,.19,.18,-.26,-.05,.05)*f7_2+
    mat4(-.05,.08,-.19,.06,.17,-.05,-.05,-.28,-.12,-.25,.11,.11,.05,.22,.04,.25)*f7_3+
    mat4(-.26,.11,.29,.27,.30,-.17,-.15,.15,.09,-.01,.25,-.26,.00,.24,-.22,-.18)*f7_4+
    mat4(-.26,-.05,-.22,.26,.27,-.27,-.32,.13,.01,-.31,-.26,.19,.24,-.20,.22,-.24)*f7_5+
    mat4(.26,-.00,-.17,.22,.30,-.10,.08,.08,.10,-.04,.00,-.10,-.00,.12,.29,-.01)*f7_6+
    mat4(-.23,.15,-.22,-.25,-.08,-.27,-.18,.27,-.08,-.30,.12,.17,.10,.32,-.24,-.13)*f7_7+
    mat4(.20,-.21,-.30,.17,-.10,.03,-.13,-.25,.27,-.06,.12,-.17,.30,-.04,.15,.42)*f7_8+
    mat4(.31,.05,-.16,.15,-.00,-.25,-.19,.22,.16,.13,.03,-.30,-.19,-.23,.32,.12)*f7_9+
    mat4(.22,.25,.05,-.22,.24,-.09,.06,-.25,-.16,.05,-.01,.36,.07,-.08,.00,.23)*f7_10+
    mat4(-.02,-.20,-.27,-.21,.16,-.18,-.21,-.03,-.23,-.26,-.01,-.14,.17,-.02,-.02,-.16)*f7_11+
    mat4(.18,.15,.04,.30,.06,.12,-.10,-.25,.26,-.28,.15,-.21,-.05,-.25,.23,-.15)*f7_12+
    mat4(-.30,.19,-.34,.01,.21,-.00,-.03,-.29,-.14,.28,-.25,-.05,.15,-.16,.14,-.01)*f7_13+
    mat4(-.29,.12,-.09,-.24,-.32,-.13,-.07,.09,.05,-.13,.10,.04,-.24,.19,.06,-.36)*f7_14+
    mat4(.03,-.03,.07,.20,.18,-.03,-.07,-.26,-.25,-.04,.01,.14,-.12,.10,-.15,-.27)*f7_15+
    vec4(-.01,-1.51,1.53,1.05))/2.8+f7_14;
vec4 f8_15=sin(mat4(-.01,.29,-.31,-.16,-.19,.10,-.02,.10,-.12,.24,.11,.03,.19,-.09,.21,-.01)*f7_0+
    mat4(.06,.01,-.20,.26,.11,.20,.20,.20,.24,.01,-.30,-.33,.14,-.21,.33,.19)*f7_1+
    mat4(.08,-.17,-.17,.31,-.20,.13,.20,-.18,-.21,-.26,.08,.25,-.13,.13,.05,-.03)*f7_2+
    mat4(-.04,.23,.28,-.19,-.27,-.19,.13,-.30,-.19,-.06,.07,-.07,-.10,-.24,-.01,.21)*f7_3+
    mat4(-.23,.12,-.35,-.20,-.13,-.27,.26,.21,-.16,.15,-.04,-.21,-.29,.20,.07,-.30)*f7_4+
    mat4(.09,-.00,.18,-.06,.27,-.09,.07,.12,.18,.27,-.03,-.11,-.09,-.25,.23,.25)*f7_5+
    mat4(.18,.27,.12,.24,-.28,.27,.18,.24,.07,.05,-.01,-.19,-.28,-.19,-.10,.09)*f7_6+
    mat4(-.07,-.27,-.21,-.08,-.09,-.12,.10,.30,-.19,-.25,-.22,-.22,-.01,.17,.23,.05)*f7_7+
    mat4(-.09,-.31,.04,.10,.23,-.04,.08,-.11,.11,-.00,.25,.16,-.07,-.14,-.19,.24)*f7_8+
    mat4(-.08,.05,.21,-.24,-.03,.09,.32,.13,.23,.23,.26,.07,-.22,.04,.29,.02)*f7_9+
    mat4(-.00,.20,-.08,-.05,-.25,.19,-.18,-.26,.18,-.12,.12,.24,.21,.04,-.03,-.17)*f7_10+
    mat4(.03,.24,-.20,.30,-.04,-.26,-.12,-.07,-.15,-.18,.31,.22,.00,-.09,-.15,-.20)*f7_11+
    mat4(.27,-.11,-.10,.21,.17,.22,.11,.23,-.03,.15,.07,-.19,.19,-.01,-.29,-.15)*f7_12+
    mat4(-.26,.13,-.21,.31,.10,.24,.19,.20,-.20,.22,-.15,-.19,-.23,-.07,-.04,.16)*f7_13+
    mat4(.26,-.25,.12,-.32,.14,-.30,.04,-.34,.29,-.14,-.10,.21,.14,.27,.31,.41)*f7_14+
    mat4(.21,.30,.00,-.18,-.13,-.06,-.22,-.22,-.29,-.14,-.17,.13,-.17,-.21,.45,-.29)*f7_15+
    vec4(.20,-.69,-.29,.34))/2.8+f7_15;
return dot(f8_0,vec4(-.02,.02,-.01,-.00))+
    dot(f8_1,vec4(.00,.00,.01,-.01))+
    dot(f8_2,vec4(-.02,-.01,.00,-.00))+
    dot(f8_3,vec4(.00,.00,-.00,-.00))+
    dot(f8_4,vec4(-.01,-.01,-.01,-.01))+
    dot(f8_5,vec4(.00,.02,.00,.00))+
    dot(f8_6,vec4(.02,.00,.00,-.01))+
    dot(f8_7,vec4(-.02,-.02,-.01,.02))+
    dot(f8_8,vec4(-.01,-.02,.02,.01))+
    dot(f8_9,vec4(-.01,-.01,-.02,.02))+
    dot(f8_10,vec4(.01,-.01,.02,-.01))+
    dot(f8_11,vec4(.00,.02,-.01,.01))+
    dot(f8_12,vec4(-.02,-.01,-.02,-.02))+
    dot(f8_13,vec4(.01,-.02,.01,.00))+
    dot(f8_14,vec4(-.00,.02,-.00,-.01))+
    dot(f8_15,vec4(.00,.02,.00,.01))+
    -0.053;
