vec4 f0_0=sin(p.y*vec4(-1.94,3.48,-3.09,.49)+p.z*vec4(-3.52,.16,-.02,.10)+p.x*vec4(-2.96,1.40,2.39,.56)+vec4(-8.02,-2.21,6.08,-7.14));
vec4 f0_1=sin(p.y*vec4(.00,.44,-1.98,2.10)+p.z*vec4(-4.66,-.36,4.03,-1.67)+p.x*vec4(3.80,-.74,3.20,2.70)+vec4(7.72,-4.51,4.76,3.52));
vec4 f0_2=sin(p.y*vec4(2.90,3.19,-4.61,1.32)+p.z*vec4(-2.93,-2.87,.60,.17)+p.x*vec4(-.07,-4.23,2.49,1.05)+vec4(3.53,2.24,6.03,1.00));
vec4 f0_3=sin(p.y*vec4(-2.36,-1.90,.72,-1.10)+p.z*vec4(2.16,.86,4.25,.66)+p.x*vec4(1.07,-4.24,4.54,2.03)+vec4(5.41,7.22,-6.42,-1.49));
vec4 f0_4=sin(p.y*vec4(-.55,3.55,2.58,3.82)+p.z*vec4(-4.25,1.55,-.81,1.21)+p.x*vec4(-.64,2.90,2.35,.30)+vec4(-2.19,-6.03,1.70,-3.80));
vec4 f0_5=sin(p.y*vec4(.44,-3.97,-1.15,1.14)+p.z*vec4(-.27,1.52,3.23,3.06)+p.x*vec4(3.05,-4.02,1.63,-2.22)+vec4(-6.24,3.83,-7.70,-1.91));
vec4 f0_6=sin(p.y*vec4(-2.97,-3.90,3.92,1.63)+p.z*vec4(1.06,-1.55,.57,-3.86)+p.x*vec4(-1.56,.06,-4.62,-3.13)+vec4(-6.94,.14,1.05,-4.52));
vec4 f0_7=sin(p.y*vec4(1.61,-.11,.98,-4.56)+p.z*vec4(2.29,-4.05,-.39,-2.77)+p.x*vec4(-1.85,-1.40,-4.40,.05)+vec4(2.73,-5.53,-8.40,.66));
vec4 f0_8=sin(p.y*vec4(2.94,-.71,-2.77,-4.25)+p.z*vec4(-4.67,3.56,-.28,2.30)+p.x*vec4(4.27,4.77,1.88,-3.61)+vec4(8.53,1.52,-3.34,7.55));
vec4 f0_9=sin(p.y*vec4(-4.83,.79,2.29,-.71)+p.z*vec4(1.17,-1.95,.24,.56)+p.x*vec4(.48,-2.77,-1.85,-2.54)+vec4(-2.10,4.95,.72,5.33));
vec4 f0_10=sin(p.y*vec4(-2.82,2.05,-3.48,-3.71)+p.z*vec4(3.15,4.71,.42,1.77)+p.x*vec4(2.01,1.96,1.04,-4.13)+vec4(-2.46,-.10,-4.00,-6.77));
vec4 f0_11=sin(p.y*vec4(1.40,-.79,-2.62,-2.44)+p.z*vec4(2.99,4.52,.68,-2.48)+p.x*vec4(-1.77,.59,-4.71,.08)+vec4(-7.82,3.61,5.18,6.24));
vec4 f0_12=sin(p.y*vec4(-1.28,-4.62,4.64,1.06)+p.z*vec4(-2.40,-2.34,1.70,-1.15)+p.x*vec4(-4.83,-4.17,4.10,1.72)+vec4(-5.65,-5.61,-2.65,3.18));
vec4 f0_13=sin(p.y*vec4(-1.65,.43,.23,-3.25)+p.z*vec4(-2.80,-4.82,-2.15,-2.28)+p.x*vec4(-3.21,1.89,3.06,-.65)+vec4(-1.46,-7.41,-3.60,.31));
vec4 f0_14=sin(p.y*vec4(-1.24,-3.35,-.80,-1.53)+p.z*vec4(-.25,-1.44,2.92,1.24)+p.x*vec4(-2.93,2.63,4.06,-2.38)+vec4(6.22,7.05,-.23,-1.93));
vec4 f0_15=sin(p.y*vec4(-2.23,-2.65,-2.06,-2.57)+p.z*vec4(4.96,-3.34,-1.03,.04)+p.x*vec4(-3.24,2.27,-1.65,.77)+vec4(-8.50,-6.86,7.64,1.94));
vec4 f1_0=sin(mat4(-.28,-.04,-.29,.19,-.26,.12,.01,-.02,.19,.22,-.29,.29,-.22,-.17,-.14,-.03)*f0_0+
    mat4(.25,-.03,.41,-.14,.22,-.05,.18,-.12,.09,.10,-.09,-.09,-.17,-.11,.12,-.26)*f0_1+
    mat4(-.16,-.12,.19,.11,.24,.25,-.03,.14,-.24,.07,-.19,-.10,.17,.23,.20,.26)*f0_2+
    mat4(.16,.13,.23,.14,.20,-.27,.12,.06,.30,-.01,-.11,-.20,.24,.04,-.11,-.11)*f0_3+
    mat4(.10,-.29,.02,.20,-.13,-.24,.01,.07,-.16,-.08,.26,.07,.01,-.17,-.08,.13)*f0_4+
    mat4(-.09,.16,-.17,-.22,-.06,.11,-.08,.09,-.13,-.21,.08,.24,.07,.20,.31,.08)*f0_5+
    mat4(-.25,.24,-.31,.29,-.27,-.32,.07,-.16,.04,.10,-.01,-.22,.00,.22,-.13,-.04)*f0_6+
    mat4(.29,-.06,-.06,.03,.06,-.28,.02,.21,-.16,.26,.05,.17,.16,.18,-.05,-.19)*f0_7+
    mat4(-.08,.20,.12,.22,.21,-.19,-.09,-.06,.28,.07,-.17,-.10,-.12,.10,-.08,.25)*f0_8+
    mat4(.28,.13,.25,-.01,.09,-.12,-.00,-.25,.34,.15,-.11,-.25,-.24,-.04,-.13,-.02)*f0_9+
    mat4(.03,-.11,.19,.26,.17,.18,.03,.03,-.27,.13,-.10,-.26,.04,-.26,-.22,.00)*f0_10+
    mat4(-.22,.08,.00,-.31,.13,.14,-.23,.21,-.19,.04,-.15,.19,-.22,-.07,.12,-.29)*f0_11+
    mat4(.18,.08,.13,.29,-.10,.22,.17,-.28,-.09,-.16,-.18,.28,-.05,.10,.05,-.25)*f0_12+
    mat4(-.09,-.25,.04,.08,-.12,-.12,.30,-.18,.10,.29,-.15,-.11,-.19,.27,-.22,.21)*f0_13+
    mat4(-.26,.13,-.25,.04,-.26,-.19,.03,.27,.08,-.11,.10,.23,-.05,.09,.19,-.34)*f0_14+
    mat4(-.30,.21,.06,.03,-.04,-.22,.20,.22,-.17,-.24,.17,.33,-.02,-.09,-.21,-.12)*f0_15+
    vec4(-.52,-.25,-.83,-1.75))/1.0+f0_0;
vec4 f1_1=sin(mat4(-.31,-.25,.14,-.30,.20,-.17,.16,.16,.12,-.27,-.05,-.07,-.27,-.00,.23,.12)*f0_0+
    mat4(.08,-.05,.21,.22,-.24,-.16,.08,.07,.03,-.07,.01,-.19,-.02,.06,-.24,.22)*f0_1+
    mat4(-.26,.26,-.21,-.08,.05,-.03,-.14,.17,-.24,.19,-.00,.05,.33,.23,.22,-.03)*f0_2+
    mat4(-.10,.18,-.23,.28,.20,-.17,.22,-.06,.25,-.14,.07,.28,-.15,-.16,-.04,.04)*f0_3+
    mat4(-.31,.20,.32,-.15,-.01,.17,-.09,.10,.07,.24,-.10,.20,.15,.03,-.09,-.14)*f0_4+
    mat4(-.16,-.16,.12,-.07,-.28,.02,.11,-.12,.23,-.12,.19,.05,-.23,-.05,-.23,.03)*f0_5+
    mat4(.03,.14,-.14,.16,.22,.03,-.07,-.01,-.08,-.06,-.29,-.24,.25,.20,-.21,.15)*f0_6+
    mat4(-.23,-.19,.17,.19,.15,.08,-.00,.18,.26,-.07,.28,.13,.14,.03,.21,.21)*f0_7+
    mat4(.00,.09,-.00,.29,.14,.29,.31,-.04,-.00,-.28,-.19,.26,-.27,-.15,.33,-.25)*f0_8+
    mat4(.21,-.11,-.05,.21,.12,.06,-.05,-.08,.10,.13,-.20,.29,.03,-.08,.12,.21)*f0_9+
    mat4(-.24,.17,-.12,-.25,.24,-.37,.29,-.04,.14,.23,.03,.11,.17,-.15,.09,-.05)*f0_10+
    mat4(.06,.11,.15,.28,-.12,-.11,.07,-.03,-.32,-.01,-.05,-.17,-.25,-.09,.21,.03)*f0_11+
    mat4(.21,.04,.10,.05,.32,-.07,-.21,-.09,-.07,-.10,-.02,.13,.17,-.04,-.21,.11)*f0_12+
    mat4(-.02,-.01,-.21,.25,.19,-.20,-.16,.08,-.20,-.19,.23,.23,-.14,.05,-.34,.04)*f0_13+
    mat4(-.25,.06,.07,.11,-.30,-.10,-.22,.12,.16,.15,-.12,-.18,-.13,.19,.19,.23)*f0_14+
    mat4(.03,.15,.07,.05,.22,.19,.02,.18,.17,-.09,.23,-.12,.09,.10,-.28,.05)*f0_15+
    vec4(.42,-.09,-1.39,1.36))/1.0+f0_1;
vec4 f1_2=sin(mat4(.14,-.05,.11,-.31,.23,-.07,.02,-.07,.23,-.32,-.10,-.18,-.21,-.15,.21,-.01)*f0_0+
    mat4(-.12,-.09,-.16,.19,-.03,-.15,-.15,-.07,.25,-.25,.26,-.01,.00,-.17,-.06,-.00)*f0_1+
    mat4(-.12,.32,-.21,-.20,-.10,.13,.07,.21,.19,.25,.18,.02,-.02,.25,.26,-.29)*f0_2+
    mat4(.25,-.06,-.05,-.21,-.04,-.29,-.02,-.20,.08,.05,-.27,-.05,-.23,.24,.19,-.28)*f0_3+
    mat4(.34,.03,.04,-.17,-.04,-.18,-.19,.09,.16,-.22,-.31,-.17,-.20,-.34,-.02,-.13)*f0_4+
    mat4(-.27,-.24,-.13,.27,.05,.26,.16,.21,-.05,.20,-.12,.06,-.17,.27,.03,-.20)*f0_5+
    mat4(-.27,-.29,.24,-.09,.26,-.12,.21,.23,-.01,.18,.02,.23,.15,-.15,-.15,.12)*f0_6+
    mat4(.24,-.02,-.10,.21,-.25,-.27,.14,.03,.02,.02,.06,.17,-.04,-.01,.20,.03)*f0_7+
    mat4(.10,.13,.04,.01,.14,.05,.15,.23,.22,.27,.09,-.38,.15,.16,.16,.30)*f0_8+
    mat4(.02,-.23,.32,-.16,-.09,.22,.21,-.31,-.03,-.12,-.18,-.11,-.03,.03,.10,-.27)*f0_9+
    mat4(.16,-.02,-.20,-.09,.16,-.17,-.03,-.16,-.11,.13,-.04,-.11,-.28,.19,.20,-.26)*f0_10+
    mat4(.01,-.05,-.12,-.02,-.21,.32,-.30,.09,-.21,.22,-.07,.09,-.05,.27,-.06,.20)*f0_11+
    mat4(-.22,-.17,-.30,.16,.22,.06,-.04,-.04,.04,-.09,.01,-.12,-.00,.23,-.04,-.26)*f0_12+
    mat4(-.19,.11,-.07,.16,.13,.25,-.16,-.08,-.27,.03,.11,-.09,.04,-.22,.27,-.11)*f0_13+
    mat4(-.04,-.14,.26,-.15,.22,-.10,-.21,.32,-.29,-.32,-.22,.20,-.16,.11,-.15,.14)*f0_14+
    mat4(.27,-.10,.26,-.26,-.18,.01,.04,-.14,.13,-.27,-.10,.23,-.24,-.14,.18,.29)*f0_15+
    vec4(-.51,-1.41,1.38,-.88))/1.0+f0_2;
vec4 f1_3=sin(mat4(.23,-.29,.05,.29,.11,-.29,-.13,-.26,-.02,.15,-.28,.15,.27,.26,-.14,-.21)*f0_0+
    mat4(.30,.04,-.04,.15,-.03,.25,-.07,-.05,.14,.04,-.11,-.14,-.19,-.00,.02,.22)*f0_1+
    mat4(.21,.13,-.06,.21,.13,-.25,.18,-.17,.16,.19,.17,.17,.24,-.16,-.09,.14)*f0_2+
    mat4(-.03,.07,.13,-.01,.11,.19,.23,-.10,-.08,.25,.16,-.10,.05,-.27,.19,.21)*f0_3+
    mat4(-.09,-.14,.17,-.16,-.22,-.05,-.15,.07,-.19,-.07,.12,-.18,.21,.29,.21,-.12)*f0_4+
    mat4(-.18,.20,.28,.28,-.15,-.11,.18,-.21,.17,-.16,.27,-.25,-.07,.16,.18,.15)*f0_5+
    mat4(.30,.00,-.02,.10,.04,.01,-.11,-.27,.13,.11,-.01,.27,-.03,-.10,-.27,.17)*f0_6+
    mat4(-.19,.00,-.24,-.08,.07,-.24,-.06,.02,.22,.11,-.10,-.26,-.27,-.09,.23,.05)*f0_7+
    mat4(.28,.06,-.31,.21,.13,.13,.18,-.05,-.31,-.02,.03,-.31,-.27,.22,-.06,-.24)*f0_8+
    mat4(.20,.21,-.05,-.31,-.11,.10,-.07,.16,.23,.25,.24,-.27,-.04,.14,-.21,.12)*f0_9+
    mat4(-.04,-.08,-.17,-.09,.29,-.12,-.04,-.02,-.03,-.24,-.14,.32,-.18,.11,.26,.17)*f0_10+
    mat4(.10,.24,-.15,.22,-.10,.27,-.03,.08,.27,.26,.20,.24,-.10,-.02,.08,.12)*f0_11+
    mat4(.16,-.05,-.04,-.02,-.20,.05,.15,-.00,-.12,-.16,.19,.10,.19,-.02,.13,-.23)*f0_12+
    mat4(-.06,-.14,.25,-.11,.26,-.09,-.08,-.27,-.16,.10,.21,.28,.21,-.14,.01,-.02)*f0_13+
    mat4(-.10,-.13,-.00,-.16,.12,.27,.17,-.25,-.01,.28,.13,.13,-.12,-.18,-.08,-.24)*f0_14+
    mat4(-.04,.00,-.04,-.12,-.25,.19,-.14,-.13,-.07,-.05,.02,.25,-.17,-.14,-.02,-.14)*f0_15+
    vec4(1.40,-.68,-1.76,-1.38))/1.0+f0_3;
vec4 f1_4=sin(mat4(.06,.15,.32,-.18,-.15,-.24,.16,.26,.10,.18,.31,-.15,.24,-.12,.00,-.17)*f0_0+
    mat4(-.09,.13,-.24,.16,-.28,-.23,.27,-.21,-.19,.37,-.10,.27,-.13,-.29,.20,-.01)*f0_1+
    mat4(.14,.21,.02,.06,.26,.24,.25,-.08,.23,-.23,.29,.07,-.17,.15,-.14,.17)*f0_2+
    mat4(.09,.11,.10,.26,.03,.17,.14,-.20,-.06,.01,-.29,-.02,.23,-.01,.28,-.19)*f0_3+
    mat4(-.11,.12,.01,.10,-.06,-.17,.27,.11,-.25,.13,-.14,-.29,-.30,.02,.06,.27)*f0_4+
    mat4(.17,.25,-.03,.06,.13,-.10,-.11,-.02,.18,.18,.25,.17,-.23,.23,.01,.30)*f0_5+
    mat4(-.09,-.04,.30,-.30,.02,-.17,.26,.06,.22,.14,-.09,.27,.10,-.07,-.08,.21)*f0_6+
    mat4(-.12,.11,.30,-.12,-.01,.14,.19,.20,.30,.16,-.34,.05,-.03,.40,.24,-.01)*f0_7+
    mat4(-.21,.04,.12,-.09,-.11,.25,-.22,-.00,.22,-.08,.26,-.14,-.25,.31,.25,.12)*f0_8+
    mat4(-.12,-.15,-.17,-.13,-.20,.08,-.13,.08,.24,-.05,-.06,-.29,.20,.01,.18,.03)*f0_9+
    mat4(.21,.01,-.11,.00,-.14,-.05,.12,.34,-.19,-.12,.19,-.28,-.20,-.17,.02,.27)*f0_10+
    mat4(-.25,.18,-.04,-.11,.19,-.14,-.13,-.11,.05,.02,-.11,-.17,.03,-.02,-.23,.03)*f0_11+
    mat4(-.20,.19,-.08,.11,-.00,-.14,-.11,-.12,-.30,-.23,.03,.25,.24,.01,.02,-.14)*f0_12+
    mat4(-.14,.03,-.09,.33,-.06,-.12,-.01,.01,.14,-.10,.35,.06,-.18,-.01,-.13,.03)*f0_13+
    mat4(-.20,.21,-.00,-.05,-.30,-.21,.24,-.21,.12,.33,-.21,.25,-.01,.07,.27,-.16)*f0_14+
    mat4(.10,.32,-.03,.00,.16,-.20,-.08,.18,-.13,.22,-.09,-.24,-.07,.12,-.01,-.08)*f0_15+
    vec4(1.22,.73,-.57,1.52))/1.0+f0_4;
vec4 f1_5=sin(mat4(.16,-.21,.27,.26,-.12,-.21,.33,.21,-.23,-.16,.22,.19,-.12,.18,-.27,.07)*f0_0+
    mat4(-.23,.17,.12,-.09,-.01,-.16,.21,-.02,-.14,.06,-.04,-.11,.06,.15,.05,-.19)*f0_1+
    mat4(-.18,.29,.04,-.28,-.31,.13,-.07,.18,-.04,-.16,.17,-.22,.28,-.07,-.03,-.21)*f0_2+
    mat4(-.02,.19,.05,-.12,-.06,-.09,.22,-.08,.08,.00,.00,.20,-.20,-.21,-.21,.19)*f0_3+
    mat4(.04,-.11,-.26,-.25,.04,-.11,.24,-.28,-.17,-.03,.10,-.16,.26,.26,-.00,-.15)*f0_4+
    mat4(-.06,.23,-.20,.06,.28,.13,-.04,.28,-.17,-.11,.00,-.02,-.28,.21,-.02,-.26)*f0_5+
    mat4(-.25,-.26,-.24,-.08,.21,.27,-.11,.32,.18,-.19,.23,-.14,.25,-.11,.09,.10)*f0_6+
    mat4(-.17,-.01,-.06,-.13,-.22,-.20,-.14,.11,.02,-.27,.15,-.09,-.08,.23,-.08,-.08)*f0_7+
    mat4(.35,.31,.20,.20,-.29,.05,.25,-.04,.19,-.26,.18,.24,.28,-.14,.35,.26)*f0_8+
    mat4(.31,.06,-.18,.06,.02,-.06,.02,.26,.03,.13,.00,-.31,-.09,-.20,.04,.07)*f0_9+
    mat4(.10,.21,.17,.05,-.14,-.18,.09,.14,.17,-.24,-.32,-.29,-.06,.10,-.05,.31)*f0_10+
    mat4(-.18,.14,-.18,-.20,-.29,.07,-.24,.13,.14,.05,.22,-.18,.07,-.14,-.04,-.09)*f0_11+
    mat4(-.09,-.15,-.01,.07,.16,-.00,-.12,-.25,.00,.06,.03,.13,-.11,.26,-.33,.11)*f0_12+
    mat4(-.11,-.28,.11,-.06,.02,.11,.03,.14,-.03,-.21,-.05,.12,.19,.18,-.21,.12)*f0_13+
    mat4(.10,-.19,-.09,-.05,-.15,-.07,-.21,-.03,.19,.12,.06,.05,.17,-.10,-.13,-.07)*f0_14+
    mat4(.24,.20,-.16,-.08,.07,.24,-.23,.23,.05,.05,-.22,-.23,-.11,-.13,-.12,.08)*f0_15+
    vec4(1.39,-.25,-1.40,-1.85))/1.0+f0_5;
vec4 f1_6=sin(mat4(.16,.27,.06,.17,-.19,-.16,.18,.16,.08,.13,-.08,-.06,-.23,.33,.01,-.09)*f0_0+
    mat4(-.22,-.27,-.01,.26,.16,.15,-.07,.22,-.14,.10,.26,-.13,.16,.25,.09,-.31)*f0_1+
    mat4(.22,.33,-.31,-.21,.06,-.12,.22,.10,-.16,-.32,-.19,-.10,.19,.05,-.07,.31)*f0_2+
    mat4(-.14,-.09,.27,.21,.16,.12,.19,.22,.02,.01,.17,.17,-.05,-.17,.11,.14)*f0_3+
    mat4(.13,.19,-.31,-.17,.14,-.17,.13,.10,-.29,-.05,.11,-.29,-.15,-.04,.12,.15)*f0_4+
    mat4(-.19,-.19,.29,-.14,-.00,-.05,-.21,-.04,-.02,-.04,-.24,-.11,.23,-.09,-.04,-.29)*f0_5+
    mat4(-.08,-.22,-.11,.24,-.17,-.16,-.09,.03,.09,.13,.08,.02,.10,-.30,.02,.01)*f0_6+
    mat4(-.08,-.02,-.08,.27,.04,-.09,-.09,.28,.11,-.00,-.11,-.04,-.25,-.25,.08,-.31)*f0_7+
    mat4(.16,.05,-.02,.31,-.01,.03,-.07,-.19,.09,-.18,-.08,-.12,-.08,.36,-.13,-.07)*f0_8+
    mat4(-.22,-.06,-.06,-.22,.24,-.30,.24,.05,.12,.25,.02,.02,-.27,.14,-.04,.21)*f0_9+
    mat4(.22,-.05,.20,-.28,.24,.24,.00,-.13,-.25,.26,-.19,-.12,.03,-.07,-.24,-.24)*f0_10+
    mat4(.13,-.31,-.16,-.14,-.05,.28,-.10,-.07,.01,.23,.24,-.15,-.23,-.14,-.24,.06)*f0_11+
    mat4(.05,-.02,-.04,.10,.13,-.14,.17,-.11,-.18,.11,-.11,-.09,.22,.02,-.28,.05)*f0_12+
    mat4(.00,-.26,.09,-.17,.14,.23,.09,-.20,.37,.26,-.31,-.12,.22,-.13,.18,.05)*f0_13+
    mat4(-.25,-.14,-.22,-.26,.06,.22,.02,.07,-.12,-.29,.19,-.00,-.14,-.05,-.16,.15)*f0_14+
    mat4(-.18,.14,.20,.18,.16,.11,.05,.11,-.08,.26,-.22,.22,.12,-.19,.03,.10)*f0_15+
    vec4(.61,-1.86,-1.18,-.80))/1.0+f0_6;
vec4 f1_7=sin(mat4(-.20,-.09,.20,-.05,.30,.17,.15,-.06,-.18,-.02,-.09,.26,.35,.30,.18,-.17)*f0_0+
    mat4(-.07,.17,-.10,.16,-.22,.07,-.31,.17,-.01,-.37,.07,-.18,.01,-.09,-.24,.18)*f0_1+
    mat4(-.18,.14,.22,.19,.30,-.07,-.10,.30,-.29,-.28,.14,.08,.05,-.25,-.08,.22)*f0_2+
    mat4(.26,-.20,-.14,.19,-.21,-.18,.04,.08,.21,-.30,-.04,.14,.21,.08,.02,.24)*f0_3+
    mat4(.13,.23,.05,-.28,-.02,-.05,-.06,-.06,.22,-.07,.20,-.03,-.06,.18,.01,.29)*f0_4+
    mat4(.05,-.20,-.21,.23,.02,-.17,-.18,.28,-.07,-.22,-.13,.27,.20,-.04,-.25,.15)*f0_5+
    mat4(.09,-.04,.22,-.21,-.29,-.22,.18,-.10,-.04,.11,-.22,-.08,-.15,-.07,-.10,-.22)*f0_6+
    mat4(.04,-.14,.03,-.10,-.07,-.17,.02,.21,-.03,-.26,-.20,-.19,-.26,-.12,.24,.09)*f0_7+
    mat4(-.10,.05,-.27,-.31,.23,.04,-.20,.20,.32,.05,.01,.30,-.16,.15,.23,-.07)*f0_8+
    mat4(-.24,-.31,.10,.16,.22,-.30,-.21,.18,-.27,.06,.17,-.20,.25,.04,-.20,.13)*f0_9+
    mat4(-.15,-.14,.09,.04,-.00,.23,.27,-.08,.23,.04,.19,-.13,-.15,.27,.10,.06)*f0_10+
    mat4(.20,.25,.06,-.18,.03,.23,-.00,.12,-.00,-.01,-.02,.13,-.17,-.01,-.12,.28)*f0_11+
    mat4(.06,.22,-.02,-.06,.15,.08,-.07,.18,-.13,-.16,-.16,.20,-.14,.16,-.08,-.26)*f0_12+
    mat4(-.21,.20,.06,.21,-.11,.25,-.14,-.04,-.21,.27,.29,-.15,-.08,.12,.25,-.22)*f0_13+
    mat4(-.25,-.27,.20,.25,.23,.15,.17,-.26,-.22,.03,.30,-.12,.32,-.15,-.10,.07)*f0_14+
    mat4(-.17,-.07,.27,.08,.16,-.21,-.14,.19,.07,-.36,-.26,-.27,-.14,-.34,.19,-.25)*f0_15+
    vec4(-1.04,-.99,-1.08,-.17))/1.0+f0_7;
vec4 f1_8=sin(mat4(-.02,-.00,.23,-.13,-.20,-.11,-.19,-.04,-.07,.09,.05,.23,-.20,.09,-.21,-.26)*f0_0+
    mat4(.08,.08,.25,-.11,-.06,-.30,-.20,-.28,.27,.11,-.20,-.11,-.09,.08,.23,.30)*f0_1+
    mat4(-.18,-.23,-.17,.27,-.12,.09,.13,.07,-.06,.35,.03,.26,.10,-.06,-.19,-.27)*f0_2+
    mat4(.29,-.23,-.29,.31,.03,-.03,.25,.25,.13,-.02,.02,.09,.18,.15,-.38,-.15)*f0_3+
    mat4(.16,-.08,.32,.15,.04,-.27,.17,-.28,.00,-.12,.23,.05,-.29,.23,-.08,-.07)*f0_4+
    mat4(.04,.28,-.11,-.17,-.19,-.04,-.09,.12,.13,-.25,-.09,.02,.28,.12,-.07,.04)*f0_5+
    mat4(.16,.13,-.03,-.24,-.11,.10,.13,.09,.25,.16,-.36,-.01,.23,.26,-.02,.05)*f0_6+
    mat4(.12,-.23,.03,-.11,-.01,.21,.04,-.25,.20,-.13,-.02,-.13,-.21,-.27,-.03,-.06)*f0_7+
    mat4(.02,-.15,-.09,.25,-.13,-.30,.23,.05,-.26,.25,.27,.15,-.30,.05,-.14,-.14)*f0_8+
    mat4(.04,-.03,.15,.17,.17,-.06,.08,.24,.07,.17,.25,.12,-.18,.17,-.03,.15)*f0_9+
    mat4(-.19,-.14,.07,-.06,-.14,.13,.00,.19,.13,-.07,.22,-.15,-.21,-.23,-.10,.16)*f0_10+
    mat4(-.06,-.23,-.12,.02,.33,-.32,-.20,.13,-.19,.15,.22,.18,-.21,-.03,-.05,.03)*f0_11+
    mat4(.00,.17,-.12,.16,-.08,.25,-.10,-.14,.20,.23,.22,.21,.05,.12,.08,-.21)*f0_12+
    mat4(-.27,-.10,.22,.17,.14,.15,-.13,-.19,-.14,-.24,.15,-.14,-.06,-.19,.01,-.01)*f0_13+
    mat4(-.22,-.21,-.09,.16,.15,-.10,.22,-.10,.16,.09,-.00,.04,.14,-.12,.02,.04)*f0_14+
    mat4(.26,-.02,.09,-.25,-.09,.27,-.03,.06,.12,.38,.27,-.06,.27,.07,-.11,.19)*f0_15+
    vec4(-1.62,.95,1.31,-1.07))/1.0+f0_8;
vec4 f1_9=sin(mat4(-.19,-.14,.06,.04,.01,.27,-.33,.20,-.12,-.19,.21,.23,-.20,.26,.04,.08)*f0_0+
    mat4(-.11,-.07,.07,.19,.24,-.23,.19,.05,-.19,.28,-.23,.08,.35,-.16,.08,-.20)*f0_1+
    mat4(-.23,.23,.28,.13,-.34,-.02,.00,.14,.02,-.05,-.14,.18,-.18,.26,-.13,-.36)*f0_2+
    mat4(.23,.22,.29,-.08,-.18,.28,.16,.26,-.33,.19,-.07,.17,-.24,-.15,.34,-.11)*f0_3+
    mat4(.11,-.19,-.10,.19,-.25,-.01,-.16,.32,-.18,-.08,-.16,.03,.25,-.15,-.23,.22)*f0_4+
    mat4(.06,-.12,-.11,.06,-.21,-.15,-.06,-.17,.17,-.19,-.30,-.14,.22,-.20,.01,.05)*f0_5+
    mat4(-.28,.04,-.16,-.23,-.09,.16,.20,-.07,-.10,.03,-.36,-.37,-.15,-.15,.02,-.14)*f0_6+
    mat4(-.05,-.03,-.37,-.04,-.28,-.23,.19,.14,.30,-.15,.11,.15,.01,.13,.44,-.35)*f0_7+
    mat4(.24,.08,-.02,.04,-.04,-.05,.09,-.21,-.20,-.23,.05,.19,-.11,.17,-.21,.02)*f0_8+
    mat4(-.15,-.16,.19,-.23,.04,.18,.06,.20,.20,-.19,.06,-.27,-.02,.23,.23,-.15)*f0_9+
    mat4(-.06,-.22,-.06,.18,-.17,-.19,.25,-.01,.21,-.29,.07,.27,-.20,-.29,-.13,-.18)*f0_10+
    mat4(.06,.16,-.10,.08,-.02,-.28,.08,.27,.10,-.08,-.22,.16,-.02,.01,.03,.05)*f0_11+
    mat4(-.22,-.25,.20,.24,-.26,-.11,.20,-.33,-.09,-.34,.20,-.03,.17,-.19,-.13,-.21)*f0_12+
    mat4(-.01,-.08,-.28,.26,-.05,-.12,-.19,.05,.06,-.25,-.13,-.26,-.10,.03,-.04,.04)*f0_13+
    mat4(-.11,-.09,-.02,-.28,.00,.15,.16,.28,.22,.00,.05,.10,-.31,.14,.21,.03)*f0_14+
    mat4(.22,.26,-.13,.13,-.26,-.19,-.20,-.08,.12,.01,.03,.01,.23,.19,-.02,-.20)*f0_15+
    vec4(-1.51,1.76,1.52,-.48))/1.0+f0_9;
vec4 f1_10=sin(mat4(-.20,.21,-.18,.05,.01,.09,-.20,.19,-.05,.04,-.13,-.06,.14,-.01,.19,-.16)*f0_0+
    mat4(-.19,.30,.06,.01,-.13,.24,.24,.17,.06,-.05,-.14,.12,.22,-.04,.05,-.19)*f0_1+
    mat4(.03,-.14,.14,-.26,.35,.16,-.19,-.00,-.02,-.33,-.19,.20,-.28,-.10,-.19,.11)*f0_2+
    mat4(-.20,.14,-.25,.24,.26,-.21,.12,-.07,.08,.21,-.26,-.28,.18,-.12,-.06,.09)*f0_3+
    mat4(-.03,.20,.28,-.18,.31,.23,.14,-.03,.08,-.31,-.00,.16,.01,-.10,-.13,-.04)*f0_4+
    mat4(-.23,-.06,-.07,-.27,-.06,-.09,-.02,-.24,.25,.07,-.10,.26,.06,-.12,-.04,.11)*f0_5+
    mat4(-.26,.30,.03,.29,-.15,-.18,-.25,-.26,-.34,-.21,-.15,.10,-.02,-.22,-.19,.29)*f0_6+
    mat4(.31,-.18,.05,.10,-.22,.11,.07,-.25,-.15,-.20,.18,.20,.23,-.18,.12,-.21)*f0_7+
    mat4(-.09,-.11,.06,.23,.02,.11,.12,.18,-.23,-.18,-.26,-.28,-.05,.08,-.21,.00)*f0_8+
    mat4(.19,-.23,-.23,.11,-.14,.11,.23,-.25,-.16,-.13,.11,-.09,-.09,-.04,.28,-.21)*f0_9+
    mat4(.09,.04,.18,-.13,.16,-.08,.11,-.17,.14,.26,-.06,-.17,-.24,.28,.22,-.24)*f0_10+
    mat4(-.09,-.14,.15,.23,.09,-.05,.09,.06,.06,-.13,.25,-.11,-.03,.13,-.25,-.28)*f0_11+
    mat4(.27,-.04,-.01,.18,-.27,-.07,.21,-.11,-.25,.32,-.20,.10,.30,.18,.03,-.23)*f0_12+
    mat4(-.08,.17,-.11,-.06,.27,.02,.09,.01,-.01,.21,.16,-.03,-.33,-.18,-.27,-.19)*f0_13+
    mat4(.04,-.09,.05,-.07,-.09,.06,-.24,-.12,-.00,-.10,.18,-.29,.09,.24,-.07,-.07)*f0_14+
    mat4(-.23,-.18,.13,.20,.28,.13,.09,.28,-.07,.13,-.26,-.14,-.05,-.02,.22,.12)*f0_15+
    vec4(.85,1.17,-1.48,-.35))/1.0+f0_10;
vec4 f1_11=sin(mat4(.10,-.04,-.03,.25,.03,-.23,.12,.17,.06,-.09,-.14,.29,.13,.04,.14,.31)*f0_0+
    mat4(-.00,-.10,-.00,.03,-.16,-.22,-.26,.07,.04,-.13,-.18,-.12,.24,.19,-.24,-.24)*f0_1+
    mat4(-.06,.09,.19,.23,.29,-.20,-.19,.18,-.07,-.23,-.16,.20,-.10,-.12,.05,-.06)*f0_2+
    mat4(-.28,-.11,.10,-.08,.20,-.24,.23,.13,.31,-.07,-.21,-.02,.18,.14,-.04,.28)*f0_3+
    mat4(.07,-.15,-.14,.07,-.11,-.30,-.26,-.16,-.15,.06,.01,.31,-.10,-.06,-.04,-.14)*f0_4+
    mat4(.02,.22,-.20,.23,-.08,.07,.11,-.02,.10,-.32,.12,.28,.12,-.29,-.25,-.15)*f0_5+
    mat4(.07,-.05,-.31,-.05,.05,-.01,-.02,-.12,-.33,.00,-.13,.20,.04,.14,-.26,-.21)*f0_6+
    mat4(-.30,-.29,.02,.04,-.30,.30,-.10,.13,.01,.08,.08,.04,-.03,.16,-.13,-.27)*f0_7+
    mat4(.22,.10,-.32,-.29,-.07,-.25,-.28,.25,.17,.11,.09,.10,.17,-.12,-.22,.01)*f0_8+
    mat4(.27,.21,.40,.13,.12,.07,.22,.17,.11,.24,.22,-.04,.22,.21,.00,.03)*f0_9+
    mat4(.13,.06,.32,-.26,.12,.01,-.22,-.14,.27,.08,-.00,.29,-.16,.30,.08,.16)*f0_10+
    mat4(.10,.13,-.14,-.18,.18,.12,-.24,-.05,-.10,-.10,-.00,-.09,.23,-.31,-.09,.22)*f0_11+
    mat4(.16,.03,-.29,.23,-.10,-.05,-.07,.01,-.03,.17,.08,-.11,-.25,.18,.22,-.01)*f0_12+
    mat4(.00,.19,-.20,.05,-.33,-.02,-.15,.04,-.32,.29,.27,-.07,-.04,-.07,.04,-.12)*f0_13+
    mat4(.29,.19,-.16,.08,-.05,.15,.21,-.18,.01,.02,-.03,.17,-.09,.13,.21,.03)*f0_14+
    mat4(-.09,.25,.30,-.17,.01,.19,.09,-.16,.16,-.20,-.19,-.06,-.07,.21,-.10,-.04)*f0_15+
    vec4(-1.22,1.21,-1.31,1.62))/1.0+f0_11;
vec4 f1_12=sin(mat4(-.05,-.21,.25,-.19,.23,-.04,-.21,.05,.09,.28,.17,-.03,-.24,-.12,.14,.02)*f0_0+
    mat4(.00,.34,.06,-.13,.24,-.27,.12,.07,-.02,-.17,-.06,.03,-.09,-.08,-.05,-.18)*f0_1+
    mat4(.20,.09,-.26,.17,.09,.12,.14,.25,.15,-.16,-.18,.30,-.11,.16,.14,.11)*f0_2+
    mat4(.20,.25,-.16,-.10,.16,-.28,-.12,.13,.10,-.02,-.31,.09,-.15,-.27,.14,.19)*f0_3+
    mat4(-.05,-.10,.12,-.26,.08,-.34,-.11,-.22,.07,-.04,.25,-.22,.12,-.10,-.21,-.01)*f0_4+
    mat4(-.13,.25,-.33,.06,.13,.22,.13,.25,.04,.13,-.08,.17,-.16,.21,-.24,-.24)*f0_5+
    mat4(-.20,-.24,.30,-.04,-.09,-.11,.00,-.23,.33,-.08,-.06,.22,-.09,.17,-.28,.13)*f0_6+
    mat4(.02,.14,.26,.03,.26,.02,.07,.17,.13,-.17,.26,-.15,.07,-.04,-.28,-.08)*f0_7+
    mat4(-.11,-.08,-.11,.16,-.16,-.02,-.14,.16,.10,-.21,.09,-.30,-.20,.13,-.23,.01)*f0_8+
    mat4(.03,-.23,.27,.09,-.27,.03,-.08,-.17,.08,.04,-.21,.17,-.02,.04,-.09,-.03)*f0_9+
    mat4(.16,-.20,-.11,.27,-.04,-.22,-.05,.16,-.15,.10,-.19,.28,.25,.08,.06,.06)*f0_10+
    mat4(-.27,-.10,-.15,.12,-.03,-.12,.16,.19,-.00,.22,-.12,-.11,-.25,-.28,-.28,-.08)*f0_11+
    mat4(-.06,.22,.38,-.08,.00,-.12,-.29,-.07,.08,.01,.08,.17,-.30,.03,.04,-.23)*f0_12+
    mat4(.17,.00,.10,-.28,-.07,-.04,.03,.20,.12,-.14,.24,-.03,.18,.17,-.23,-.27)*f0_13+
    mat4(-.15,.27,-.10,.06,.06,-.06,.01,.06,.20,-.08,.21,.12,-.19,-.21,-.32,.06)*f0_14+
    mat4(.30,-.19,.29,.04,.07,-.04,.35,-.22,-.27,.29,-.22,.15,.10,-.25,-.21,-.03)*f0_15+
    vec4(.72,-.53,-1.73,-1.23))/1.0+f0_12;
vec4 f1_13=sin(mat4(.06,.21,.06,.24,-.09,-.18,.18,.04,-.25,-.24,.11,.13,-.20,-.06,-.02,.02)*f0_0+
    mat4(.26,-.09,-.05,.17,-.23,.09,-.03,-.11,-.24,.05,-.14,.13,-.18,-.28,-.08,.02)*f0_1+
    mat4(-.04,.17,-.07,-.22,-.17,.28,-.19,.03,.14,.21,-.09,.17,-.11,.17,-.24,-.31)*f0_2+
    mat4(-.06,-.01,.10,-.21,.21,.18,-.15,.03,-.29,.13,-.04,-.21,.28,-.10,-.06,-.19)*f0_3+
    mat4(-.17,.05,-.18,.22,.14,-.24,.02,-.17,.16,-.23,-.03,.10,-.26,-.00,-.03,.21)*f0_4+
    mat4(.28,-.21,-.18,.21,-.12,-.01,-.08,.26,-.01,-.15,.22,-.20,-.26,.03,-.22,-.13)*f0_5+
    mat4(.09,.24,-.20,-.13,.24,-.04,-.08,-.04,-.06,-.03,.31,-.15,.07,.09,.12,.08)*f0_6+
    mat4(.06,.02,.14,-.20,-.29,.04,.09,.28,.21,.29,-.21,-.11,-.17,.26,.17,-.13)*f0_7+
    mat4(.18,-.15,-.20,-.05,-.04,.15,.01,.14,-.22,-.27,-.27,-.29,-.14,.07,-.10,-.27)*f0_8+
    mat4(.25,-.09,-.28,-.23,.04,.28,-.00,.28,.05,-.20,.30,-.18,.00,.25,-.00,.30)*f0_9+
    mat4(.29,.24,.10,-.14,-.19,.00,-.05,.15,-.10,.22,-.02,-.10,-.20,.06,.22,-.26)*f0_10+
    mat4(.29,.22,-.01,.26,.30,.27,.14,-.03,-.12,-.04,.00,-.30,-.02,.17,-.15,.23)*f0_11+
    mat4(.23,.12,-.17,.01,.21,-.09,.01,-.08,-.02,-.24,-.07,-.34,.12,.24,.16,.11)*f0_12+
    mat4(.21,.27,-.22,-.11,-.15,-.14,.17,.02,.10,.05,-.22,.11,.29,-.27,-.10,-.05)*f0_13+
    mat4(.08,.28,.18,-.17,-.11,.17,.26,-.11,-.08,-.21,.13,.21,.21,.16,-.18,.10)*f0_14+
    mat4(.12,-.26,-.11,-.22,.13,-.25,-.22,-.07,-.06,-.06,-.02,-.07,-.11,.26,.27,-.23)*f0_15+
    vec4(-1.81,.02,-1.08,-.48))/1.0+f0_13;
vec4 f1_14=sin(mat4(.24,.22,.24,.28,.20,.03,-.28,.25,.25,-.23,-.07,.14,-.03,-.07,-.06,.20)*f0_0+
    mat4(.26,-.33,-.01,.00,.09,.13,.10,.00,-.01,.29,.19,-.22,-.17,.21,.12,-.08)*f0_1+
    mat4(-.17,-.33,.25,.01,.08,-.26,-.07,-.14,-.27,.21,-.00,-.21,.20,.29,-.29,-.01)*f0_2+
    mat4(.12,.06,.24,.25,-.16,.13,-.20,.07,.12,-.05,.06,-.26,.28,.09,-.06,-.12)*f0_3+
    mat4(-.17,.30,-.13,.08,.09,.14,-.32,-.17,.12,.13,-.05,-.22,-.06,-.06,-.12,-.01)*f0_4+
    mat4(-.22,-.22,.07,.06,.06,-.26,-.06,.07,.32,.13,-.08,.10,.26,-.25,-.11,-.07)*f0_5+
    mat4(-.07,-.20,-.01,-.04,.05,.32,-.08,-.31,-.11,-.13,.26,-.09,-.02,-.24,.09,-.29)*f0_6+
    mat4(.11,-.06,.24,.18,-.17,-.16,.26,-.24,-.06,-.19,-.18,-.07,.05,.29,-.27,.09)*f0_7+
    mat4(-.15,.01,.19,-.05,-.28,.11,.10,-.26,-.25,.13,-.23,-.21,-.04,-.29,-.24,.02)*f0_8+
    mat4(-.05,.10,-.03,-.22,.24,.17,.19,.25,.16,.13,-.23,-.20,-.19,-.05,-.08,.21)*f0_9+
    mat4(.21,-.27,.28,-.00,.20,-.19,.08,-.04,.09,-.05,-.08,-.07,-.27,-.02,-.06,-.16)*f0_10+
    mat4(-.20,.06,-.23,.04,-.06,.06,-.01,-.15,.27,.28,.03,-.15,-.07,-.09,-.30,.17)*f0_11+
    mat4(-.27,.01,-.15,.11,-.26,-.14,-.08,.29,.29,.06,.06,-.11,-.03,-.22,.13,.09)*f0_12+
    mat4(.06,.21,-.25,-.12,.21,-.06,-.08,-.14,.31,.25,-.10,.08,.17,-.09,-.23,.06)*f0_13+
    mat4(.06,.12,-.04,.16,.11,-.03,-.15,.15,.20,.25,.17,.01,-.01,-.10,.28,-.32)*f0_14+
    mat4(.23,.32,-.21,-.19,.26,-.22,.17,-.09,.07,.23,-.09,-.12,-.06,-.14,-.17,-.04)*f0_15+
    vec4(.55,.52,.93,-.27))/1.0+f0_14;
vec4 f1_15=sin(mat4(-.19,.32,-.04,-.07,.03,.14,.17,-.02,-.05,-.18,.03,-.31,.04,-.25,-.19,-.30)*f0_0+
    mat4(.17,.17,.21,-.08,-.28,.23,-.19,-.05,.04,.03,.01,-.28,-.05,-.10,.27,.17)*f0_1+
    mat4(.11,-.23,-.24,.02,.00,.26,-.14,-.08,-.17,-.16,-.23,.16,.07,-.28,.41,.07)*f0_2+
    mat4(.22,-.07,.21,.04,.05,-.02,-.16,-.15,.15,.02,-.03,-.00,-.14,-.00,.20,.16)*f0_3+
    mat4(.30,-.06,.19,.26,-.10,.08,.21,-.03,.21,.17,.06,.07,-.01,.19,-.17,.29)*f0_4+
    mat4(-.08,-.04,-.27,.00,.21,.22,-.30,.16,.16,-.02,.18,-.20,.09,.28,.07,-.30)*f0_5+
    mat4(.03,.02,-.18,-.24,.28,.12,-.16,.25,-.19,-.13,-.13,.22,.01,-.14,.16,.11)*f0_6+
    mat4(.28,-.11,-.22,.20,-.20,.21,-.05,.01,-.14,.27,-.23,-.31,-.18,.07,.27,-.12)*f0_7+
    mat4(.30,-.20,-.21,-.05,.09,.18,-.19,.11,.24,.04,.04,.22,.02,.05,-.29,.20)*f0_8+
    mat4(-.10,-.11,.03,.20,.09,-.14,-.21,-.26,-.12,.07,-.19,-.01,-.28,-.10,-.04,-.07)*f0_9+
    mat4(.22,-.32,-.01,.13,.08,-.24,-.09,.21,.04,-.07,-.17,-.26,-.15,-.08,.29,.07)*f0_10+
    mat4(.04,.25,.33,.04,-.22,-.32,.23,.10,.20,.29,.19,-.04,-.16,.03,.18,.06)*f0_11+
    mat4(.28,-.10,.04,-.26,.16,-.16,.19,-.08,-.19,-.12,.11,-.01,-.09,-.30,-.16,-.14)*f0_12+
    mat4(.03,.15,.09,-.06,.06,.06,.32,-.21,-.04,.18,.23,-.29,-.07,.12,.20,.14)*f0_13+
    mat4(-.14,-.11,-.31,.05,.18,-.00,.10,-.11,-.01,.04,-.20,-.04,.30,.18,.00,.19)*f0_14+
    mat4(.00,-.11,-.22,.05,-.23,-.24,.08,-.28,-.19,-.25,.04,-.10,.06,-.30,.21,.05)*f0_15+
    vec4(1.09,.60,.75,1.06))/1.0+f0_15;
vec4 f2_0=sin(mat4(.11,.19,-.02,-.21,.12,.02,.13,.18,.21,-.14,.19,-.11,-.04,-.23,.12,.06)*f1_0+
    mat4(-.04,.28,-.14,.11,.19,.14,.22,.19,.24,-.19,-.15,-.02,.09,-.01,-.15,-.10)*f1_1+
    mat4(.05,-.28,.14,.18,-.15,.24,.03,.14,.25,-.26,-.23,.18,-.17,-.09,.03,-.28)*f1_2+
    mat4(.14,-.18,.04,-.19,.26,.01,-.24,-.25,.24,-.06,-.31,.20,-.20,.12,.03,.01)*f1_3+
    mat4(.08,.21,-.13,-.04,.17,.04,.31,.17,-.07,-.19,.25,.20,.22,-.25,-.28,.30)*f1_4+
    mat4(.08,.26,-.31,-.20,-.14,.03,.01,-.29,.10,-.29,.23,.14,.29,.23,-.24,.26)*f1_5+
    mat4(-.18,.09,.26,.07,-.10,-.35,-.09,-.17,.25,-.11,.25,.07,.05,.13,-.08,.23)*f1_6+
    mat4(-.10,-.36,-.23,-.02,.26,-.22,-.24,.15,.07,.15,.25,.20,.28,.23,.26,.26)*f1_7+
    mat4(.27,-.14,-.20,.08,.07,.04,.23,.01,-.19,-.17,.04,-.01,-.15,-.16,-.21,.11)*f1_8+
    mat4(-.08,-.18,-.04,-.10,.24,.05,-.02,.10,-.01,.03,.17,-.13,.03,.01,.23,-.23)*f1_9+
    mat4(-.27,.26,-.03,.08,-.08,.05,.10,.18,-.03,.15,-.32,.05,-.00,.08,-.02,.30)*f1_10+
    mat4(-.25,-.06,.25,.10,.24,-.09,.05,-.23,.20,-.25,.02,.19,.07,.04,.26,-.24)*f1_11+
    mat4(-.03,-.14,-.03,-.08,.15,.18,.22,-.03,-.00,.31,-.03,-.17,-.20,-.02,-.21,-.10)*f1_12+
    mat4(.24,.03,-.24,.04,-.14,-.11,.01,-.24,-.37,.12,.01,-.26,.10,.05,-.28,.07)*f1_13+
    mat4(-.28,-.10,.18,-.11,.29,-.21,-.04,.07,.13,-.15,.07,.02,.09,.28,-.27,-.25)*f1_14+
    mat4(.17,.26,-.25,.21,.03,-.20,.18,.11,.08,.13,-.07,.14,.11,.01,.08,-.11)*f1_15+
    vec4(-1.11,.27,-.57,-.28))/1.4+f1_0;
vec4 f2_1=sin(mat4(.36,.04,.07,.07,-.22,-.26,-.06,.18,.27,.21,.23,-.26,.13,.13,.09,-.20)*f1_0+
    mat4(.22,-.08,-.25,.06,.18,.32,-.30,-.13,-.16,-.01,.29,-.10,-.31,-.13,-.18,-.16)*f1_1+
    mat4(.21,-.01,-.13,-.23,.02,.09,.19,.17,-.11,.09,-.03,-.30,.02,.12,-.19,.00)*f1_2+
    mat4(-.28,.02,.05,.25,-.14,-.22,.15,.33,.17,-.15,-.04,-.06,.17,-.14,-.01,.02)*f1_3+
    mat4(.28,-.04,.16,-.22,.38,.06,.00,.01,.04,-.28,.00,-.04,.21,-.02,-.30,-.12)*f1_4+
    mat4(-.29,.15,-.09,.29,-.03,-.25,-.13,.22,.33,-.26,-.16,-.08,.07,.07,-.05,.12)*f1_5+
    mat4(-.27,-.18,-.09,.28,.17,-.04,.31,.02,-.18,-.18,-.23,-.21,-.18,.31,-.05,.09)*f1_6+
    mat4(.19,-.22,.12,.22,.15,.12,.03,-.09,-.05,-.01,-.24,-.18,.00,-.19,-.23,.18)*f1_7+
    mat4(.11,.08,.21,.30,-.13,.11,.11,.22,-.20,-.30,-.29,-.10,-.24,.07,.12,.05)*f1_8+
    mat4(-.02,.09,-.08,.20,-.03,.27,-.18,-.30,.06,.33,.17,-.00,.14,-.31,-.21,.28)*f1_9+
    mat4(.13,-.16,.22,.00,.24,.14,.23,-.18,.17,.23,.30,.29,.16,-.16,.23,-.21)*f1_10+
    mat4(-.12,-.21,-.22,.33,.20,-.25,-.30,.14,-.19,-.16,.20,.25,.25,-.13,.26,.10)*f1_11+
    mat4(-.16,.16,.16,-.33,-.15,-.38,.14,-.29,-.28,-.09,.26,-.27,.25,.07,-.19,-.13)*f1_12+
    mat4(-.12,-.00,.26,-.28,-.20,-.25,.01,.16,.08,-.20,.25,-.14,.18,-.23,.03,-.27)*f1_13+
    mat4(-.10,.23,-.17,-.12,-.04,-.31,.08,-.13,-.17,-.04,.17,-.01,.29,.08,-.26,-.07)*f1_14+
    mat4(.13,.07,.10,-.30,.13,-.06,.22,-.17,.16,.26,-.03,.01,.13,.23,.14,.14)*f1_15+
    vec4(-1.81,.66,-.25,-1.17))/1.4+f1_1;
vec4 f2_2=sin(mat4(-.32,.09,-.07,-.27,.21,.14,.06,.03,-.13,-.21,.18,.05,-.16,.27,-.07,.03)*f1_0+
    mat4(-.16,-.03,.00,.24,-.00,-.11,-.22,.24,-.30,.24,-.04,.09,-.22,.02,-.11,-.20)*f1_1+
    mat4(-.08,.26,.14,-.10,-.10,-.25,.05,.28,-.23,-.08,.13,-.29,.20,.06,-.09,.29)*f1_2+
    mat4(-.18,-.20,-.15,-.11,-.21,-.02,-.12,-.13,-.14,.10,-.16,-.31,.23,-.16,-.32,.12)*f1_3+
    mat4(-.26,.14,.25,-.20,.13,.05,.25,-.22,-.27,-.12,-.01,.05,.25,-.24,.35,-.11)*f1_4+
    mat4(-.15,-.13,.19,-.07,.02,.13,.22,.21,-.24,.31,.14,.05,-.03,.04,.23,.05)*f1_5+
    mat4(.17,-.15,-.21,.09,-.27,-.28,.22,.05,.01,-.16,-.18,-.26,.23,.18,-.28,-.03)*f1_6+
    mat4(-.05,.06,.29,.21,-.22,.20,-.23,-.19,.09,.09,.02,.23,-.05,.24,-.24,.11)*f1_7+
    mat4(-.12,-.01,-.32,.14,-.12,-.16,-.16,-.04,.01,.24,-.11,.16,.08,.24,.06,-.15)*f1_8+
    mat4(-.01,.17,-.24,.25,-.15,.31,-.20,-.00,.06,-.28,-.17,.25,-.00,.27,-.05,-.21)*f1_9+
    mat4(.14,.34,-.08,-.16,.25,-.24,-.11,-.25,.10,-.15,-.12,-.20,-.11,.24,.02,.16)*f1_10+
    mat4(.22,-.04,.12,-.04,-.03,.13,.04,-.26,-.15,.12,-.22,.00,.16,.14,-.03,.12)*f1_11+
    mat4(-.13,.13,.13,.23,-.27,-.10,-.04,.24,-.23,-.13,-.18,.18,.25,-.16,.05,.16)*f1_12+
    mat4(-.11,-.21,-.10,.07,-.14,-.17,-.23,.20,.23,.21,-.20,-.10,.24,.02,.06,-.03)*f1_13+
    mat4(.27,.09,.13,.16,.11,-.09,-.23,-.05,-.24,.14,-.14,.23,-.09,-.15,.12,.11)*f1_14+
    mat4(-.08,-.12,-.20,-.03,-.18,.03,.01,-.03,.14,.07,.18,-.22,-.00,.30,-.10,.28)*f1_15+
    vec4(1.32,1.49,1.49,.02))/1.4+f1_2;
vec4 f2_3=sin(mat4(-.15,.20,.07,-.04,-.20,-.14,-.03,-.00,.26,.32,-.23,.01,.07,-.30,.04,.01)*f1_0+
    mat4(.08,-.24,-.09,.21,.17,.18,.34,-.26,-.07,.31,-.17,-.16,-.03,.20,.24,-.22)*f1_1+
    mat4(.05,-.11,-.21,-.11,-.03,.34,.02,.26,.29,.05,-.13,-.05,-.10,.06,.03,.04)*f1_2+
    mat4(.24,.25,.13,.11,.11,.03,.19,-.08,-.25,.25,.24,.03,-.30,.20,.19,.16)*f1_3+
    mat4(.29,.22,-.10,.22,.04,.00,-.01,.22,.13,.21,-.11,-.16,-.04,.06,-.30,-.22)*f1_4+
    mat4(.27,.26,-.24,-.01,-.11,.21,.24,.10,.17,.14,.05,-.06,.04,.13,-.21,.21)*f1_5+
    mat4(-.08,-.20,-.13,-.07,-.04,.13,.26,.06,.09,-.11,.16,-.25,-.10,-.08,.16,.15)*f1_6+
    mat4(-.30,-.07,-.00,.31,.14,-.27,-.15,-.18,-.16,.12,.26,-.28,-.18,-.26,-.16,-.10)*f1_7+
    mat4(.23,.29,-.13,.18,-.23,-.18,.31,-.20,.20,.06,-.02,-.18,-.22,-.09,.03,-.14)*f1_8+
    mat4(.09,-.06,-.03,-.25,.03,-.05,.09,-.08,.09,.14,-.23,-.02,-.19,-.28,.29,.22)*f1_9+
    mat4(.12,.10,-.00,-.14,.21,-.28,-.12,-.02,.12,.29,.30,.05,-.06,-.03,-.36,.01)*f1_10+
    mat4(-.00,.28,.16,.09,.19,.11,-.16,.03,-.08,.28,-.05,-.15,-.23,.12,-.05,-.10)*f1_11+
    mat4(-.06,.12,.07,-.27,-.20,-.14,.22,.18,.12,.18,.04,-.07,-.15,-.20,.31,.10)*f1_12+
    mat4(.02,.28,-.01,-.27,-.23,-.00,-.22,-.12,-.23,-.08,-.04,-.28,.21,.08,-.06,-.10)*f1_13+
    mat4(.15,-.02,.30,-.26,-.04,-.26,.05,.02,.26,.21,.03,-.22,.25,-.13,-.26,.07)*f1_14+
    mat4(-.10,.02,-.05,.07,-.13,-.05,-.06,.18,-.09,-.29,.16,.09,-.23,-.30,-.09,.16)*f1_15+
    vec4(-.43,-.57,-1.02,-.18))/1.4+f1_3;
vec4 f2_4=sin(mat4(.20,.33,.24,-.13,-.10,-.35,-.18,-.17,.03,-.17,.27,.04,.08,.27,-.24,.05)*f1_0+
    mat4(.00,-.21,-.29,.32,.29,-.02,.15,.02,-.05,-.28,.27,.21,-.04,.11,.13,-.10)*f1_1+
    mat4(-.14,-.29,-.12,.24,.16,.31,-.24,.10,-.18,-.19,-.21,-.26,-.06,-.26,.22,-.06)*f1_2+
    mat4(.33,-.29,.41,-.17,-.25,-.03,-.11,-.05,-.36,-.32,-.11,.11,.03,.11,.18,.16)*f1_3+
    mat4(-.14,-.28,.06,.14,-.08,.13,-.19,.08,-.25,-.08,-.16,-.10,-.08,.27,-.24,-.01)*f1_4+
    mat4(-.03,.14,.03,-.25,.08,-.06,.12,-.23,-.15,.01,.28,.12,.18,-.15,-.18,.06)*f1_5+
    mat4(-.01,-.15,.21,.17,-.09,-.12,.26,-.16,.19,-.23,.19,.01,.01,-.15,.10,.09)*f1_6+
    mat4(-.12,-.21,-.04,-.01,.28,-.23,-.08,.11,-.31,.21,-.24,-.28,-.14,.02,.24,.25)*f1_7+
    mat4(-.11,-.19,.03,-.23,.02,-.04,.14,-.24,-.05,-.04,-.01,-.06,-.04,.01,-.16,.06)*f1_8+
    mat4(.14,-.11,.08,.19,.13,-.04,.03,.10,.10,-.07,.13,-.22,-.14,.06,.24,-.20)*f1_9+
    mat4(.05,-.24,-.09,.14,.27,-.15,.13,-.17,.15,-.04,.21,.02,-.06,.13,-.16,-.39)*f1_10+
    mat4(-.30,.05,-.01,-.34,-.27,-.24,.11,.13,.00,-.33,-.22,-.08,-.20,.19,.01,-.12)*f1_11+
    mat4(-.11,.02,-.06,.28,.21,.22,.28,-.09,-.25,-.00,-.05,.01,.04,.10,.25,.12)*f1_12+
    mat4(-.16,-.25,.02,-.08,.20,.22,-.25,.27,.24,-.23,.24,-.06,.11,.05,-.02,.27)*f1_13+
    mat4(.09,-.06,-.28,-.19,-.13,.00,.29,-.29,-.05,-.03,-.12,-.20,.27,-.02,-.14,-.18)*f1_14+
    mat4(-.01,-.13,-.13,.20,-.02,.22,-.01,-.27,.07,.02,-.29,-.03,.28,.28,.19,-.14)*f1_15+
    vec4(.28,-1.19,.12,1.59))/1.4+f1_4;
vec4 f2_5=sin(mat4(.15,.14,-.25,-.22,.07,.08,-.03,.13,.14,.24,-.22,-.25,.18,-.17,-.16,-.14)*f1_0+
    mat4(.16,-.06,-.15,-.26,.18,-.28,-.12,-.27,.16,-.06,-.09,.14,-.31,-.15,-.08,.08)*f1_1+
    mat4(-.13,-.33,-.08,.22,.32,.06,.01,.29,.05,.11,-.08,.23,-.33,-.17,.22,.15)*f1_2+
    mat4(.02,-.05,.15,.00,-.05,-.29,-.02,.12,-.08,.03,.24,-.10,.16,.03,.00,-.19)*f1_3+
    mat4(-.17,.22,-.10,.26,-.13,-.24,.33,.22,.26,.13,.08,-.06,-.15,-.15,-.07,.25)*f1_4+
    mat4(.06,.12,-.22,-.10,-.15,-.27,-.20,.17,.01,-.28,.30,-.04,-.10,.19,.39,.09)*f1_5+
    mat4(.22,-.03,-.23,-.03,-.05,-.07,-.15,.15,-.21,.22,-.13,.04,-.10,-.20,-.18,.00)*f1_6+
    mat4(-.17,-.05,-.26,-.03,.26,.11,-.23,.15,-.03,.24,-.16,-.10,.03,-.26,.23,-.23)*f1_7+
    mat4(-.25,.28,-.05,.10,.23,-.02,.09,-.09,-.25,-.10,.30,.28,.30,.23,-.24,-.32)*f1_8+
    mat4(-.18,.16,.11,-.19,-.26,.18,-.23,-.25,-.20,-.15,.29,.23,.02,.23,.17,-.16)*f1_9+
    mat4(-.28,.01,-.24,-.13,-.16,-.07,.19,.29,.24,.02,.08,-.02,.24,.11,-.18,.16)*f1_10+
    mat4(-.11,-.22,-.29,.16,.19,-.05,-.10,.02,.21,.25,-.23,-.14,.09,.21,-.06,.23)*f1_11+
    mat4(-.00,.26,.06,.22,.26,-.12,-.34,.23,-.18,-.25,-.11,.25,.03,.23,-.13,.22)*f1_12+
    mat4(-.17,-.25,-.22,-.22,.12,-.19,.02,.23,-.06,-.20,.25,.23,.14,-.20,-.28,.33)*f1_13+
    mat4(-.18,-.18,.23,-.17,.21,-.06,.35,-.18,-.13,.01,-.22,-.02,.14,.31,-.22,.22)*f1_14+
    mat4(.01,-.07,-.22,-.02,-.22,-.25,.27,-.21,.21,.03,.15,-.17,.22,-.01,-.02,-.01)*f1_15+
    vec4(.69,-1.85,.33,-1.05))/1.4+f1_5;
vec4 f2_6=sin(mat4(.20,.15,-.14,-.17,-.25,-.15,.17,.01,.17,.05,-.04,-.18,-.07,-.22,-.15,-.27)*f1_0+
    mat4(-.01,.06,-.00,.22,-.16,-.28,-.27,-.17,.05,-.05,.03,.05,.05,.24,-.21,-.05)*f1_1+
    mat4(-.27,-.07,-.14,-.06,.18,-.18,-.15,.17,-.28,-.03,.15,-.16,-.10,-.25,-.12,-.27)*f1_2+
    mat4(.01,-.26,-.21,.31,-.08,-.03,.15,.02,-.26,.12,-.02,.11,-.04,.02,.24,.26)*f1_3+
    mat4(.02,.26,.30,.23,-.14,-.09,.08,-.05,-.23,.22,-.00,-.15,-.28,.13,-.21,-.30)*f1_4+
    mat4(-.11,-.08,-.09,-.13,.31,.02,-.06,.19,-.09,-.05,-.04,-.21,.13,-.20,.21,.11)*f1_5+
    mat4(-.11,-.17,-.07,-.05,.29,.03,-.07,-.19,-.03,-.06,-.14,-.18,.30,-.04,-.01,.25)*f1_6+
    mat4(-.21,-.31,-.20,-.05,.16,-.30,-.21,-.11,.04,-.12,-.30,-.30,-.03,-.20,-.04,-.32)*f1_7+
    mat4(.16,.24,.26,-.05,-.04,.16,.08,.18,-.06,.21,.20,.17,.06,-.11,.15,.18)*f1_8+
    mat4(-.21,.25,-.26,-.16,-.22,.37,.08,-.21,.15,-.18,.15,.01,.13,.03,-.24,.03)*f1_9+
    mat4(-.07,.20,-.17,.13,.24,.20,-.01,.06,-.06,-.27,.11,.18,-.14,-.32,.33,.14)*f1_10+
    mat4(.06,.33,-.20,.09,.15,-.27,.23,.20,.13,.07,.24,-.27,-.20,-.19,-.15,.07)*f1_11+
    mat4(.06,.30,-.28,.01,-.16,.20,-.22,.01,-.21,.21,-.01,-.27,.13,.22,.11,.27)*f1_12+
    mat4(.12,-.08,.17,.09,-.10,.02,.12,-.26,-.03,.01,-.31,-.10,-.09,-.21,-.08,.04)*f1_13+
    mat4(-.01,.25,.09,-.06,-.05,.09,-.13,.20,.14,.34,-.10,-.10,.20,.26,-.16,-.15)*f1_14+
    mat4(.18,.18,.01,.06,.19,-.22,-.08,.01,.22,.10,-.22,-.01,.16,.09,-.16,-.04)*f1_15+
    vec4(1.39,.90,-1.66,.67))/1.4+f1_6;
vec4 f2_7=sin(mat4(-.03,.04,-.25,-.13,-.24,.23,.05,.15,-.07,.16,-.26,-.23,.03,-.24,-.15,.21)*f1_0+
    mat4(-.17,.06,.08,-.13,.30,.18,-.00,.10,-.02,-.19,-.03,.07,-.13,.25,-.24,.18)*f1_1+
    mat4(.19,-.11,.29,-.10,.12,-.28,-.07,-.09,-.21,.12,.00,.18,-.20,-.23,-.26,-.12)*f1_2+
    mat4(-.11,-.15,-.12,-.17,.15,-.21,-.00,.34,.25,-.02,.14,-.19,.17,-.16,.01,.31)*f1_3+
    mat4(-.24,.31,-.03,-.35,.30,-.25,-.05,.10,-.25,-.24,.03,.16,-.07,.22,-.05,.20)*f1_4+
    mat4(.15,-.09,.05,-.24,.12,-.09,.06,-.14,-.27,-.09,-.28,-.27,-.26,-.18,-.19,.04)*f1_5+
    mat4(-.14,.18,-.07,-.27,.25,.00,-.04,.32,-.03,.08,.24,.27,-.18,.22,.14,-.27)*f1_6+
    mat4(.09,.08,.27,-.16,.22,.16,.12,-.30,-.08,.01,-.05,-.15,.08,-.09,.33,-.16)*f1_7+
    mat4(.21,.13,-.13,-.20,.23,.17,.28,.05,.15,.25,-.12,-.24,.04,-.27,.29,-.11)*f1_8+
    mat4(-.02,-.06,.20,.02,.16,-.01,.21,-.13,-.25,-.21,-.00,-.22,-.25,.00,.23,-.14)*f1_9+
    mat4(-.10,.18,.23,.11,.08,.28,-.27,.15,.31,-.02,.11,.18,.20,-.30,.05,-.24)*f1_10+
    mat4(.23,-.06,.13,-.13,-.10,.18,.03,-.01,.10,.11,.18,.37,.08,-.26,-.04,-.10)*f1_11+
    mat4(-.19,-.01,-.09,-.09,-.23,-.08,.13,-.01,-.25,-.29,.23,.17,-.20,-.27,-.13,-.10)*f1_12+
    mat4(-.08,-.24,.12,-.07,-.13,-.23,-.05,.20,.25,-.16,.02,-.01,.15,-.20,-.20,-.02)*f1_13+
    mat4(-.15,-.03,-.13,.15,-.29,-.27,-.13,-.34,.19,-.17,.12,.29,-.13,.31,.01,.19)*f1_14+
    mat4(.24,.06,.13,-.10,.07,.30,-.24,.00,-.28,-.23,-.32,-.21,-.17,.17,-.25,.27)*f1_15+
    vec4(-1.86,-.20,.05,.67))/1.4+f1_7;
vec4 f2_8=sin(mat4(.18,-.05,.05,-.30,-.23,.09,-.26,-.21,.23,.18,.11,.02,-.06,.11,-.02,-.05)*f1_0+
    mat4(-.05,-.17,-.28,.19,-.08,.05,-.27,.24,.23,.03,-.13,-.01,-.20,-.08,.21,-.13)*f1_1+
    mat4(-.02,.05,-.09,-.25,-.17,.11,-.27,.01,-.14,.25,.24,.11,-.22,-.05,-.26,.27)*f1_2+
    mat4(.02,-.37,-.20,.19,-.12,-.15,.16,-.02,-.03,-.26,.27,.11,.25,-.10,-.23,-.13)*f1_3+
    mat4(.12,-.20,.17,-.06,.15,.02,.02,.04,.07,.09,-.15,-.07,.12,.18,.23,-.08)*f1_4+
    mat4(.09,-.05,-.07,-.08,-.02,.15,.26,.20,.20,-.37,-.00,-.29,-.07,.07,.27,-.08)*f1_5+
    mat4(.02,-.28,.10,-.02,-.31,.05,-.11,.09,-.15,.24,.13,.05,-.07,.27,-.22,-.14)*f1_6+
    mat4(.24,-.14,.24,-.30,-.12,-.06,-.30,-.17,-.02,-.22,-.01,.00,.25,-.11,.15,.03)*f1_7+
    mat4(-.07,.02,-.15,-.24,-.00,-.10,-.13,-.02,-.28,-.17,-.08,-.07,.24,.22,-.05,.05)*f1_8+
    mat4(.13,.08,-.11,.01,.33,-.29,-.20,.03,.14,.06,-.06,.29,.20,.17,.07,.15)*f1_9+
    mat4(-.10,.08,-.06,.06,.28,.00,-.20,-.13,.30,-.22,-.26,-.03,-.18,.12,-.16,-.06)*f1_10+
    mat4(-.02,-.20,.03,-.24,.08,-.18,.04,.21,.03,-.01,.21,-.25,.21,-.11,.01,-.09)*f1_11+
    mat4(-.00,.08,-.11,.17,.16,-.24,-.13,-.09,.20,.06,-.14,.24,.07,-.30,.02,.03)*f1_12+
    mat4(.12,-.09,-.01,.28,-.21,-.20,.20,.32,.18,.28,.09,.15,-.00,.10,-.02,.11)*f1_13+
    mat4(-.11,-.23,.03,-.10,-.13,.04,-.21,.28,-.05,-.04,-.22,.05,.15,.17,.01,.06)*f1_14+
    mat4(.09,-.18,.09,.03,.18,.21,-.15,.10,-.23,-.17,.00,.30,.00,.25,-.15,-.08)*f1_15+
    vec4(.55,.49,-.15,-1.35))/1.4+f1_8;
vec4 f2_9=sin(mat4(-.15,-.05,.04,.19,.19,.24,-.24,-.27,.07,.08,.17,.08,-.13,.02,.21,.26)*f1_0+
    mat4(.16,-.10,-.09,.19,-.08,.14,-.09,-.21,.16,.18,.07,-.02,-.38,-.17,.30,-.27)*f1_1+
    mat4(-.29,.01,-.14,-.32,.13,.13,-.12,.28,-.18,-.13,.34,-.11,-.14,.24,-.30,-.09)*f1_2+
    mat4(-.33,.00,.03,-.15,-.25,.01,.07,.29,-.27,-.20,-.29,.08,.07,.13,-.27,-.10)*f1_3+
    mat4(-.29,.00,-.14,-.12,.04,.21,-.15,.02,-.27,-.01,-.07,-.14,.17,.05,-.08,-.17)*f1_4+
    mat4(-.19,-.26,-.17,.19,-.13,-.00,-.13,.34,.12,.25,-.29,-.28,-.22,.06,-.03,.19)*f1_5+
    mat4(-.08,.20,-.22,-.25,.23,-.12,.14,-.16,-.30,.15,-.27,-.14,-.24,-.20,-.21,.21)*f1_6+
    mat4(.15,.08,-.30,.10,-.02,-.06,.06,-.00,.17,.17,.14,-.26,-.02,.03,.11,-.25)*f1_7+
    mat4(.04,-.13,-.32,.17,-.11,-.12,.21,.22,.17,.24,.05,.18,.18,.08,.12,.03)*f1_8+
    mat4(.11,-.17,.19,.09,-.27,.25,.19,.02,.16,.08,-.01,-.21,-.05,-.03,-.29,-.04)*f1_9+
    mat4(.08,.12,-.08,-.04,.21,-.10,.17,.17,.08,.12,-.30,.13,-.19,-.17,.14,.25)*f1_10+
    mat4(-.14,.21,.10,-.26,-.24,.08,-.27,.06,.15,-.05,-.02,-.15,-.01,-.28,.29,.23)*f1_11+
    mat4(.09,-.07,-.11,-.06,.18,.03,-.03,-.28,.28,-.04,-.09,.10,.29,.16,-.03,-.09)*f1_12+
    mat4(-.17,.30,.02,.06,-.33,.00,.19,-.15,.02,-.13,-.10,.29,.00,.16,-.15,-.25)*f1_13+
    mat4(.22,-.03,-.04,-.25,-.07,.06,-.17,-.19,.19,.31,.14,.12,-.21,.16,-.15,.11)*f1_14+
    mat4(.12,.05,.03,-.23,.10,.12,.09,-.07,.16,.13,.14,-.12,-.07,-.19,.12,.00)*f1_15+
    vec4(-1.44,1.51,-.72,.47))/1.4+f1_9;
vec4 f2_10=sin(mat4(-.01,.09,.08,-.14,-.15,-.23,.17,-.12,.16,-.16,-.30,.13,.06,-.03,.06,.24)*f1_0+
    mat4(.03,.24,-.12,.02,-.26,-.30,-.27,-.27,-.23,.06,-.25,-.05,-.22,-.05,-.16,-.04)*f1_1+
    mat4(-.01,.21,-.05,-.08,-.16,.18,.31,-.28,.15,.24,.33,.22,.14,.30,-.20,.12)*f1_2+
    mat4(-.34,-.01,-.10,.34,.12,.22,.08,.21,-.22,-.12,-.15,-.15,-.09,.10,.05,-.02)*f1_3+
    mat4(.03,.00,.21,-.09,.20,-.07,-.14,-.20,-.17,.29,-.08,-.26,.06,.24,-.08,-.19)*f1_4+
    mat4(-.03,.17,.01,-.22,.02,.08,.10,-.02,-.10,-.25,.01,.01,.05,.21,.15,.21)*f1_5+
    mat4(-.15,-.27,.18,.27,.31,-.28,.10,.14,.13,-.25,.23,-.17,-.22,.14,.08,-.05)*f1_6+
    mat4(.07,-.10,.28,.28,-.09,.15,.23,-.06,.04,.19,.15,-.29,.23,.19,.08,.21)*f1_7+
    mat4(.27,.19,-.22,.17,.09,-.14,-.24,.14,.21,-.30,-.23,-.30,-.29,-.15,-.16,.17)*f1_8+
    mat4(-.09,.07,.03,-.18,-.20,-.05,-.15,-.06,-.05,.12,.09,.08,.07,.14,.28,-.11)*f1_9+
    mat4(-.04,.13,-.01,-.01,.16,-.06,.32,-.30,.29,-.26,.01,.08,.18,-.03,-.11,-.18)*f1_10+
    mat4(-.06,-.27,-.26,.13,-.03,-.25,.00,.28,-.32,.06,.23,.26,.11,.16,.17,-.18)*f1_11+
    mat4(-.16,-.02,-.07,.16,-.28,.05,.09,-.20,.22,.02,.09,-.12,.17,-.25,-.06,-.00)*f1_12+
    mat4(-.01,.06,.12,.03,.05,.17,-.22,.19,.28,-.40,-.07,-.18,-.21,-.09,-.21,-.04)*f1_13+
    mat4(.34,-.11,.04,.32,.25,.11,-.31,-.01,.02,.07,-.13,.08,.03,.04,.17,-.30)*f1_14+
    mat4(-.18,-.02,.17,-.26,.15,-.09,-.12,-.08,-.21,-.09,.09,-.00,.13,-.26,.01,.16)*f1_15+
    vec4(.65,-1.50,1.25,.56))/1.4+f1_10;
vec4 f2_11=sin(mat4(-.02,.26,-.23,-.23,.09,-.12,.34,-.15,-.08,-.17,-.11,-.27,.08,-.07,.01,-.24)*f1_0+
    mat4(.27,.40,-.19,-.14,-.13,-.08,-.22,-.02,-.15,.24,-.29,-.24,.10,-.11,.18,.02)*f1_1+
    mat4(.05,-.33,.08,-.12,.14,-.04,.15,-.21,-.02,.08,.27,.16,.13,.13,-.18,-.20)*f1_2+
    mat4(.02,.08,-.18,.33,-.17,.14,-.11,.04,.08,.02,.18,-.10,.10,-.27,-.22,-.25)*f1_3+
    mat4(.05,-.02,-.03,.05,.17,.24,.10,-.04,.08,-.14,.00,-.08,.04,.17,.22,.30)*f1_4+
    mat4(-.09,.24,-.22,.27,-.16,-.26,-.07,.04,.19,.27,-.14,.02,-.05,-.29,.11,.21)*f1_5+
    mat4(-.21,-.15,.06,-.02,.24,-.19,.18,.08,-.29,.03,-.09,.13,.04,-.09,.04,-.27)*f1_6+
    mat4(.27,.25,.05,.17,.07,.07,.20,.28,-.21,-.19,.02,-.04,-.22,.19,.19,-.12)*f1_7+
    mat4(.15,.20,.01,.23,.20,.10,.07,-.22,.27,-.12,-.12,-.00,-.24,.10,-.20,.13)*f1_8+
    mat4(.13,-.32,-.17,.19,.19,.21,.16,-.26,.09,-.07,.26,.10,-.18,-.04,.09,.26)*f1_9+
    mat4(.13,.10,-.10,.07,-.10,.27,.16,.12,.18,.07,-.29,-.30,.32,-.05,.01,-.27)*f1_10+
    mat4(.13,-.27,.18,-.10,-.07,-.05,-.07,.25,-.27,.17,.09,.02,-.01,-.28,-.27,-.31)*f1_11+
    mat4(.14,-.07,.19,-.22,-.24,.21,.15,.10,-.09,-.11,.19,-.19,.08,-.22,-.21,-.33)*f1_12+
    mat4(-.21,.15,.04,.03,-.09,-.08,-.02,-.21,.22,-.12,-.19,-.18,-.26,.10,-.02,-.05)*f1_13+
    mat4(-.21,-.07,-.39,.27,.34,.11,-.06,-.07,.20,-.16,-.15,-.27,.08,-.05,-.16,-.17)*f1_14+
    mat4(.12,.05,-.16,-.25,-.18,.25,-.13,-.05,-.27,-.03,.06,.28,.27,.01,-.22,-.08)*f1_15+
    vec4(-.11,-.86,-.22,.25))/1.4+f1_11;
vec4 f2_12=sin(mat4(-.05,-.02,.25,.13,.26,.01,.04,.13,-.04,-.12,.24,-.27,.02,-.02,.14,-.30)*f1_0+
    mat4(-.21,-.18,-.15,.30,-.12,.07,.29,.25,.16,.19,-.21,-.28,-.30,-.29,.16,-.06)*f1_1+
    mat4(-.11,.15,.11,-.15,.02,.03,.23,.08,.11,-.08,-.24,.12,.09,.20,.12,-.18)*f1_2+
    mat4(-.14,-.23,.14,-.15,.23,.03,.19,.30,.28,-.03,.27,.17,-.20,-.02,-.28,.12)*f1_3+
    mat4(.23,.31,-.09,-.12,.10,-.12,-.11,.16,.17,.21,-.21,.20,.06,.04,.25,.19)*f1_4+
    mat4(-.29,.33,-.10,.03,-.11,.16,.14,.07,-.02,.15,.06,-.10,-.16,-.38,-.22,.30)*f1_5+
    mat4(-.21,.33,.02,.24,.34,.06,-.11,.06,-.29,.01,.07,-.06,.23,.05,.06,-.07)*f1_6+
    mat4(-.02,.02,.20,.20,-.14,.03,-.12,-.06,.00,.12,-.30,-.20,.05,-.16,.04,-.00)*f1_7+
    mat4(.30,-.24,.11,.25,.19,-.05,.05,-.17,.09,.22,-.04,-.25,.30,.24,-.22,.22)*f1_8+
    mat4(-.30,-.28,-.33,-.20,.05,.22,-.11,.20,.31,-.19,.12,-.19,.15,.15,.06,-.24)*f1_9+
    mat4(-.16,.00,.05,-.17,.26,.01,-.15,.27,.24,-.02,.00,.15,.01,.09,.25,-.28)*f1_10+
    mat4(-.26,.07,-.02,.04,-.12,.01,-.09,.00,-.18,-.03,.13,.16,-.13,.24,.12,.21)*f1_11+
    mat4(-.16,.07,-.04,.28,-.13,.07,-.26,-.03,-.03,.25,-.22,-.23,-.05,-.06,.08,-.20)*f1_12+
    mat4(-.11,-.24,-.25,.25,.07,-.25,.12,.25,.02,-.28,-.17,.18,.11,.25,-.22,-.12)*f1_13+
    mat4(-.20,-.27,-.05,.08,.24,.15,-.04,-.10,.05,.05,.18,-.14,.10,.18,-.20,.27)*f1_14+
    mat4(.09,.03,-.13,-.04,.08,-.11,-.03,-.27,-.28,-.18,.01,-.00,.16,-.28,.12,-.14)*f1_15+
    vec4(.05,-1.26,.87,-.52))/1.4+f1_12;
vec4 f2_13=sin(mat4(-.15,.24,.18,.12,.19,-.29,-.02,-.17,.19,.25,.05,-.20,-.15,-.05,-.05,-.12)*f1_0+
    mat4(.14,-.15,-.28,.16,-.12,.28,-.02,.06,-.06,-.10,-.18,.22,-.09,.09,.19,.24)*f1_1+
    mat4(-.20,-.26,.02,-.25,-.07,.28,.13,.13,-.05,.32,.15,-.21,-.13,-.17,-.31,.27)*f1_2+
    mat4(.19,-.04,-.13,.15,-.22,.02,.19,-.17,-.12,.14,-.26,-.15,-.02,-.08,-.19,-.33)*f1_3+
    mat4(.22,-.03,-.01,-.13,.31,.27,.08,.04,-.30,.39,.05,.28,-.07,.35,.01,-.23)*f1_4+
    mat4(-.03,-.25,.07,-.13,-.07,-.26,.29,-.26,.07,.01,.17,-.20,.01,.17,-.15,.28)*f1_5+
    mat4(.02,.20,.02,.10,-.14,-.33,-.21,.03,.24,.15,.24,-.21,.06,-.22,-.01,.23)*f1_6+
    mat4(-.13,-.24,.29,-.00,.15,.13,.17,.11,.28,.20,-.18,.23,.27,.20,.09,-.17)*f1_7+
    mat4(-.00,.21,.18,.19,-.10,-.05,-.15,-.02,.17,-.23,.02,-.04,.19,.01,.10,.02)*f1_8+
    mat4(.14,.06,-.17,-.12,.05,-.16,.26,-.26,.26,.11,-.24,-.12,-.26,.17,.11,.34)*f1_9+
    mat4(-.25,-.28,-.19,.07,-.25,.32,.19,.16,-.27,.07,.28,.03,-.09,-.10,-.17,.27)*f1_10+
    mat4(-.22,-.10,.25,-.09,-.21,.05,.04,-.21,.13,-.15,-.11,.17,.29,-.18,.31,.12)*f1_11+
    mat4(-.10,.27,-.18,-.30,.23,.08,-.25,.09,-.29,-.09,-.18,-.25,.20,.25,-.04,.19)*f1_12+
    mat4(-.13,-.10,.15,.18,-.19,-.09,-.12,-.03,-.15,-.18,-.16,.08,-.30,.11,-.08,.22)*f1_13+
    mat4(-.26,-.09,.16,-.20,.02,-.07,.09,-.03,.20,-.14,-.14,-.12,.27,.03,-.04,-.21)*f1_14+
    mat4(.17,-.12,-.12,-.05,.17,.30,-.28,.16,-.27,-.14,-.12,-.16,-.02,-.18,.25,.06)*f1_15+
    vec4(-.84,.41,-1.14,.08))/1.4+f1_13;
vec4 f2_14=sin(mat4(-.18,-.22,-.05,-.19,-.01,.06,-.17,.11,-.24,-.21,-.15,.10,.08,.03,-.18,.00)*f1_0+
    mat4(-.29,-.03,.22,.13,-.02,.22,-.14,.28,-.26,-.08,-.04,.15,.11,-.31,-.25,-.17)*f1_1+
    mat4(-.28,-.13,-.04,.28,-.25,-.02,.02,.03,-.10,.28,.13,-.09,-.02,-.07,.16,-.15)*f1_2+
    mat4(-.16,-.14,.17,.14,.28,.20,.22,.20,-.35,-.30,.15,-.07,-.20,.20,-.30,.23)*f1_3+
    mat4(-.14,-.20,.11,-.01,-.19,-.13,-.19,.01,.30,-.08,.26,.09,.15,.18,.26,-.02)*f1_4+
    mat4(.31,.03,.25,.30,.11,-.02,.26,.05,-.25,.23,-.15,-.28,-.22,.21,-.13,.13)*f1_5+
    mat4(-.22,-.21,.23,-.15,-.02,-.23,-.18,-.24,.16,-.28,.07,-.18,-.02,-.02,.11,-.17)*f1_6+
    mat4(-.08,-.18,.22,.11,.11,.07,-.24,.08,-.01,.30,-.08,.14,.21,-.08,.16,-.16)*f1_7+
    mat4(-.03,.02,-.22,-.01,.26,-.02,.30,-.22,.02,.10,-.08,.19,-.02,.01,.17,.16)*f1_8+
    mat4(-.15,-.24,.23,-.27,.13,.08,.25,.18,-.26,.10,-.11,.16,-.10,.30,.24,.21)*f1_9+
    mat4(-.06,.18,.17,-.16,-.08,-.11,-.26,.28,-.07,.20,.18,-.26,.15,-.36,.08,-.02)*f1_10+
    mat4(-.02,-.18,-.04,-.25,.22,-.15,-.25,-.14,.17,.28,.18,.09,.08,-.23,.31,-.02)*f1_11+
    mat4(.01,.20,.13,.13,.10,.06,-.28,-.26,.14,.08,-.28,.24,.26,-.28,-.17,.18)*f1_12+
    mat4(.01,-.02,.11,.03,-.01,-.13,.08,-.11,-.23,.18,-.01,.15,.08,.04,.28,.16)*f1_13+
    mat4(-.14,-.27,.12,.01,-.16,-.29,.06,.29,.22,-.16,.19,-.21,-.10,.11,.12,-.08)*f1_14+
    mat4(-.13,-.29,.30,.29,-.15,-.11,-.15,.18,-.04,-.13,-.24,.07,.14,-.10,.09,.01)*f1_15+
    vec4(.54,.56,-.22,.59))/1.4+f1_14;
vec4 f2_15=sin(mat4(.25,-.15,.05,-.02,-.23,-.18,-.03,-.00,-.17,.13,-.14,.35,.27,.17,-.28,.02)*f1_0+
    mat4(.32,-.01,-.09,.03,-.11,.04,-.20,-.00,-.06,-.19,-.10,.04,-.15,-.18,.11,-.29)*f1_1+
    mat4(-.13,.07,.07,.11,.31,.17,.04,-.20,-.22,.28,.28,-.04,.13,-.01,-.07,-.01)*f1_2+
    mat4(.08,-.04,-.20,-.38,-.17,-.14,-.27,-.12,-.05,.03,-.12,.19,-.25,-.08,-.25,.03)*f1_3+
    mat4(.11,-.06,.29,-.01,.22,-.07,-.31,-.05,.09,-.23,.26,-.09,.19,-.16,.32,-.11)*f1_4+
    mat4(-.15,-.02,.17,-.24,-.21,.05,.14,-.24,-.01,.02,.09,.21,.19,.17,-.15,-.17)*f1_5+
    mat4(.16,.20,.05,.06,.12,.29,.30,-.09,.26,-.24,.20,.33,-.12,-.01,.13,.22)*f1_6+
    mat4(-.12,.19,-.17,.36,-.42,.09,.01,.27,-.22,-.23,.06,-.21,.05,-.30,-.24,.29)*f1_7+
    mat4(.01,-.02,-.10,.28,-.02,.28,.14,-.03,-.25,.08,.18,-.18,-.26,-.15,-.29,.14)*f1_8+
    mat4(-.24,.01,-.20,.35,-.05,-.21,-.18,.03,.17,-.18,-.11,.07,.02,.21,-.25,-.18)*f1_9+
    mat4(-.17,.27,.06,-.13,.04,.03,-.10,.19,.21,.21,.26,-.03,.16,-.10,-.00,-.00)*f1_10+
    mat4(-.17,-.24,-.11,-.15,.26,-.17,-.38,-.08,-.09,-.20,-.10,-.14,-.11,.08,-.30,.22)*f1_11+
    mat4(-.11,.14,-.31,.03,.16,.08,.16,.09,-.16,-.05,-.03,.13,-.09,.22,.24,-.10)*f1_12+
    mat4(.07,.28,-.09,-.24,.12,-.23,-.07,-.11,-.04,-.00,-.24,.27,.30,-.24,-.13,.27)*f1_13+
    mat4(.01,-.22,-.21,.13,-.20,-.34,-.15,-.21,-.06,.19,-.21,-.02,.32,-.07,-.31,.27)*f1_14+
    mat4(.15,-.18,-.05,-.21,.30,.26,-.04,-.25,.12,.24,.28,-.23,-.16,.15,.06,.07)*f1_15+
    vec4(.30,1.81,1.08,.39))/1.4+f1_15;
vec4 f3_0=sin(mat4(.24,-.08,-.14,.28,-.01,-.00,-.23,.04,.17,.19,.10,-.06,-.27,.26,.06,-.02)*f2_0+
    mat4(-.28,-.22,.20,.16,-.10,.08,-.21,.19,.11,.23,-.18,-.07,.20,-.14,.25,.27)*f2_1+
    mat4(.03,-.23,-.05,.00,.09,-.10,.11,-.21,-.21,.37,-.34,-.05,.18,-.21,-.01,-.25)*f2_2+
    mat4(.13,.10,-.00,.02,.09,.21,.07,-.29,.15,-.12,.07,-.18,-.15,.15,-.14,-.14)*f2_3+
    mat4(-.40,.32,-.32,.23,-.13,-.21,-.11,.03,.21,-.08,-.16,.12,-.09,.15,-.04,-.19)*f2_4+
    mat4(-.29,.31,-.22,-.18,.27,.24,-.30,-.21,.22,.20,-.06,.23,.29,-.12,.26,.07)*f2_5+
    mat4(-.22,-.26,.00,-.08,-.22,.04,.26,-.10,.02,-.16,-.07,.24,.13,-.13,.27,.02)*f2_6+
    mat4(-.03,-.32,-.19,.04,-.18,.17,.17,.13,-.10,.25,-.27,.29,-.21,-.12,-.03,-.08)*f2_7+
    mat4(.09,-.01,.14,.06,-.22,.07,.22,-.21,-.36,-.14,.12,.26,-.14,.03,.07,-.20)*f2_8+
    mat4(-.27,.23,-.21,.17,-.02,.12,.25,-.10,-.11,.06,.06,.19,.15,-.04,.00,.10)*f2_9+
    mat4(-.15,.10,-.22,.10,-.10,.24,-.15,-.20,-.17,-.00,.22,-.03,.09,.06,.16,.15)*f2_10+
    mat4(.06,-.01,-.23,-.28,-.11,.39,-.27,-.17,.01,.03,-.07,-.08,-.22,-.19,-.09,.04)*f2_11+
    mat4(-.24,.07,-.01,-.30,-.21,.06,.33,.11,.01,.09,-.02,-.22,-.25,-.24,-.29,-.01)*f2_12+
    mat4(.09,.13,-.03,-.21,-.15,-.31,-.16,-.33,-.19,-.15,.24,.02,.01,-.25,.15,.14)*f2_13+
    mat4(.23,.31,.15,.25,.04,-.21,-.30,.01,.08,-.07,-.06,-.17,.28,-.43,-.26,-.09)*f2_14+
    mat4(-.28,-.21,.07,-.08,-.32,-.13,-.23,-.24,.20,.17,.17,-.20,.05,-.01,.20,.05)*f2_15+
    vec4(.87,-.23,.04,1.29))/1.7+f2_0;
vec4 f3_1=sin(mat4(-.09,-.21,.28,-.10,-.11,-.18,.14,.21,.16,.06,-.07,-.03,-.12,.11,-.26,.26)*f2_0+
    mat4(-.05,.22,-.05,.34,-.19,.15,.18,.27,-.24,.23,-.10,-.00,.15,-.06,-.06,-.05)*f2_1+
    mat4(.05,.20,.19,-.13,-.25,.27,-.10,.25,-.17,.19,-.04,.03,.12,-.18,.20,.19)*f2_2+
    mat4(.15,.03,-.26,.15,.27,.22,.24,.09,.20,-.31,-.15,.21,.12,.19,-.09,.23)*f2_3+
    mat4(.29,-.02,-.14,-.31,.15,-.26,.12,-.24,-.10,.22,-.32,-.05,.12,-.07,-.02,.21)*f2_4+
    mat4(-.19,-.08,.11,-.07,.13,-.10,-.12,.15,.15,-.06,-.21,.14,.20,-.36,.11,.18)*f2_5+
    mat4(.14,.25,-.11,.02,-.61,.05,.12,-.04,-.06,-.31,-.23,-.12,-.15,-.15,.27,-.07)*f2_6+
    mat4(.09,.09,.16,.02,-.18,.14,.11,-.37,.02,-.21,.08,.24,.28,-.19,-.18,.22)*f2_7+
    mat4(-.08,-.05,-.08,.21,-.27,-.20,.02,.08,-.20,.18,-.24,.20,.07,.12,.26,.04)*f2_8+
    mat4(.07,-.25,-.12,-.13,-.24,-.21,-.21,-.26,-.20,-.07,.31,-.09,.06,-.30,-.27,-.25)*f2_9+
    mat4(.12,-.25,-.13,.18,-.12,.00,.31,-.04,.02,-.21,.08,.09,.01,-.12,-.01,-.26)*f2_10+
    mat4(.05,-.09,.17,-.30,-.10,-.02,.10,.26,.11,-.20,-.25,.23,-.18,-.22,.02,-.13)*f2_11+
    mat4(-.02,-.13,-.23,.24,-.09,-.07,.15,-.04,.07,-.18,.21,.12,.01,-.29,.24,.31)*f2_12+
    mat4(-.13,.07,.14,.15,.28,-.20,.24,-.03,-.03,.17,-.00,-.24,.18,-.32,-.27,.10)*f2_13+
    mat4(-.24,.20,-.12,.17,.21,-.07,.07,-.04,-.03,-.08,-.07,-.19,.33,-.20,-.16,.26)*f2_14+
    mat4(.08,.30,.09,-.23,.01,-.17,-.08,-.20,.26,-.03,-.15,-.18,.06,-.23,-.21,.17)*f2_15+
    vec4(.71,-1.56,-1.55,1.20))/1.7+f2_1;
vec4 f3_2=sin(mat4(.23,-.30,.30,-.29,.23,.07,-.25,.07,-.06,-.04,.34,-.22,-.04,.25,.24,.24)*f2_0+
    mat4(.17,-.07,.17,.15,-.03,-.26,-.21,.22,-.17,.15,.19,-.15,.29,-.10,.22,.28)*f2_1+
    mat4(-.23,.17,.31,-.08,.12,-.09,-.06,-.08,-.04,-.25,-.24,.05,-.20,-.28,-.20,.24)*f2_2+
    mat4(.19,.14,-.20,.29,.01,.09,-.30,-.06,-.09,.07,.22,.02,-.05,.14,-.18,-.14)*f2_3+
    mat4(.14,.14,.15,-.27,.15,-.27,-.12,-.05,-.23,.21,-.27,.08,-.28,.21,-.26,-.32)*f2_4+
    mat4(-.01,-.25,.27,-.35,.03,-.29,.05,.09,-.19,-.14,-.05,-.11,-.12,.08,-.25,-.09)*f2_5+
    mat4(-.17,.39,-.31,-.35,-.25,-.07,-.10,-.19,-.30,-.24,.22,.02,.06,-.26,-.16,.26)*f2_6+
    mat4(-.31,-.22,.16,-.17,-.08,.01,-.02,-.24,.03,-.03,.24,.35,.21,-.14,.11,-.12)*f2_7+
    mat4(.11,-.30,-.34,.00,.27,-.13,.19,.24,.21,-.14,.17,.17,-.12,.19,.26,-.03)*f2_8+
    mat4(-.28,.07,.06,.11,.18,-.20,.24,.06,-.15,-.20,-.03,.04,.31,.14,.38,.08)*f2_9+
    mat4(-.12,-.25,.38,.25,-.25,.13,.17,-.15,-.25,.22,.02,.28,.01,.15,-.10,-.16)*f2_10+
    mat4(.21,-.09,-.33,-.14,-.02,-.14,.12,.20,.26,-.04,.07,.28,.08,.29,-.21,-.26)*f2_11+
    mat4(.11,.26,.21,.27,-.12,.07,-.11,.18,.24,.19,-.02,-.27,.21,-.25,.18,-.21)*f2_12+
    mat4(-.12,.20,.04,-.05,.23,-.08,-.30,-.14,.14,-.13,-.16,-.07,-.12,.13,.21,.09)*f2_13+
    mat4(-.30,.01,.02,.22,.17,.24,-.06,.25,-.13,.15,-.39,-.13,-.06,-.10,-.04,.24)*f2_14+
    mat4(.14,-.25,.12,.21,-.20,-.20,-.13,-.23,-.08,-.05,.11,.20,.12,.28,.08,.19)*f2_15+
    vec4(1.10,1.42,-.63,-.34))/1.7+f2_2;
vec4 f3_3=sin(mat4(-.21,.23,-.31,.23,.33,.05,.31,.25,.24,-.30,-.30,-.11,.07,-.27,-.26,.18)*f2_0+
    mat4(-.05,.13,.08,.06,-.12,-.26,-.06,.20,.04,-.11,-.29,.20,.01,.25,.23,.13)*f2_1+
    mat4(.05,-.28,.12,-.14,-.27,-.13,-.01,-.25,.23,-.01,-.21,.09,-.09,-.08,.15,-.06)*f2_2+
    mat4(-.16,-.31,.18,.09,.05,-.05,-.08,-.26,-.09,.02,.07,-.18,-.12,-.13,-.02,-.16)*f2_3+
    mat4(.36,.14,-.03,-.05,-.28,-.12,.15,.20,.16,.09,-.01,-.10,.31,.11,.29,.23)*f2_4+
    mat4(.23,.18,-.27,-.13,.00,.05,.00,.01,-.05,-.05,-.22,.22,-.31,.36,.11,.33)*f2_5+
    mat4(.16,.01,.15,.24,.14,-.06,.06,-.02,-.09,.02,-.02,.11,-.17,.04,.09,.06)*f2_6+
    mat4(.03,.06,.17,.07,-.24,.38,-.20,-.11,-.12,-.10,-.26,-.05,.28,-.01,.26,.03)*f2_7+
    mat4(-.01,-.08,-.22,-.12,-.12,.08,-.25,.19,-.24,.19,-.05,.24,-.12,-.06,-.27,-.23)*f2_8+
    mat4(.15,.03,-.22,-.23,-.26,.09,-.14,-.11,-.05,.04,.32,.26,.18,.16,-.14,.12)*f2_9+
    mat4(-.02,.08,.06,.17,.03,-.06,-.03,-.17,.17,-.02,.02,-.11,-.00,.03,.32,.22)*f2_10+
    mat4(.16,-.16,-.23,.29,.11,.03,-.09,.31,.04,-.18,.34,.02,.14,.02,-.06,.15)*f2_11+
    mat4(-.08,-.30,-.12,.11,-.21,-.15,.13,.27,.28,.04,.16,.11,-.07,.06,.08,-.24)*f2_12+
    mat4(-.02,.19,.16,.26,.22,.14,.29,-.27,-.00,-.19,-.07,-.15,.12,-.19,.22,.19)*f2_13+
    mat4(.17,-.18,-.06,-.03,-.13,-.28,.10,.09,-.23,.09,.17,-.06,-.28,.26,.18,-.06)*f2_14+
    mat4(-.02,.01,.06,-.17,-.09,-.01,.27,-.28,-.20,-.17,-.01,.23,.23,-.10,-.09,.07)*f2_15+
    vec4(-.22,-.22,-.75,-1.78))/1.7+f2_3;
vec4 f3_4=sin(mat4(-.22,.24,.18,-.16,-.26,-.16,-.15,.03,.16,-.14,.09,.00,-.02,-.04,-.06,.11)*f2_0+
    mat4(.13,-.09,.05,.05,.23,.05,.14,-.01,-.04,.20,-.09,.11,.00,-.31,.06,-.14)*f2_1+
    mat4(.08,.01,.36,.27,-.09,-.03,.00,-.29,.03,.24,.24,.00,.22,-.31,-.21,-.08)*f2_2+
    mat4(-.31,-.13,.24,-.06,.28,-.05,-.29,.02,-.22,.09,.07,-.10,.15,.23,.13,.14)*f2_3+
    mat4(-.10,-.22,-.22,-.01,.16,-.06,-.08,-.03,.35,-.03,-.13,.29,-.12,.01,.04,.29)*f2_4+
    mat4(.11,-.28,-.20,-.02,-.20,.18,-.10,.12,.02,.20,-.10,.09,.11,.11,.20,.22)*f2_5+
    mat4(.03,-.31,-.03,.26,-.04,.22,.09,-.12,.04,.02,.24,.29,-.26,.03,-.20,-.15)*f2_6+
    mat4(-.22,.30,-.24,.06,-.33,-.30,.28,-.29,.29,-.10,-.27,-.25,-.11,-.07,.07,.18)*f2_7+
    mat4(.01,-.24,.28,.21,.30,-.29,-.21,.17,-.22,-.21,.05,.25,-.24,-.25,-.22,-.09)*f2_8+
    mat4(-.19,-.04,-.12,.13,.19,-.27,-.18,-.06,.24,.28,.17,.21,.31,-.13,-.31,-.07)*f2_9+
    mat4(-.18,.13,.24,-.26,-.13,-.18,-.07,.22,.20,-.09,-.12,-.05,.04,.20,.12,-.14)*f2_10+
    mat4(.09,-.25,-.00,.15,-.13,.12,.21,-.17,-.13,.13,.14,.05,.06,-.01,.10,-.17)*f2_11+
    mat4(-.12,.23,-.21,.16,.08,-.01,.25,-.20,.05,-.09,.05,.21,.03,.05,-.08,.14)*f2_12+
    mat4(.28,.02,-.17,-.11,.04,-.29,.17,.15,-.17,-.17,.20,-.22,.01,.02,.24,-.27)*f2_13+
    mat4(-.18,.10,.02,.00,.20,-.24,.08,.02,-.31,.29,.23,.23,.16,-.05,.00,.03)*f2_14+
    mat4(.20,.06,-.25,-.20,-.23,-.15,.10,.22,.16,-.08,.13,-.10,-.08,.27,.18,.21)*f2_15+
    vec4(-.49,1.05,-.07,.79))/1.7+f2_4;
vec4 f3_5=sin(mat4(-.10,-.12,-.03,.26,-.22,.24,.15,-.13,-.30,-.08,-.30,-.06,.05,-.32,.12,.09)*f2_0+
    mat4(-.04,-.22,-.17,-.05,-.26,-.14,.28,.15,-.03,.09,-.17,-.17,.19,-.28,-.25,-.07)*f2_1+
    mat4(.12,-.19,.11,-.23,.22,.10,.27,.07,-.12,-.17,-.08,-.13,.25,.10,.40,-.23)*f2_2+
    mat4(-.09,.21,.20,-.11,.02,-.03,-.21,.26,-.22,-.29,.25,-.22,.00,.20,.16,-.24)*f2_3+
    mat4(-.04,.14,-.12,.00,.29,-.18,.26,-.28,.26,.01,-.23,-.21,.02,-.11,.36,-.09)*f2_4+
    mat4(.09,.17,-.01,.25,.07,-.15,-.01,-.21,.03,-.03,.28,.07,-.04,-.36,.02,-.34)*f2_5+
    mat4(-.04,.03,-.12,.27,.08,.15,.15,-.12,.30,-.04,-.33,-.22,-.01,.07,.18,-.08)*f2_6+
    mat4(.16,-.20,-.13,-.05,.17,-.12,.01,.10,-.10,-.37,-.14,-.07,-.23,-.16,-.19,-.00)*f2_7+
    mat4(.10,-.18,-.28,-.15,.24,.21,.06,-.05,-.08,-.28,-.19,.21,.07,.08,-.20,.23)*f2_8+
    mat4(.12,.13,.20,.24,-.17,.09,-.20,-.16,.19,-.10,-.10,.16,-.09,-.21,-.04,-.10)*f2_9+
    mat4(.20,.14,.09,.19,-.21,.28,-.28,.28,-.18,.14,-.25,-.05,-.10,.13,.17,-.12)*f2_10+
    mat4(-.05,-.06,.30,-.04,.20,-.13,-.10,.27,-.30,-.20,-.29,.01,.27,.12,.16,-.10)*f2_11+
    mat4(.10,.21,.33,.02,-.29,.30,-.01,-.08,-.04,-.20,-.21,-.05,-.06,.10,-.27,-.03)*f2_12+
    mat4(-.03,.02,-.06,-.03,.17,-.16,-.10,-.16,.18,.13,-.06,-.06,.04,-.26,.20,.24)*f2_13+
    mat4(-.03,-.15,.19,.13,.24,-.24,.11,-.16,-.12,.24,.12,.23,.10,.06,-.10,-.29)*f2_14+
    mat4(.26,-.01,-.10,.21,.17,-.28,.31,-.32,.11,-.19,.36,-.27,-.23,.08,-.21,-.10)*f2_15+
    vec4(-.65,1.78,1.57,-.14))/1.7+f2_5;
vec4 f3_6=sin(mat4(.06,-.07,.12,.17,-.12,-.00,-.28,-.00,.10,.20,.25,-.30,.02,.07,.11,.25)*f2_0+
    mat4(-.22,-.16,.01,-.01,.05,.23,-.23,.03,.26,.04,.15,.08,-.09,.17,.05,.11)*f2_1+
    mat4(.07,.10,-.13,.22,.24,-.13,-.28,-.07,-.06,-.20,-.32,.01,-.25,-.11,-.11,-.01)*f2_2+
    mat4(.06,.28,.08,-.28,-.30,.11,.02,-.06,.07,.04,-.22,.09,.18,.04,-.12,.30)*f2_3+
    mat4(-.02,.04,.15,.20,.17,.22,-.13,-.18,-.27,-.10,-.11,.09,.08,.05,-.10,.05)*f2_4+
    mat4(-.22,-.08,-.13,-.28,-.05,.05,-.03,-.04,-.04,-.21,.27,.06,-.11,-.28,.07,.14)*f2_5+
    mat4(.11,-.29,-.11,.08,.12,.24,.32,-.15,.07,.30,-.02,.23,.15,.06,-.29,.20)*f2_6+
    mat4(-.02,-.08,-.25,-.06,-.21,-.27,.23,.31,.07,.27,-.14,-.22,-.01,-.26,-.03,.09)*f2_7+
    mat4(-.28,-.23,.16,.04,-.12,.04,.00,.12,.08,.08,-.01,-.07,-.16,-.05,-.15,.11)*f2_8+
    mat4(.07,-.12,.25,-.27,.31,-.06,-.20,.03,.31,-.13,.15,-.26,-.07,-.16,-.03,.10)*f2_9+
    mat4(-.19,-.14,-.04,.18,.14,.02,.29,-.08,.24,-.08,-.25,.01,-.16,-.18,.09,.14)*f2_10+
    mat4(.13,.24,-.33,-.07,-.23,.09,-.23,.26,-.18,.20,-.01,.23,.22,.23,-.16,-.18)*f2_11+
    mat4(.27,.17,.35,-.12,-.09,-.20,.29,.31,-.22,-.20,-.18,-.15,.00,-.18,-.20,-.10)*f2_12+
    mat4(-.17,.07,-.26,.22,-.18,-.28,-.09,.06,.13,.05,.20,.09,-.23,-.34,.33,-.04)*f2_13+
    mat4(.19,-.10,.23,-.30,.10,.21,.13,.26,-.33,-.12,.21,.08,.22,-.07,-.05,-.20)*f2_14+
    mat4(.28,-.03,.19,-.11,.24,-.04,-.08,.19,.27,-.18,.30,-.09,.23,.06,.01,-.19)*f2_15+
    vec4(.85,.58,-1.30,-.25))/1.7+f2_6;
vec4 f3_7=sin(mat4(-.16,.07,.10,.14,-.04,.27,-.24,-.29,-.27,-.05,-.22,-.23,.10,.02,.25,.03)*f2_0+
    mat4(-.18,.22,-.30,.25,.05,.01,-.31,.01,.07,.14,.04,.07,.20,.21,.07,.00)*f2_1+
    mat4(.18,.01,-.05,-.06,.11,.08,-.11,-.05,.18,.15,.04,-.20,-.12,-.10,.25,.30)*f2_2+
    mat4(.03,-.03,-.14,.07,-.02,-.00,-.01,.02,-.20,-.05,.06,.17,-.04,-.04,-.30,-.23)*f2_3+
    mat4(.08,-.19,.01,-.15,.18,.09,-.02,.25,.05,.24,-.11,.10,.09,.26,.20,.12)*f2_4+
    mat4(-.09,.12,.32,.05,.31,-.21,-.12,.28,.00,.06,.23,.35,-.07,-.11,-.19,-.26)*f2_5+
    mat4(-.21,-.25,-.24,-.10,.17,.05,-.18,.06,.15,-.17,.18,-.03,-.26,-.02,.23,.27)*f2_6+
    mat4(.29,-.20,.21,.31,.16,.13,-.19,.10,.09,.05,.26,-.00,-.10,-.31,-.14,-.35)*f2_7+
    mat4(-.09,-.03,-.06,.14,.07,.15,-.17,.04,-.08,.00,.06,-.35,.32,-.21,.08,-.11)*f2_8+
    mat4(.12,.21,-.07,-.35,.16,.25,.18,-.07,.32,-.26,.06,-.33,.03,-.29,.30,-.05)*f2_9+
    mat4(.01,.00,.07,-.30,-.25,.07,.07,-.35,-.12,.13,-.23,.05,-.29,.15,.18,-.03)*f2_10+
    mat4(.10,-.17,-.06,-.02,.29,-.22,-.08,.26,-.18,-.15,.13,-.35,.26,.02,.10,.07)*f2_11+
    mat4(.31,-.23,.09,.30,-.11,-.12,.15,.15,.03,-.10,-.01,.08,.12,-.21,-.05,.33)*f2_12+
    mat4(.12,-.19,-.27,.22,.20,-.03,.26,.22,.01,-.03,-.15,.16,.23,-.07,.29,-.00)*f2_13+
    mat4(.32,-.06,-.11,-.32,.06,.31,-.23,-.16,-.22,.22,-.21,-.13,.02,.12,-.29,.12)*f2_14+
    mat4(.25,-.01,.14,-.26,.07,.00,.22,.21,-.12,.30,-.11,-.03,-.21,-.24,.23,.13)*f2_15+
    vec4(-1.00,1.77,-1.03,-1.43))/1.7+f2_7;
vec4 f3_8=sin(mat4(.15,.05,-.10,.06,-.17,.00,.19,-.10,.17,-.10,-.07,.19,.06,-.11,.03,.29)*f2_0+
    mat4(.06,-.39,-.15,.01,.24,-.14,-.15,-.05,-.06,-.12,-.19,.02,.17,.16,-.08,.23)*f2_1+
    mat4(-.12,-.25,.20,.11,.18,.18,-.08,-.20,-.25,-.18,.21,-.19,.02,-.05,.01,.14)*f2_2+
    mat4(.29,-.23,-.09,-.16,-.00,-.20,-.30,.06,.16,-.19,.26,.03,.08,-.26,.21,.21)*f2_3+
    mat4(.15,-.23,-.11,-.27,.32,-.12,.28,-.08,.20,-.09,-.26,.02,.12,-.19,-.05,.03)*f2_4+
    mat4(.16,.18,.29,.15,-.34,-.06,-.19,-.27,.09,-.17,.06,.14,.22,-.15,-.19,.03)*f2_5+
    mat4(.23,-.24,.01,.21,-.01,.21,-.27,.31,-.30,.06,.10,-.21,-.23,-.28,-.22,-.30)*f2_6+
    mat4(-.04,-.03,-.18,-.15,.26,.13,-.07,-.02,.25,.27,-.34,-.11,-.04,.11,.22,-.19)*f2_7+
    mat4(-.26,.23,.29,-.16,-.04,-.16,-.05,-.09,-.16,-.10,.26,-.21,.08,.26,-.06,.08)*f2_8+
    mat4(-.22,.18,-.02,.18,-.22,-.24,.27,-.10,.21,-.23,-.17,-.00,-.18,.15,-.16,.10)*f2_9+
    mat4(-.13,.25,.02,.29,-.34,-.29,-.20,-.30,-.28,.04,-.25,.17,.03,.02,.01,-.24)*f2_10+
    mat4(-.01,-.10,.21,-.10,-.00,.13,.01,.16,.22,.03,.08,-.17,-.08,-.26,.16,-.14)*f2_11+
    mat4(-.08,-.05,-.07,.00,-.30,.23,-.13,.16,.27,-.10,.21,.16,.03,-.02,-.20,.13)*f2_12+
    mat4(-.21,.09,-.12,.06,.22,-.00,.26,-.10,.24,-.23,-.31,.14,-.08,-.11,.04,-.27)*f2_13+
    mat4(.09,-.05,-.21,-.29,-.24,-.06,.23,-.00,.19,-.26,-.22,.07,-.31,.11,.20,-.01)*f2_14+
    mat4(-.21,-.25,-.05,.12,-.04,.20,.28,-.22,-.10,.08,.05,-.07,.24,-.16,-.29,.21)*f2_15+
    vec4(-1.20,.73,1.67,-.83))/1.7+f2_8;
vec4 f3_9=sin(mat4(.26,-.15,.12,.25,-.11,.19,.07,-.08,.15,.27,-.06,-.12,.23,.25,-.05,.03)*f2_0+
    mat4(-.20,-.24,-.21,.30,.11,.09,.13,.28,.04,.16,.08,-.16,-.20,.30,-.09,-.31)*f2_1+
    mat4(.21,-.29,.16,.28,-.06,-.16,.30,.05,.04,-.16,-.22,-.00,.02,-.07,-.18,-.13)*f2_2+
    mat4(.09,-.01,.04,.08,-.03,.10,.05,.20,-.06,.03,.23,-.07,-.09,.18,.18,-.20)*f2_3+
    mat4(.22,.02,-.19,.12,.19,.18,.10,.17,.30,-.23,-.14,.02,-.09,.29,.15,.07)*f2_4+
    mat4(-.14,.01,.02,-.11,-.09,.01,.16,.29,-.15,-.03,-.30,.14,.18,-.19,.03,-.11)*f2_5+
    mat4(-.08,.10,-.15,-.30,-.30,.16,-.10,.24,.13,-.15,.27,-.10,.07,-.28,.19,.21)*f2_6+
    mat4(.04,-.11,-.16,-.08,.02,-.05,.10,.26,-.12,.21,.05,.16,-.03,-.05,-.15,-.09)*f2_7+
    mat4(-.31,.15,-.27,-.12,-.14,-.12,-.12,.04,-.28,.03,.03,.01,.28,.04,-.02,.22)*f2_8+
    mat4(.31,.11,-.04,-.26,-.26,-.13,-.26,.06,.32,-.21,-.05,-.00,.06,-.16,-.08,-.09)*f2_9+
    mat4(.18,-.14,-.38,-.34,.07,-.25,.17,.17,.05,.05,-.12,.13,-.25,.04,-.08,-.16)*f2_10+
    mat4(-.01,-.27,.05,-.06,.20,.04,-.17,.18,.26,.11,-.02,.31,-.31,.10,-.18,-.07)*f2_11+
    mat4(.02,-.31,-.13,.18,-.21,-.15,.13,-.09,.05,.06,-.15,.12,-.20,-.15,.03,.09)*f2_12+
    mat4(.13,-.01,.30,.11,-.20,-.17,.24,-.14,.30,.21,.23,.28,-.15,-.20,.15,-.20)*f2_13+
    mat4(-.27,-.29,-.24,-.21,-.27,.27,-.20,.12,-.24,-.19,.22,.23,-.11,-.01,-.21,.31)*f2_14+
    mat4(.13,-.04,-.27,.18,.00,-.17,-.29,-.26,.09,.01,.30,.09,-.10,.10,-.04,.24)*f2_15+
    vec4(-1.00,1.47,-1.46,.03))/1.7+f2_9;
vec4 f3_10=sin(mat4(-.17,-.25,-.12,-.20,-.24,.11,-.07,.17,-.07,.24,.23,.08,.05,-.18,.24,-.18)*f2_0+
    mat4(-.14,.20,.25,.33,.06,.08,-.07,.33,.13,-.30,-.15,.01,-.16,-.04,-.06,-.17)*f2_1+
    mat4(.31,-.00,.25,.15,-.07,.19,.19,.16,.13,.23,.32,-.00,-.28,.07,-.11,.13)*f2_2+
    mat4(.38,.29,.02,.20,.33,-.02,.09,.10,-.27,-.10,-.11,-.18,-.17,-.23,-.26,.13)*f2_3+
    mat4(-.22,.21,.34,.25,-.19,.04,.28,.32,-.01,-.12,.04,-.23,-.19,.09,-.05,-.08)*f2_4+
    mat4(-.13,.09,-.14,.24,.20,.06,-.23,-.30,-.30,-.10,-.27,.20,.17,-.09,-.27,.31)*f2_5+
    mat4(-.30,.09,.22,-.12,.16,.13,.10,-.27,-.27,.03,-.18,-.05,-.05,.08,.25,-.01)*f2_6+
    mat4(.26,-.32,.08,.37,.30,.09,.14,-.18,-.16,-.26,-.10,.29,.15,.01,.12,-.08)*f2_7+
    mat4(-.14,-.30,.17,.28,-.25,-.23,.01,.14,-.32,.35,.33,.07,.00,.21,-.18,-.02)*f2_8+
    mat4(.10,-.08,.04,-.05,.14,.01,.02,.27,-.03,-.29,-.04,.08,-.18,-.21,-.27,.06)*f2_9+
    mat4(-.21,-.00,-.04,-.25,.20,-.10,.28,-.17,-.04,-.07,-.02,.25,.01,.30,-.08,-.10)*f2_10+
    mat4(.14,-.24,.18,.23,-.30,-.34,-.29,-.22,.00,.18,-.26,.20,.03,-.29,.08,.02)*f2_11+
    mat4(.18,-.01,-.05,-.15,.23,-.22,-.15,-.07,.16,.28,-.28,-.15,.03,-.23,-.25,-.16)*f2_12+
    mat4(-.21,.03,-.00,.12,.14,.17,-.21,-.24,.29,-.01,.25,-.31,.04,-.09,-.28,-.14)*f2_13+
    mat4(-.11,-.23,.20,.32,-.06,-.24,-.28,-.18,.12,.06,.10,-.02,.01,.17,-.23,.51)*f2_14+
    mat4(.10,-.31,.29,.15,.03,-.04,.25,.36,-.16,-.03,-.06,-.12,-.12,.05,-.23,-.27)*f2_15+
    vec4(-1.70,1.44,.99,.72))/1.7+f2_10;
vec4 f3_11=sin(mat4(-.01,-.12,-.13,-.00,-.07,.25,-.11,.20,-.00,-.01,.27,-.24,.09,.01,-.03,-.16)*f2_0+
    mat4(.27,.11,.29,-.22,.22,.24,-.07,.09,-.15,-.12,-.33,-.14,.16,.26,.07,-.01)*f2_1+
    mat4(.05,-.31,.11,.09,-.06,-.07,.01,.24,-.25,.01,-.07,-.21,-.21,-.22,-.15,-.02)*f2_2+
    mat4(.06,.08,-.30,.10,.17,.06,-.31,-.28,.22,-.25,-.03,-.19,-.11,-.28,-.32,.08)*f2_3+
    mat4(.25,.28,-.05,.18,.06,-.22,.10,-.12,.07,.01,.29,.17,-.08,.16,.32,.03)*f2_4+
    mat4(-.01,.23,-.26,.08,-.03,-.03,-.08,-.25,.03,-.13,.03,.07,-.29,.00,-.28,-.05)*f2_5+
    mat4(-.32,-.00,.23,.07,-.16,.06,-.18,-.13,.28,.03,.06,.20,-.13,-.17,-.18,-.28)*f2_6+
    mat4(-.15,-.20,.13,.11,.22,-.00,.02,.15,-.07,.15,-.16,-.07,-.03,.13,-.21,.18)*f2_7+
    mat4(.05,-.11,-.28,-.22,-.01,.30,-.11,-.28,-.28,.25,.37,-.10,.10,-.13,-.14,.06)*f2_8+
    mat4(-.10,.08,.05,.09,-.00,-.03,-.05,.13,-.07,.04,.33,.29,.20,.22,.29,.09)*f2_9+
    mat4(.06,-.27,-.24,.25,.22,.27,-.09,.06,.06,-.19,.35,.19,.02,-.12,.20,.30)*f2_10+
    mat4(-.18,-.26,-.13,.26,.31,-.11,-.14,.02,-.32,-.22,.06,.02,.27,.28,-.14,.05)*f2_11+
    mat4(-.24,.01,.05,-.14,-.23,-.06,-.26,.23,-.15,.04,-.25,-.05,.14,.00,-.03,.00)*f2_12+
    mat4(-.16,.07,.25,-.05,.06,-.01,-.17,.15,.16,-.17,-.05,.21,-.33,-.02,-.08,-.34)*f2_13+
    mat4(.02,-.18,.09,.17,-.14,.17,-.06,-.12,-.04,.21,-.23,.10,.31,.15,.08,-.23)*f2_14+
    mat4(-.29,-.17,-.04,-.08,-.12,-.28,.10,-.28,.27,.16,.23,.01,-.23,.09,.18,-.03)*f2_15+
    vec4(1.14,-1.10,.39,-.89))/1.7+f2_11;
vec4 f3_12=sin(mat4(-.28,.19,.33,-.21,-.29,.00,-.26,.11,.16,-.23,.28,-.19,.02,-.07,.01,.04)*f2_0+
    mat4(-.12,-.31,.14,-.21,.20,-.32,.22,.06,.04,-.15,.18,.24,.17,-.35,.17,-.14)*f2_1+
    mat4(.13,.03,-.01,-.17,-.03,-.11,-.25,-.27,.05,-.08,.24,-.29,.14,-.21,.29,-.02)*f2_2+
    mat4(.15,-.02,-.15,-.06,-.24,.31,.18,-.12,.12,-.21,-.23,.10,-.14,.29,.05,-.03)*f2_3+
    mat4(-.12,-.23,.16,-.24,.22,-.01,-.05,-.03,-.08,.01,-.28,-.03,-.27,.26,.14,-.29)*f2_4+
    mat4(.23,.01,-.19,.02,.16,.19,.11,-.16,.33,.32,-.01,.03,.13,.00,-.18,.03)*f2_5+
    mat4(.28,.08,-.12,-.10,.14,-.10,.09,-.12,-.31,-.27,.22,-.09,-.12,.31,.17,-.22)*f2_6+
    mat4(.04,.15,-.23,-.14,.11,-.10,-.13,-.24,-.04,.19,.01,-.11,-.16,.04,-.11,-.13)*f2_7+
    mat4(-.18,.11,.24,.12,.07,-.00,-.18,-.22,-.08,-.11,.18,-.06,-.08,-.27,-.38,.08)*f2_8+
    mat4(.20,.19,.31,.11,-.23,.15,.20,-.02,.22,-.14,.19,-.24,-.04,-.18,.22,.15)*f2_9+
    mat4(-.18,.15,-.04,-.25,-.11,.06,-.33,.11,.15,.18,-.25,-.00,-.19,-.31,-.01,-.15)*f2_10+
    mat4(-.11,.23,.21,.27,-.01,.13,.13,.08,.27,-.26,.09,-.05,-.16,.01,.28,.12)*f2_11+
    mat4(-.11,-.25,-.17,-.22,.10,.11,-.26,-.10,-.08,.01,.07,-.28,-.29,-.16,.10,.26)*f2_12+
    mat4(-.21,.17,-.03,-.11,-.11,.19,.11,-.01,-.18,-.03,.04,-.15,-.24,.05,-.15,-.12)*f2_13+
    mat4(-.01,.23,-.12,.18,-.20,.20,-.45,-.19,-.01,-.02,.14,-.19,.10,-.14,.24,.08)*f2_14+
    mat4(.03,-.14,-.23,.01,.27,.24,.19,-.11,.11,.03,.13,.11,-.07,-.09,.08,.20)*f2_15+
    vec4(.07,1.08,1.57,-.28))/1.7+f2_12;
vec4 f3_13=sin(mat4(.30,.12,.16,-.04,-.15,-.25,.13,.25,.12,-.13,-.09,-.27,-.13,.07,-.18,-.01)*f2_0+
    mat4(.13,.17,.01,-.12,-.27,-.29,-.28,-.10,.24,.19,.13,-.12,.08,-.12,-.16,-.25)*f2_1+
    mat4(.31,-.18,.27,.03,-.09,-.04,.27,-.07,.31,-.09,.25,-.28,-.26,.04,-.00,.07)*f2_2+
    mat4(.28,-.02,-.28,.31,-.16,.16,.11,-.07,.03,-.13,-.23,-.21,.21,.00,-.23,.21)*f2_3+
    mat4(.09,.24,-.11,-.03,.21,-.17,.25,-.11,-.20,-.05,.20,-.20,.07,.33,.21,-.20)*f2_4+
    mat4(.07,-.21,-.22,.01,-.34,-.05,.20,.16,-.19,.06,-.28,-.02,-.16,.07,-.06,.29)*f2_5+
    mat4(.27,.14,-.06,-.23,-.17,.16,-.13,-.02,-.12,.21,-.27,.25,-.20,.03,-.25,.09)*f2_6+
    mat4(.20,-.19,.12,-.17,-.13,-.12,.10,-.09,-.02,-.26,-.11,.10,.12,-.14,.16,-.32)*f2_7+
    mat4(-.35,.16,-.18,-.12,-.14,.16,.24,-.23,.26,.03,-.21,-.08,-.00,.29,.16,.02)*f2_8+
    mat4(.00,.23,.25,.20,-.03,-.04,-.31,-.31,.23,.21,.17,.03,-.04,-.11,-.20,.04)*f2_9+
    mat4(.06,.06,.29,.10,-.19,.13,.18,.29,-.11,.07,-.04,-.19,.18,.23,-.09,.25)*f2_10+
    mat4(-.18,-.19,.28,-.04,.02,-.25,-.19,.11,.26,.26,-.08,-.19,-.31,.06,.04,-.29)*f2_11+
    mat4(.11,-.05,-.04,.16,.28,-.11,-.14,-.22,-.06,.29,-.30,-.20,.19,-.02,.16,.07)*f2_12+
    mat4(.09,.01,.18,.29,.20,.19,.19,.04,-.15,.19,-.14,.01,-.08,-.04,-.13,-.03)*f2_13+
    mat4(-.09,.14,.02,.26,.09,-.03,.26,-.03,-.00,-.17,-.13,.07,.27,-.09,-.09,.05)*f2_14+
    mat4(-.04,-.24,-.10,-.13,-.10,-.09,-.27,-.05,-.15,-.08,.16,-.32,.15,.24,.06,-.32)*f2_15+
    vec4(.60,-.39,-.33,-.59))/1.7+f2_13;
vec4 f3_14=sin(mat4(.09,.11,.22,-.23,-.21,-.28,.32,.14,.19,.01,.26,-.09,.19,-.27,.31,-.22)*f2_0+
    mat4(-.19,-.03,-.18,.09,.10,.10,.26,-.20,.09,.06,.28,-.03,-.16,-.23,.33,.01)*f2_1+
    mat4(-.31,.03,-.15,-.28,.24,.17,.37,-.10,-.10,.08,-.20,.01,.21,-.17,.18,-.19)*f2_2+
    mat4(.19,.28,-.01,-.09,-.19,.01,-.15,.26,.24,-.09,-.00,-.00,-.15,-.13,-.06,-.22)*f2_3+
    mat4(-.14,.23,.31,-.23,.01,-.29,.27,.21,-.28,.15,-.11,.10,-.17,.17,-.14,.04)*f2_4+
    mat4(.16,.25,.05,-.01,-.29,.01,.20,-.08,-.22,-.18,.12,-.03,.02,-.17,.18,-.22)*f2_5+
    mat4(.01,.19,.16,-.14,.26,-.26,-.18,.10,-.28,-.24,.04,.37,-.13,.07,.29,-.28)*f2_6+
    mat4(.12,.04,.18,.16,.11,.19,-.16,.25,-.29,-.27,-.19,-.26,-.10,-.09,.14,-.20)*f2_7+
    mat4(.25,-.14,.22,-.04,-.30,.21,-.14,-.16,.15,.02,-.23,.05,.25,-.25,.09,-.23)*f2_8+
    mat4(-.23,-.29,-.14,-.21,.16,-.10,.12,-.07,-.05,.27,.14,-.04,.12,-.14,.18,.10)*f2_9+
    mat4(-.09,.10,.14,.09,.12,.09,-.35,.25,.21,.11,.01,.34,-.23,-.27,-.27,.29)*f2_10+
    mat4(-.28,.23,.06,.34,.17,.27,.27,-.26,-.18,.06,-.04,-.12,.21,.31,-.28,-.26)*f2_11+
    mat4(-.14,.14,-.11,-.30,-.20,.00,.14,-.20,.12,-.02,.06,.23,-.11,.07,-.17,-.23)*f2_12+
    mat4(.20,-.08,.07,-.10,-.11,.03,-.25,.14,.23,-.27,.06,.12,-.10,-.19,.06,-.02)*f2_13+
    mat4(.11,.10,.19,.18,-.23,.20,-.07,.10,.15,.16,.17,.08,.03,-.09,.24,.01)*f2_14+
    mat4(-.18,.22,.06,-.27,-.16,.27,-.17,.16,-.12,.29,-.06,-.03,-.16,.01,.02,-.27)*f2_15+
    vec4(1.39,.87,-.11,1.82))/1.7+f2_14;
vec4 f3_15=sin(mat4(-.01,-.15,.18,-.09,.34,-.22,.34,-.28,-.31,.08,.08,.11,-.17,-.15,-.11,.04)*f2_0+
    mat4(-.27,.25,-.19,.05,.15,-.23,.19,.20,-.04,-.06,-.25,.10,-.01,.20,.24,.17)*f2_1+
    mat4(-.23,-.03,-.28,-.03,-.23,-.22,-.05,-.01,-.06,-.05,.12,.17,-.13,.04,.06,.32)*f2_2+
    mat4(.07,-.34,-.25,-.15,.00,-.19,-.18,.31,.09,.01,-.16,.09,-.08,.21,-.02,.07)*f2_3+
    mat4(-.10,-.12,.09,-.42,-.29,.03,.21,.17,-.09,-.21,.24,-.16,-.02,-.21,-.33,-.24)*f2_4+
    mat4(-.26,-.28,.00,-.01,-.12,-.22,.22,.21,-.20,.10,-.11,-.08,.17,-.14,.03,-.14)*f2_5+
    mat4(.36,-.08,-.23,.23,-.26,.18,-.10,-.09,-.34,-.11,.12,-.04,-.20,.29,-.15,-.17)*f2_6+
    mat4(.25,-.16,-.06,-.15,-.24,.17,.30,-.07,-.14,.24,-.09,.20,-.21,-.30,-.02,-.10)*f2_7+
    mat4(-.13,-.31,-.15,-.23,.08,-.01,.11,.19,-.14,-.33,.11,-.00,-.18,-.03,.23,-.11)*f2_8+
    mat4(-.18,.09,.32,.19,.12,.12,.19,.07,.06,.05,-.01,.18,-.15,.10,.05,-.18)*f2_9+
    mat4(.11,.15,-.03,-.18,.10,-.14,.18,.05,-.47,-.25,-.15,.32,-.22,-.30,-.16,-.29)*f2_10+
    mat4(-.32,-.03,-.31,-.26,-.12,.05,.30,.14,.28,-.22,.34,.24,.21,-.10,.22,-.09)*f2_11+
    mat4(.33,.34,.25,-.03,.04,-.19,-.24,-.12,-.26,.28,-.23,-.01,-.18,.21,.07,.25)*f2_12+
    mat4(.12,-.26,-.29,-.28,.25,.18,-.31,-.01,-.23,-.09,-.13,-.20,.39,-.07,.11,.12)*f2_13+
    mat4(-.09,-.14,-.01,-.25,.22,-.03,.13,.07,-.17,-.07,-.32,.12,.26,-.18,.20,.05)*f2_14+
    mat4(.30,.05,.12,-.05,-.16,-.23,.00,-.33,-.25,.01,.13,.16,-.12,-.16,-.15,-.05)*f2_15+
    vec4(-.76,.64,.35,-.21))/1.7+f2_15;
vec4 f4_0=sin(mat4(-.10,-.05,.01,.01,-.21,.10,-.33,.01,.06,.21,-.04,-.22,.03,-.25,.27,.29)*f3_0+
    mat4(-.27,-.22,.08,.19,.09,-.20,-.24,-.08,-.01,.07,-.27,-.12,-.12,.12,-.08,.18)*f3_1+
    mat4(.04,-.05,-.19,-.24,-.15,.20,-.22,.08,-.05,.05,-.01,-.05,.31,.06,-.19,-.04)*f3_2+
    mat4(.19,.09,-.13,.04,.17,.24,.04,.02,.05,-.26,-.13,-.20,.03,.27,-.21,.05)*f3_3+
    mat4(.13,-.23,-.02,.29,-.16,.18,.13,-.22,.06,-.37,-.24,-.27,.16,.08,-.07,.03)*f3_4+
    mat4(-.17,.40,-.19,-.11,-.27,-.25,.17,-.15,-.33,.37,.28,.13,.24,-.18,.06,-.10)*f3_5+
    mat4(-.15,.36,.10,.13,.12,.06,-.33,-.22,-.16,.23,-.06,-.09,.33,.07,.08,.22)*f3_6+
    mat4(-.32,-.14,-.13,.04,.03,-.27,-.09,.14,.00,-.29,.01,.07,-.16,.10,.20,-.14)*f3_7+
    mat4(-.06,-.23,.17,-.22,.19,.11,-.23,.24,-.21,.17,.21,-.24,.11,-.00,.17,.01)*f3_8+
    mat4(-.15,-.06,.11,-.17,-.23,.34,.05,.03,.06,.12,.03,-.19,-.06,-.19,.22,.16)*f3_9+
    mat4(.18,-.11,-.03,.14,-.06,.08,.08,-.20,.20,-.25,.29,-.33,-.02,.11,.08,-.07)*f3_10+
    mat4(-.21,.07,.33,-.01,.04,.13,.25,.23,.10,-.02,-.23,-.29,.00,-.17,.22,-.27)*f3_11+
    mat4(-.16,-.24,.28,.26,.05,-.04,-.24,-.05,-.18,.17,-.15,.11,-.27,.12,-.07,-.29)*f3_12+
    mat4(.03,.09,.17,-.02,.23,-.08,-.01,-.28,-.31,.14,.16,.06,.27,-.29,-.28,-.01)*f3_13+
    mat4(.18,.02,.10,.02,.30,.36,.13,.11,-.10,.04,-.11,.00,.16,-.05,-.25,-.18)*f3_14+
    mat4(.18,-.01,-.28,.29,-.12,-.10,.26,-.14,.29,-.28,-.16,.14,-.13,-.09,.09,-.07)*f3_15+
    vec4(1.28,-1.36,.16,-1.36))/2.0+f3_0;
vec4 f4_1=sin(mat4(-.20,-.08,.20,-.05,-.16,.16,.23,-.38,.19,-.09,-.08,-.20,-.08,-.05,.20,.23)*f3_0+
    mat4(.24,-.30,-.03,-.05,-.05,.15,-.21,.22,-.18,.25,.07,-.07,.10,-.24,-.26,-.03)*f3_1+
    mat4(.02,.06,.28,.13,.22,-.13,.06,-.24,.04,-.18,-.13,.32,.07,.31,-.32,.23)*f3_2+
    mat4(-.15,.15,-.05,.17,-.16,.14,-.17,.02,.10,.23,-.09,.28,-.29,-.20,-.22,-.13)*f3_3+
    mat4(.04,.11,-.09,-.06,-.24,-.05,-.13,-.31,-.24,.15,.28,-.11,.17,.01,-.05,-.14)*f3_4+
    mat4(.17,-.23,-.27,.25,-.37,.26,.29,.03,.09,.11,.03,-.28,.10,-.00,.17,-.27)*f3_5+
    mat4(-.12,-.06,-.04,.20,-.03,-.35,-.20,-.37,-.34,.22,-.26,.09,-.21,.20,-.13,.27)*f3_6+
    mat4(-.26,.23,.31,-.14,.24,.02,-.25,-.23,.17,.04,-.17,.28,-.06,.32,-.10,.07)*f3_7+
    mat4(-.24,.05,-.11,.01,-.06,-.12,-.33,-.15,-.20,-.09,-.11,-.20,.07,.23,-.16,.02)*f3_8+
    mat4(-.24,-.20,-.16,-.27,-.06,.21,-.02,.08,.25,-.27,.12,.24,.29,.14,.19,-.15)*f3_9+
    mat4(.26,-.16,-.14,-.24,.09,-.00,.27,.11,.30,.14,.19,-.28,-.13,.10,-.20,.30)*f3_10+
    mat4(.23,-.01,.04,-.16,-.01,.23,-.25,.24,-.23,.34,.32,-.29,.05,-.14,.11,.10)*f3_11+
    mat4(.13,-.01,-.22,.12,-.10,-.06,-.06,-.18,.08,-.00,.16,-.06,-.23,.02,-.29,.20)*f3_12+
    mat4(-.08,.19,.11,.31,-.12,-.04,-.06,.15,-.30,-.23,-.24,-.03,.12,.00,-.04,-.17)*f3_13+
    mat4(.20,-.29,-.24,.44,-.01,.25,.25,-.21,-.30,-.23,-.02,-.14,-.13,-.15,-.23,.04)*f3_14+
    mat4(.05,.07,-.28,-.10,-.27,-.31,-.40,.09,-.09,.28,.09,-.01,.25,-.04,-.24,.26)*f3_15+
    vec4(1.82,-1.14,.64,-1.36))/2.0+f3_1;
vec4 f4_2=sin(mat4(.20,.12,-.05,-.10,.26,.33,.20,-.10,.11,.07,.00,.29,-.05,-.19,-.16,-.27)*f3_0+
    mat4(-.19,.08,-.11,-.25,-.25,.01,.19,.05,.03,.04,.04,-.02,-.10,-.10,.31,-.22)*f3_1+
    mat4(.16,-.03,-.33,-.28,.08,-.15,-.11,-.29,-.05,-.25,-.21,.10,.00,-.21,-.26,-.01)*f3_2+
    mat4(.18,.12,-.30,-.19,.08,-.30,-.00,-.00,-.11,-.22,.01,.18,-.13,.29,-.16,-.08)*f3_3+
    mat4(.11,.16,.23,.03,.31,.00,.30,-.00,-.07,.23,.08,-.03,-.02,.13,-.17,-.27)*f3_4+
    mat4(-.19,.15,-.04,.14,-.04,.24,.31,-.03,-.11,-.13,-.13,.17,-.33,-.17,-.23,.01)*f3_5+
    mat4(.07,-.27,.06,-.10,.06,-.02,.21,.12,-.12,-.16,.05,-.10,-.32,.29,.12,.14)*f3_6+
    mat4(.15,-.13,-.34,.22,-.32,.09,-.21,.13,-.05,-.26,.10,.10,-.28,.05,-.03,-.10)*f3_7+
    mat4(.10,.02,-.04,.17,.14,-.28,.09,.07,.12,.28,.27,.23,-.17,-.06,.12,-.07)*f3_8+
    mat4(.17,-.14,-.20,.25,.17,-.10,-.18,.20,.15,.15,.20,-.25,.09,.25,-.20,-.26)*f3_9+
    mat4(.05,.10,.12,.11,.07,-.10,.19,.24,-.13,-.25,-.14,-.04,.26,-.22,-.14,-.05)*f3_10+
    mat4(.10,.01,.09,.10,.06,-.11,.32,.14,.30,.04,.07,.14,.04,-.05,-.09,-.09)*f3_11+
    mat4(-.14,.16,.28,.01,.23,.10,-.21,.19,.05,.23,.35,-.11,-.19,.17,-.15,-.32)*f3_12+
    mat4(-.21,.02,-.10,-.16,-.18,.25,.10,-.38,-.02,-.03,.20,-.31,-.08,-.11,-.08,-.18)*f3_13+
    mat4(.03,-.22,-.19,-.28,.11,.01,.34,-.07,-.24,-.25,-.02,.25,-.06,-.26,-.22,-.22)*f3_14+
    mat4(-.10,.28,.18,-.04,.23,-.16,.08,-.25,.07,-.23,-.12,.08,.06,.20,-.01,-.05)*f3_15+
    vec4(-.39,1.27,-1.20,-.87))/2.0+f3_2;
vec4 f4_3=sin(mat4(-.29,-.26,-.02,.10,-.01,-.14,-.05,.19,-.19,.07,.29,.25,.20,.20,.30,-.29)*f3_0+
    mat4(-.13,-.21,.49,-.11,.12,-.30,-.24,-.18,-.24,-.22,-.09,-.05,.24,.20,.16,.24)*f3_1+
    mat4(.28,-.22,.03,.21,-.04,-.19,.25,-.14,.09,.21,-.26,.29,.18,.14,.23,.29)*f3_2+
    mat4(.30,.33,.05,.05,-.10,.04,-.00,-.12,.28,.28,-.16,.07,.12,.24,.05,-.07)*f3_3+
    mat4(-.15,.02,-.13,.17,.28,.00,.16,-.23,-.22,.24,.20,.11,.20,-.30,-.15,-.26)*f3_4+
    mat4(-.01,-.03,.33,-.17,-.28,.10,-.05,.15,-.27,.09,-.01,.01,.11,.13,.20,.07)*f3_5+
    mat4(-.02,-.09,.20,.16,-.04,-.01,-.30,-.04,-.22,.06,.27,-.04,.23,.02,.07,-.06)*f3_6+
    mat4(.06,.31,-.06,.15,.02,.03,-.09,.22,.04,.19,-.18,.14,.06,.26,-.20,-.18)*f3_7+
    mat4(.19,.23,.19,-.27,-.03,.27,.10,.28,-.18,-.08,.29,.13,-.21,-.02,.34,.29)*f3_8+
    mat4(-.09,.03,.03,.22,-.31,.28,.06,.07,.24,-.30,-.09,.21,.00,-.03,-.21,-.22)*f3_9+
    mat4(.22,-.05,.04,.19,.28,-.10,.24,-.24,-.23,-.03,-.13,-.09,.15,-.03,.25,.16)*f3_10+
    mat4(-.10,.15,.01,-.14,.06,-.18,.16,.06,-.02,.29,.03,-.10,.02,.03,.13,-.04)*f3_11+
    mat4(.27,-.07,.26,.26,-.32,.16,-.01,.15,-.17,-.24,.18,-.10,-.04,.30,.27,-.23)*f3_12+
    mat4(.29,.24,.31,.03,-.29,-.06,-.08,-.23,.23,-.11,.16,.16,-.25,.23,.12,-.01)*f3_13+
    mat4(-.02,.26,-.22,.19,-.08,-.03,.38,-.01,.09,-.17,.35,-.18,-.14,-.18,.07,-.22)*f3_14+
    mat4(.30,.09,-.06,-.28,-.21,.28,-.07,.07,.00,-.16,.26,-.11,-.07,-.26,-.06,.15)*f3_15+
    vec4(-.87,-.81,.12,1.34))/2.0+f3_3;
vec4 f4_4=sin(mat4(-.15,-.01,.04,-.11,.19,.25,.17,-.18,-.23,.44,.22,-.22,-.29,-.14,-.09,-.07)*f3_0+
    mat4(-.08,.31,-.09,-.07,.02,-.02,.12,-.20,-.24,.11,-.13,-.00,-.16,.16,.27,.20)*f3_1+
    mat4(.23,.38,-.16,-.00,-.06,-.21,-.26,.25,-.03,-.03,-.18,.22,-.07,.26,.20,-.26)*f3_2+
    mat4(-.07,.11,-.00,-.11,.11,-.06,-.11,-.14,-.20,.25,-.33,-.06,-.01,.05,.19,-.20)*f3_3+
    mat4(.22,-.02,-.08,.13,-.05,.21,-.16,-.24,-.25,-.23,-.06,.11,-.12,.12,-.09,.23)*f3_4+
    mat4(.12,.07,-.14,-.20,-.07,-.12,.25,-.30,-.08,-.09,-.03,-.21,-.18,.26,-.20,-.23)*f3_5+
    mat4(.17,-.24,.13,.23,.08,-.14,-.04,-.11,.03,.04,-.15,-.20,.15,.11,-.30,.16)*f3_6+
    mat4(-.03,-.12,-.06,-.25,-.02,.36,.07,.22,.23,-.11,-.15,-.26,-.09,.57,.31,.22)*f3_7+
    mat4(-.08,-.27,-.24,-.08,.13,-.26,-.12,.11,.16,.42,-.26,-.27,-.04,-.24,-.24,.24)*f3_8+
    mat4(-.30,-.08,-.19,.22,.30,-.33,.03,.33,-.08,.20,.07,-.05,.22,-.24,.36,-.10)*f3_9+
    mat4(.18,-.36,.20,-.17,.22,.28,.16,.07,-.25,-.13,.11,-.16,.21,.21,.04,-.19)*f3_10+
    mat4(.17,.39,.10,.03,.06,-.36,-.16,-.14,.17,-.09,.03,-.25,.02,-.08,-.23,-.24)*f3_11+
    mat4(-.03,-.02,-.06,.00,-.29,.45,-.29,-.10,-.31,-.04,.05,-.11,-.06,.23,.11,-.19)*f3_12+
    mat4(.22,-.30,-.07,-.01,-.08,-.02,.30,-.10,.22,.27,-.31,-.05,-.14,-.04,.17,-.25)*f3_13+
    mat4(.18,-.09,-.09,-.19,-.04,-.10,-.04,-.06,.26,-.21,-.00,.26,.15,.03,-.10,.05)*f3_14+
    mat4(.10,.06,.04,.22,.00,.15,.29,-.06,.28,.22,.04,-.08,-.15,.31,-.21,.26)*f3_15+
    vec4(-1.64,.29,.49,-1.08))/2.0+f3_4;
vec4 f4_5=sin(mat4(.24,.23,.12,.26,-.16,-.06,-.11,-.21,-.20,-.35,-.25,.06,-.01,-.12,.04,-.23)*f3_0+
    mat4(-.25,.24,-.19,-.14,.05,-.11,-.18,-.09,-.14,-.02,-.27,-.02,.17,-.06,-.11,.13)*f3_1+
    mat4(-.04,.06,-.12,-.23,.18,.29,-.09,-.08,.29,.33,.27,.24,-.16,-.03,.01,.18)*f3_2+
    mat4(.27,-.20,.18,-.17,.02,-.18,-.30,-.28,.10,.02,.26,.23,-.12,.20,.14,-.14)*f3_3+
    mat4(-.19,.05,-.24,-.01,-.03,.21,-.19,.10,.17,-.06,-.10,-.01,.12,.10,-.20,-.22)*f3_4+
    mat4(.14,-.27,-.07,.21,.05,.23,-.20,.29,-.16,.12,-.28,.20,-.06,.06,-.09,.02)*f3_5+
    mat4(.07,-.09,.00,.28,.09,.01,-.06,-.43,.25,.23,.02,-.18,-.05,-.20,-.30,.10)*f3_6+
    mat4(-.26,.33,-.05,-.03,.27,-.28,.01,.30,-.27,-.03,-.01,-.07,-.25,-.08,.23,.07)*f3_7+
    mat4(-.13,.21,-.14,-.04,.13,-.16,.22,.27,-.01,.25,.32,.11,-.04,-.00,.27,.21)*f3_8+
    mat4(.02,-.09,-.08,-.02,.01,-.34,-.04,-.30,.36,.10,.30,-.04,-.36,.17,.23,-.19)*f3_9+
    mat4(.09,-.23,.28,-.18,-.29,-.32,.10,-.19,.19,-.01,.02,-.05,.18,.11,.01,-.04)*f3_10+
    mat4(.25,.23,-.15,-.04,.32,.10,-.10,-.09,-.01,-.05,.16,.23,-.26,-.28,.20,.26)*f3_11+
    mat4(-.28,.36,-.13,.26,.09,.01,.11,.06,.05,.01,.18,.41,.27,-.10,-.22,.28)*f3_12+
    mat4(.23,.19,-.20,-.25,.22,.18,-.13,.22,.08,-.12,-.08,-.27,.19,-.23,.28,-.11)*f3_13+
    mat4(.26,-.34,-.22,.19,-.18,.20,-.28,.29,-.09,.27,-.18,.33,-.09,.15,-.15,-.02)*f3_14+
    mat4(.16,-.31,.13,.29,.15,.11,-.01,-.12,.17,-.19,-.28,-.20,-.26,-.34,.01,-.06)*f3_15+
    vec4(.84,1.15,.43,-.62))/2.0+f3_5;
vec4 f4_6=sin(mat4(.09,-.22,.15,.21,.11,-.32,-.29,.13,.09,.09,-.25,.21,.02,-.04,-.19,.23)*f3_0+
    mat4(-.09,-.34,-.14,.09,-.02,-.02,-.17,.03,-.19,-.10,-.38,.03,-.01,.41,-.22,-.19)*f3_1+
    mat4(-.19,-.27,.24,.27,.28,.13,.03,-.13,-.19,.35,.02,.12,-.23,.24,.07,-.06)*f3_2+
    mat4(-.23,-.28,-.08,.29,-.02,-.20,.32,-.14,.18,-.26,.10,.10,.14,-.28,-.33,-.16)*f3_3+
    mat4(.04,.24,-.06,-.19,-.01,.01,-.10,.04,.28,.31,.17,.05,-.08,-.06,.08,.09)*f3_4+
    mat4(-.24,-.30,-.43,-.15,.03,.08,.10,.22,-.05,-.27,.20,-.21,-.06,.11,.17,.25)*f3_5+
    mat4(.16,-.31,.29,.20,-.18,.22,.03,-.17,-.11,.22,.14,.03,-.14,.09,-.14,.14)*f3_6+
    mat4(-.15,-.33,.07,.01,-.20,-.08,.30,.32,-.09,.24,-.09,.22,.21,.17,-.18,.01)*f3_7+
    mat4(-.15,.10,-.27,.24,.04,-.16,.12,-.27,-.10,-.21,.21,.26,.30,-.04,.16,-.27)*f3_8+
    mat4(-.05,-.25,.20,.27,.30,-.20,-.27,-.16,.27,-.00,.11,.04,.25,-.23,-.02,.03)*f3_9+
    mat4(-.08,.22,-.16,.16,-.25,-.11,-.10,-.17,.30,.04,-.05,-.05,-.07,.00,.28,.14)*f3_10+
    mat4(.03,-.18,.35,.26,.18,.06,.29,.09,-.16,.03,-.07,.24,-.27,-.08,-.09,.05)*f3_11+
    mat4(.02,-.25,-.23,.23,-.09,.19,.20,-.18,.10,-.16,.00,.27,.32,-.32,-.24,-.13)*f3_12+
    mat4(-.14,-.00,.20,.19,.12,.05,-.05,-.33,.06,.29,-.00,-.11,-.07,.25,-.09,-.15)*f3_13+
    mat4(-.30,-.19,-.02,.07,.13,.31,-.19,.06,-.14,-.01,.26,-.21,-.25,.33,-.16,-.13)*f3_14+
    mat4(-.08,.33,.21,-.33,-.24,.17,-.02,.21,-.27,.22,.01,.09,.03,.34,.09,.27)*f3_15+
    vec4(.76,.63,1.77,-1.30))/2.0+f3_6;
vec4 f4_7=sin(mat4(-.18,-.21,.47,.04,-.26,-.07,-.23,.29,.14,-.08,-.23,-.01,.05,.05,-.24,.23)*f3_0+
    mat4(.36,.10,.11,-.18,-.21,.20,-.24,-.23,.00,-.05,.08,-.12,-.13,-.25,-.20,.26)*f3_1+
    mat4(-.21,-.04,-.20,-.12,-.11,-.02,-.32,-.04,.13,-.08,-.05,.02,-.22,-.15,-.19,.31)*f3_2+
    mat4(.20,-.17,-.27,-.12,.17,.14,.25,-.14,.10,.12,.24,-.16,-.24,-.19,.13,-.18)*f3_3+
    mat4(.23,-.05,-.37,.06,-.10,.13,.10,-.50,.08,-.18,-.54,-.21,.25,-.05,.21,-.22)*f3_4+
    mat4(-.30,.30,.06,-.15,-.12,.22,-.26,.03,-.29,-.22,-.35,.11,-.25,-.06,-.18,.23)*f3_5+
    mat4(.17,.02,.08,-.19,-.16,.01,.31,.07,-.19,.24,.20,-.09,.09,.05,-.00,-.04)*f3_6+
    mat4(-.36,-.21,-.31,-.12,-.02,-.04,.28,-.16,.01,.03,-.02,.21,.44,-.03,.17,-.17)*f3_7+
    mat4(.31,-.16,.07,.08,-.05,-.24,-.29,.24,.17,.17,.09,-.27,-.09,-.13,-.06,-.07)*f3_8+
    mat4(-.24,-.27,-.03,-.05,.22,-.19,.19,-.12,.28,-.21,-.12,.05,-.05,-.25,-.21,.29)*f3_9+
    mat4(-.03,-.27,-.02,.34,-.23,-.07,-.13,-.18,.22,.13,-.02,.03,.22,.36,.15,.10)*f3_10+
    mat4(-.18,-.19,-.22,.14,-.27,-.19,-.14,-.16,-.02,-.01,-.10,.19,-.09,-.05,-.22,-.10)*f3_11+
    mat4(.10,.25,.23,-.26,-.20,-.11,-.23,-.03,.05,.09,-.28,.19,.14,.31,-.24,.21)*f3_12+
    mat4(-.23,.08,.25,-.20,-.15,.17,.01,.31,-.17,-.07,-.22,-.01,-.29,-.14,.09,-.00)*f3_13+
    mat4(-.20,.06,-.26,-.05,-.21,-.18,.23,.11,.18,-.14,.13,.03,-.20,-.22,-.29,-.04)*f3_14+
    mat4(-.24,.07,.23,-.07,.33,-.28,-.19,-.17,-.03,-.16,.11,.22,-.06,-.05,.21,.12)*f3_15+
    vec4(1.53,-.95,-1.61,-.45))/2.0+f3_7;
vec4 f4_8=sin(mat4(-.10,.02,.09,-.02,-.04,-.15,.21,-.24,-.07,.33,.21,-.27,.22,-.16,.10,.07)*f3_0+
    mat4(.22,.13,.05,.08,-.25,-.00,.26,.04,-.18,.05,-.03,.03,-.06,.16,.29,-.12)*f3_1+
    mat4(-.13,-.04,.20,.06,.33,-.08,-.15,-.12,-.25,-.16,.05,-.04,.25,-.13,-.13,-.12)*f3_2+
    mat4(-.07,-.24,-.04,.42,-.24,-.28,-.01,-.09,-.08,-.03,-.02,-.13,.24,.31,.19,.07)*f3_3+
    mat4(-.09,.29,.05,.29,.11,-.19,-.24,.28,.18,.12,.24,.23,.13,.14,-.25,-.22)*f3_4+
    mat4(-.03,-.19,.30,-.25,.20,-.00,.09,-.14,-.14,.16,.19,.11,-.40,.04,-.22,-.20)*f3_5+
    mat4(-.03,.23,.15,.10,.21,.15,.17,-.19,-.04,.32,.31,-.14,-.03,-.11,-.21,-.05)*f3_6+
    mat4(-.26,-.19,-.15,.27,.26,.19,.30,-.35,.09,.26,-.07,.04,-.04,.12,-.24,-.04)*f3_7+
    mat4(-.23,.23,.20,.22,.23,.12,.18,-.06,-.20,-.18,.05,.18,-.23,-.09,.01,-.19)*f3_8+
    mat4(.16,.11,.07,-.13,-.04,.22,.19,.30,-.25,-.09,-.14,.14,.02,.12,.18,.33)*f3_9+
    mat4(.25,.14,.22,.18,.10,-.25,-.25,.00,.07,-.18,-.15,.22,-.04,-.04,.14,-.25)*f3_10+
    mat4(-.30,.07,.16,-.03,-.24,-.21,.09,.25,.03,-.27,-.07,.09,.02,.27,.00,-.08)*f3_11+
    mat4(-.22,-.22,-.01,-.20,.12,.01,-.27,.28,.09,.18,.27,.31,.03,-.23,.07,-.00)*f3_12+
    mat4(.16,.10,.04,-.06,-.33,-.17,-.12,-.09,.19,-.16,-.04,.21,-.11,-.04,.29,-.18)*f3_13+
    mat4(-.13,-.10,-.13,.07,.12,.13,-.12,.35,.08,-.15,.08,-.27,.30,.11,.00,.17)*f3_14+
    mat4(.17,-.19,-.20,-.26,.24,-.04,-.31,-.30,.20,-.36,-.21,.12,.03,-.18,-.23,.07)*f3_15+
    vec4(-.29,-1.36,-1.85,.21))/2.0+f3_8;
vec4 f4_9=sin(mat4(.01,-.25,.00,-.38,.01,-.18,.26,.24,-.28,-.17,-.19,-.18,.15,-.02,.25,-.08)*f3_0+
    mat4(.22,.25,-.03,-.21,-.16,.07,-.16,-.08,-.03,.14,-.01,.26,-.05,.09,.26,.14)*f3_1+
    mat4(.06,-.20,-.31,-.15,-.22,-.04,.11,-.12,.19,-.02,-.25,.10,.26,.09,.06,.27)*f3_2+
    mat4(-.19,.22,-.04,.16,.03,.29,-.20,.26,.20,.01,.20,-.30,-.05,-.21,-.01,.19)*f3_3+
    mat4(-.18,.20,-.13,-.19,.03,-.32,-.00,-.25,.25,.24,.15,.31,-.01,-.18,.04,.26)*f3_4+
    mat4(-.05,.21,-.18,.07,.20,-.03,.04,-.33,.16,.27,-.17,-.09,-.24,-.22,-.22,-.13)*f3_5+
    mat4(-.31,.04,-.35,.08,-.07,-.25,.08,.16,.17,.04,.30,.26,.04,-.27,.13,-.06)*f3_6+
    mat4(-.02,-.27,.19,.29,-.20,.06,-.30,.15,-.01,-.09,.11,-.14,-.30,.29,.29,-.08)*f3_7+
    mat4(.01,-.19,-.23,-.09,-.30,.09,.07,.20,.18,.16,.00,.25,.10,-.15,.09,.31)*f3_8+
    mat4(.20,-.00,-.11,.10,.35,.20,.01,.03,.05,.14,-.27,-.25,.07,.01,.30,-.06)*f3_9+
    mat4(.22,.03,-.19,-.30,-.16,.04,.21,-.19,.12,-.13,-.13,-.21,-.12,.19,.03,.16)*f3_10+
    mat4(-.07,-.01,-.39,-.09,-.18,.12,.24,-.19,-.18,.17,-.01,.28,.27,-.02,.19,-.07)*f3_11+
    mat4(.06,-.14,.02,-.13,.12,-.16,-.16,-.08,-.20,-.22,-.18,-.20,-.20,.09,-.16,-.10)*f3_12+
    mat4(.00,.03,.34,.13,-.17,.28,-.29,.01,-.05,-.05,-.18,.10,-.00,.06,-.27,.19)*f3_13+
    mat4(-.28,.00,.29,-.01,.18,.09,.04,.02,.25,.20,.15,-.10,-.05,.01,-.04,-.18)*f3_14+
    mat4(.12,-.01,.28,-.08,.19,.07,.15,.02,-.04,.05,.04,.16,-.15,-.13,-.15,-.24)*f3_15+
    vec4(1.02,-.82,-.22,-.68))/2.0+f3_9;
vec4 f4_10=sin(mat4(.01,.04,-.24,.23,.07,.33,-.01,.30,-.03,-.00,-.15,.26,-.28,-.19,.22,-.13)*f3_0+
    mat4(.17,-.28,-.19,.29,.00,.21,.21,.01,.21,.12,-.13,-.09,.17,-.17,.19,-.18)*f3_1+
    mat4(.13,.10,.01,-.31,.21,-.29,-.16,.14,.04,-.27,-.14,-.21,.11,-.19,-.00,.18)*f3_2+
    mat4(.07,.08,-.06,-.19,-.27,-.16,.19,-.35,.27,.06,-.27,.06,-.07,-.09,.22,.31)*f3_3+
    mat4(-.30,-.24,.24,.04,.33,-.22,.24,.03,-.00,-.14,-.18,.15,-.07,.16,.15,.36)*f3_4+
    mat4(-.02,.23,.19,.16,-.21,-.20,-.19,.15,.16,.13,-.12,.18,.22,-.02,-.33,-.20)*f3_5+
    mat4(.11,.21,-.07,.28,-.01,-.21,.22,.22,-.07,.20,-.18,-.04,.06,.16,-.20,-.21)*f3_6+
    mat4(.02,.30,-.24,.22,-.11,.06,.22,-.06,.03,-.20,.30,-.33,-.17,.08,.00,.23)*f3_7+
    mat4(-.11,.15,-.33,.14,-.22,.15,-.19,.19,.15,-.03,-.05,.21,.31,.30,-.30,-.29)*f3_8+
    mat4(.08,.01,.06,.15,-.31,-.15,-.28,-.15,.01,.10,-.05,.17,-.27,-.03,.14,-.28)*f3_9+
    mat4(.06,.05,-.12,.13,.29,-.18,.17,-.23,.27,.11,.15,-.45,.02,-.11,-.29,.18)*f3_10+
    mat4(-.03,-.15,.31,-.03,-.00,-.27,-.03,.14,-.11,.12,.00,-.02,.22,.24,-.04,-.24)*f3_11+
    mat4(.19,-.16,.13,-.25,.22,-.22,-.00,-.03,.06,-.05,.27,.31,-.01,.15,-.34,.14)*f3_12+
    mat4(-.24,-.09,.31,-.14,.26,.09,.02,-.08,-.36,.14,.12,-.23,.35,.11,.12,-.38)*f3_13+
    mat4(-.03,-.21,.06,-.29,-.19,.01,-.29,.20,-.06,-.09,-.25,.16,.07,.25,.29,-.31)*f3_14+
    mat4(-.23,.06,.07,.16,.20,.08,-.14,-.25,-.20,.27,-.13,.07,.12,.30,.04,-.18)*f3_15+
    vec4(.95,.29,-1.79,.61))/2.0+f3_10;
vec4 f4_11=sin(mat4(-.09,.04,-.16,.00,-.19,-.02,-.25,.27,.33,.14,-.09,.07,.12,.01,-.10,-.14)*f3_0+
    mat4(.04,.03,-.13,-.02,.20,.10,-.07,.12,.25,-.09,-.08,.27,-.00,.03,.18,-.11)*f3_1+
    mat4(-.22,-.06,-.01,.13,-.03,-.28,.04,.03,-.19,-.24,.14,.30,-.28,.20,-.24,-.17)*f3_2+
    mat4(.07,-.06,.00,-.04,-.00,.23,-.23,.08,-.09,.23,.04,-.17,.29,-.15,.07,-.09)*f3_3+
    mat4(-.21,.24,.05,-.15,.18,-.21,.02,.05,-.18,-.23,-.30,-.27,-.17,-.06,-.36,-.28)*f3_4+
    mat4(-.19,.19,.03,.31,.04,-.22,.11,-.07,.02,.18,-.03,-.08,-.02,-.25,-.04,-.26)*f3_5+
    mat4(.14,.27,-.29,.16,.37,-.15,.21,-.11,-.01,.07,.05,-.00,-.08,-.26,.14,-.01)*f3_6+
    mat4(.01,-.25,.31,.03,.12,.10,.06,-.22,-.21,.03,-.16,.30,-.14,-.13,.10,.16)*f3_7+
    mat4(-.02,-.23,.33,-.28,-.26,.19,-.11,.07,.21,.16,.24,-.16,-.06,-.02,.01,.15)*f3_8+
    mat4(.13,.25,.33,-.22,-.05,-.01,.48,-.03,-.10,.17,.39,-.02,.13,-.19,-.17,.25)*f3_9+
    mat4(.29,.35,-.15,.17,.17,-.12,.26,.30,.31,.11,.22,.01,-.26,.27,-.08,-.05)*f3_10+
    mat4(.28,.26,.13,-.06,.02,.29,-.08,.05,-.10,-.23,.00,-.17,.13,.22,.21,.11)*f3_11+
    mat4(-.01,-.23,.06,.06,-.06,-.20,.36,.04,.10,.22,.16,.07,-.21,-.26,-.20,-.07)*f3_12+
    mat4(-.07,.04,.28,-.09,-.10,.01,.26,.30,-.22,.00,-.31,-.26,.26,.19,.07,-.01)*f3_13+
    mat4(-.23,.17,.31,.11,-.26,-.29,.05,.09,-.12,.10,.06,.23,-.09,.21,.60,-.19)*f3_14+
    mat4(.30,.05,.29,-.17,-.20,.09,-.18,.27,-.31,-.07,-.08,-.01,-.24,-.20,.21,-.03)*f3_15+
    vec4(-.51,-1.01,1.83,-.36))/2.0+f3_11;
vec4 f4_12=sin(mat4(-.15,.10,-.20,.06,.04,-.26,-.11,.12,-.14,.26,.05,.05,.10,.01,-.08,.12)*f3_0+
    mat4(.26,-.04,.10,-.14,-.03,-.01,-.15,-.15,.13,.22,-.27,-.25,-.08,.19,.09,.09)*f3_1+
    mat4(.13,.02,-.17,.13,.07,.10,.28,.03,.23,.16,.26,.21,.15,-.20,-.08,.13)*f3_2+
    mat4(-.20,.30,-.07,.15,.28,.18,-.29,.20,-.04,.21,-.28,-.06,-.17,.08,.08,.17)*f3_3+
    mat4(.15,.26,.20,-.21,-.04,.19,.23,.06,.12,-.05,-.06,.00,.25,.30,.14,.04)*f3_4+
    mat4(.07,-.10,-.25,-.09,-.11,.00,.19,.23,-.21,-.00,-.14,-.20,.19,.04,.18,-.08)*f3_5+
    mat4(-.27,-.30,.26,.15,.06,.05,-.29,.26,.08,-.17,-.10,.19,-.08,-.00,.08,-.14)*f3_6+
    mat4(-.26,.27,-.01,-.16,.15,-.07,-.14,.15,-.07,-.33,-.26,.02,.25,-.20,.31,-.20)*f3_7+
    mat4(.25,-.01,.10,-.24,.24,.08,.25,-.14,.35,-.03,.14,.26,-.25,.05,.11,-.02)*f3_8+
    mat4(.18,-.24,-.23,.07,.04,.22,-.25,-.13,.18,-.17,-.01,.09,.05,-.15,.07,.32)*f3_9+
    mat4(-.27,.17,.13,-.32,-.18,-.09,.23,.20,-.16,.13,.16,.23,-.27,-.19,-.03,-.30)*f3_10+
    mat4(.05,-.17,-.18,.22,.25,.08,.08,-.05,.23,.08,-.11,-.07,-.06,.05,-.17,.13)*f3_11+
    mat4(.01,-.06,-.26,.24,.06,.14,-.16,.20,.05,-.09,.10,-.25,-.05,-.12,-.04,.04)*f3_12+
    mat4(.14,-.16,-.09,-.30,-.25,.04,.03,.20,.12,.30,-.26,.04,-.13,-.00,-.31,-.29)*f3_13+
    mat4(-.04,.13,-.21,-.01,.16,-.12,.09,.05,.26,-.14,.01,.19,.34,-.18,.25,-.13)*f3_14+
    mat4(-.09,.25,-.20,.24,.14,.14,.07,.22,-.03,.31,-.21,.15,-.24,.30,-.13,-.16)*f3_15+
    vec4(-1.72,-.58,.21,-1.25))/2.0+f3_12;
vec4 f4_13=sin(mat4(.15,-.16,.06,-.09,.02,-.29,-.08,.02,.03,-.22,-.11,-.01,.26,-.14,-.10,.10)*f3_0+
    mat4(-.03,-.18,-.29,.02,-.22,-.13,-.08,-.12,.22,.20,-.07,.08,.03,-.00,.06,-.16)*f3_1+
    mat4(-.21,.14,-.19,-.05,-.22,-.18,-.25,.02,-.20,-.15,.12,.15,.18,.02,.24,.24)*f3_2+
    mat4(-.28,-.38,.11,-.03,-.13,.18,-.09,.07,.13,-.29,-.07,-.23,-.02,.29,-.17,.17)*f3_3+
    mat4(-.31,.22,-.30,.02,-.22,.28,-.25,-.20,-.10,-.01,.00,-.26,-.08,-.25,.02,-.08)*f3_4+
    mat4(-.09,-.13,-.28,-.18,.16,.07,.13,.02,-.20,.11,-.17,.14,-.27,.40,-.08,-.38)*f3_5+
    mat4(-.04,-.33,.21,-.06,.14,-.03,-.23,-.28,.17,-.04,.14,-.24,.10,-.11,.29,-.13)*f3_6+
    mat4(-.28,.26,.22,.08,-.20,-.11,.23,-.11,-.21,.23,-.07,-.12,.19,-.05,.10,.24)*f3_7+
    mat4(.04,.22,.04,.06,.22,.13,-.23,-.10,.23,-.15,-.15,-.05,.07,.38,-.12,-.07)*f3_8+
    mat4(-.06,.34,-.14,.24,.13,.14,.08,.08,.07,.31,-.26,.19,-.14,-.17,.29,.26)*f3_9+
    mat4(-.33,-.20,.16,-.03,.09,-.24,-.14,-.09,.13,.38,-.24,-.16,-.10,.21,.06,-.05)*f3_10+
    mat4(.13,-.26,-.24,.18,-.14,.32,-.02,.07,.08,-.17,-.14,-.28,.24,.24,.05,.00)*f3_11+
    mat4(.25,-.11,-.14,.04,.28,-.20,-.13,.02,.11,.24,-.03,.01,-.33,.17,-.08,.07)*f3_12+
    mat4(.22,-.19,-.29,.25,-.21,.37,.25,.04,.24,-.21,.03,-.03,.26,.12,.18,.28)*f3_13+
    mat4(-.14,-.21,.19,.33,-.20,-.10,.20,.04,-.22,.12,.29,-.07,-.18,-.04,-.02,.02)*f3_14+
    mat4(.20,.04,-.05,-.29,.01,-.09,.01,-.09,.00,-.23,-.27,-.04,.03,.06,-.23,-.05)*f3_15+
    vec4(.09,-.54,1.29,-1.42))/2.0+f3_13;
vec4 f4_14=sin(mat4(-.32,-.11,.04,.11,-.01,-.19,.03,.29,.29,.21,-.30,.21,-.06,.21,-.04,.28)*f3_0+
    mat4(.04,.10,-.23,.23,.25,.29,.18,-.10,.12,-.14,.06,.26,.09,-.23,-.20,.24)*f3_1+
    mat4(.02,.22,.12,.14,.10,.25,.29,.17,-.01,.12,-.27,.27,.27,.21,.02,.18)*f3_2+
    mat4(.24,.08,-.04,-.31,-.04,-.02,.27,.27,-.16,-.24,-.25,-.08,-.05,-.28,.25,.05)*f3_3+
    mat4(-.07,.19,-.18,-.06,-.33,-.20,.02,-.10,.16,.04,.10,.24,.27,-.04,-.17,.14)*f3_4+
    mat4(-.18,.25,.12,.15,.10,.07,.10,-.36,-.33,.10,.21,.22,.18,-.25,-.19,.25)*f3_5+
    mat4(-.16,.25,.13,-.10,.09,-.14,-.32,-.01,-.20,-.24,-.24,.10,.11,.16,-.06,-.16)*f3_6+
    mat4(-.23,.15,.05,.10,-.15,.14,.01,-.20,.05,.20,.02,-.15,-.09,-.07,.26,-.01)*f3_7+
    mat4(.06,.14,.17,.06,-.20,-.15,.31,-.01,.15,.17,.15,.21,.02,-.17,-.05,.15)*f3_8+
    mat4(-.10,-.14,-.05,.07,-.23,-.23,-.22,.18,-.25,-.06,-.01,-.28,-.13,.29,.32,-.15)*f3_9+
    mat4(-.10,-.09,.24,.09,.32,-.27,.10,.11,.11,.12,.14,.40,-.02,-.21,-.32,.11)*f3_10+
    mat4(-.13,.23,-.23,.20,-.22,-.05,-.29,-.14,.02,-.11,.19,.15,-.06,.21,-.14,.29)*f3_11+
    mat4(-.10,.09,.26,.08,.18,.18,.13,.02,-.21,.21,-.11,-.23,-.11,-.22,-.14,-.24)*f3_12+
    mat4(.10,-.01,.22,-.10,.23,.17,.17,-.11,-.29,.06,.03,-.18,.04,-.15,.07,.08)*f3_13+
    mat4(.10,.11,-.32,-.09,-.19,.18,.15,.00,.10,-.25,.05,.06,.05,.15,.14,-.08)*f3_14+
    mat4(.03,-.26,-.01,.05,.12,.06,-.17,.01,.18,.31,.03,.19,-.25,.15,.10,-.10)*f3_15+
    vec4(.70,-1.27,1.18,-.91))/2.0+f3_14;
vec4 f4_15=sin(mat4(-.06,.10,-.03,.04,.23,.15,-.27,-.03,-.13,.27,.14,-.06,.16,-.17,-.25,.05)*f3_0+
    mat4(.22,.03,.25,.14,-.26,.33,-.03,-.07,-.26,.32,.26,-.08,-.25,-.15,.30,.20)*f3_1+
    mat4(.11,.17,.13,.13,.30,-.17,.13,-.11,.28,-.17,-.20,.24,.26,.28,-.31,-.25)*f3_2+
    mat4(.25,-.28,.21,-.03,-.13,-.32,-.30,.02,-.12,-.13,.21,-.08,-.18,-.16,.20,-.04)*f3_3+
    mat4(.25,.31,.05,-.11,.19,.20,-.07,-.19,-.13,.01,.25,-.11,-.02,-.02,-.07,-.14)*f3_4+
    mat4(.10,.07,-.01,-.26,.24,-.02,.05,.11,.19,-.02,-.12,-.05,.20,-.34,-.13,.04)*f3_5+
    mat4(-.17,.24,-.01,.29,.15,-.45,.09,-.34,.19,.28,.02,.19,-.05,.01,-.30,.16)*f3_6+
    mat4(-.24,-.03,.34,.05,-.00,-.01,-.04,-.23,.04,.12,.17,.26,-.25,-.01,.12,.16)*f3_7+
    mat4(.23,.42,.02,.26,-.07,.33,-.19,-.22,-.07,-.10,.11,-.12,-.32,-.43,.25,.00)*f3_8+
    mat4(-.15,-.18,-.17,-.15,.09,.05,.06,.10,-.11,.17,-.14,.02,-.27,-.51,-.13,-.27)*f3_9+
    mat4(.16,.15,-.27,-.31,.25,-.41,.11,.28,.12,-.06,-.19,.11,-.22,.18,-.11,.03)*f3_10+
    mat4(-.09,-.48,-.03,-.21,.12,-.27,-.28,-.02,-.07,.02,-.22,.02,-.15,-.19,-.03,.25)*f3_11+
    mat4(.13,-.14,-.29,.19,.13,.37,-.06,.18,-.06,.57,-.15,-.07,.30,-.23,.55,-.07)*f3_12+
    mat4(.06,-.14,.12,-.29,.16,.36,.12,-.27,.23,-.14,-.11,-.15,.18,.04,.03,-.06)*f3_13+
    mat4(-.12,-.22,-.01,-.22,-.06,.12,-.03,.03,-.14,.05,.33,-.15,.16,-.38,-.12,-.26)*f3_14+
    mat4(.15,-.11,.01,.13,.30,.14,.23,-.11,.01,.22,.04,.26,-.03,-.33,-.16,.04)*f3_15+
    vec4(1.72,-.04,1.79,-.41))/2.0+f3_15;
vec4 f5_0=sin(mat4(.24,-.14,-.27,-.16,-.15,-.06,-.26,-.01,-.07,.08,-.19,.29,-.05,-.26,.27,.04)*f4_0+
    mat4(.29,.16,-.28,.02,-.07,-.08,-.22,.21,-.09,-.21,.22,-.22,-.33,.22,.17,.08)*f4_1+
    mat4(.19,-.29,.14,.26,-.01,-.04,.15,-.22,.23,-.01,-.21,.24,-.17,-.34,-.04,-.08)*f4_2+
    mat4(-.36,-.39,-.19,-.28,.19,-.28,.14,.02,.22,-.20,.02,.02,.18,.35,-.25,-.27)*f4_3+
    mat4(-.27,-.32,-.09,-.16,-.18,-.04,.10,-.27,.07,-.05,.10,.22,.24,.04,.20,-.21)*f4_4+
    mat4(.07,-.20,.07,.29,-.31,.18,.06,-.18,.17,-.08,-.32,.28,.05,-.17,-.18,.02)*f4_5+
    mat4(-.05,.20,.28,-.28,-.22,-.10,.30,-.09,.15,.04,-.03,-.10,.02,-.22,.19,-.36)*f4_6+
    mat4(.30,.21,.05,-.10,-.08,-.06,.27,.12,-.17,.23,.07,.01,-.03,-.08,.17,.12)*f4_7+
    mat4(-.21,.23,.16,.06,.17,.22,.14,-.14,.23,.33,.12,.18,.27,-.25,.12,-.28)*f4_8+
    mat4(-.26,.00,.27,.13,-.17,.14,.18,.17,.16,.22,.12,.15,.08,.21,.12,-.16)*f4_9+
    mat4(-.14,.21,-.11,.17,-.17,-.27,-.25,-.30,.17,.16,-.21,-.16,-.17,.22,.15,-.33)*f4_10+
    mat4(.03,.02,.19,-.26,-.15,-.03,-.18,-.31,.31,.01,-.06,.30,-.25,-.19,-.26,-.23)*f4_11+
    mat4(-.10,-.22,.22,-.22,.22,.01,.08,.01,-.12,-.28,.06,-.08,.08,-.27,.24,-.05)*f4_12+
    mat4(-.07,-.28,.03,.04,-.03,.10,-.20,.17,-.31,-.23,-.16,-.29,.04,-.29,.30,-.20)*f4_13+
    mat4(-.14,.26,-.17,-.08,-.07,.37,.11,.12,-.03,-.05,-.03,.15,.17,-.25,-.21,-.21)*f4_14+
    mat4(.31,.16,-.23,-.10,.02,.21,-.15,.19,-.20,-.05,.04,.10,.25,.28,-.12,.13)*f4_15+
    vec4(-.75,1.80,.79,-1.03))/2.2+f4_0;
vec4 f5_1=sin(mat4(-.03,.25,-.01,-.18,.25,.29,.11,.27,.01,.14,-.24,.19,.05,-.26,.01,.13)*f4_0+
    mat4(.04,.07,-.16,.14,-.29,.10,.19,.11,-.31,-.02,-.00,.24,-.19,.04,.14,-.11)*f4_1+
    mat4(-.00,-.24,.18,.26,-.27,.05,-.26,-.10,.27,-.03,-.14,.01,.14,-.25,-.05,-.12)*f4_2+
    mat4(.24,-.21,-.17,.59,.23,.19,.03,-.15,.01,.19,.29,.22,-.31,-.09,.11,.26)*f4_3+
    mat4(-.15,-.08,.36,.07,.07,-.17,-.02,.32,-.01,.27,.00,.17,-.14,.07,.28,.14)*f4_4+
    mat4(.11,.06,.01,-.04,.01,.02,.11,-.12,.11,.29,-.32,.29,-.20,.31,.15,.02)*f4_5+
    mat4(.24,.26,-.30,-.18,-.10,.03,.13,.16,.25,.14,.27,-.08,-.21,.19,.17,.02)*f4_6+
    mat4(.01,-.16,-.13,.28,.04,.21,.06,.05,-.01,.23,.16,.05,.33,-.31,.30,-.01)*f4_7+
    mat4(.15,.26,.12,-.35,.02,-.19,-.05,-.34,.19,.08,.03,-.25,.39,-.20,-.12,.28)*f4_8+
    mat4(-.14,-.19,.30,.19,.12,.08,-.11,-.06,.24,.23,.11,-.02,-.12,.03,.36,-.30)*f4_9+
    mat4(.29,.05,-.13,.21,.18,.12,.03,-.12,.19,-.04,-.18,.22,-.34,-.07,-.31,.28)*f4_10+
    mat4(.13,-.19,-.12,.07,-.06,.14,-.23,-.14,-.27,-.28,-.22,.17,.32,.07,-.08,.30)*f4_11+
    mat4(-.16,-.25,.31,-.05,-.06,.27,.01,.26,.27,.06,-.17,.25,-.24,.22,.22,.22)*f4_12+
    mat4(-.12,-.02,-.10,.21,.12,.04,-.11,-.06,-.29,-.04,.22,-.26,-.05,-.25,.21,-.13)*f4_13+
    mat4(.06,.01,.13,.32,.19,-.22,.07,.20,-.10,.15,.03,.13,-.02,.18,.04,.16)*f4_14+
    mat4(.19,.23,.26,.08,.28,.01,.02,-.26,.19,-.05,-.33,-.04,-.06,.23,.15,-.03)*f4_15+
    vec4(-.83,-1.22,1.68,-1.10))/2.2+f4_1;
vec4 f5_2=sin(mat4(-.07,.22,-.28,.11,-.40,.29,-.21,-.07,.28,.19,-.27,.01,-.13,.16,-.14,-.21)*f4_0+
    mat4(.25,.22,-.17,-.14,-.10,.08,-.11,-.02,.16,-.01,-.27,-.15,-.03,.12,.19,-.20)*f4_1+
    mat4(-.23,-.20,-.09,-.08,-.33,-.11,-.20,.14,-.20,-.15,-.18,-.01,.28,-.31,.13,-.21)*f4_2+
    mat4(-.16,.24,-.17,-.09,.21,-.06,.17,-.23,-.18,.05,.32,.02,.25,.26,-.19,-.23)*f4_3+
    mat4(-.27,.21,-.13,-.22,.21,-.20,.01,-.05,.10,.22,.05,.22,.04,.10,.22,.10)*f4_4+
    mat4(-.23,-.19,.04,-.20,-.32,-.07,.09,-.03,.18,.22,-.10,-.30,.05,-.31,.02,-.13)*f4_5+
    mat4(-.28,.02,-.18,.17,-.21,.17,-.13,.27,-.18,.05,.23,.25,-.20,-.26,.08,.21)*f4_6+
    mat4(.08,-.23,.16,-.26,-.04,.17,-.25,.25,.33,.28,.12,-.08,.30,-.16,.33,.21)*f4_7+
    mat4(-.16,.21,-.18,-.16,.21,-.14,-.19,-.03,.01,.01,-.04,-.05,-.11,-.15,.21,.07)*f4_8+
    mat4(.15,.20,.13,.23,.22,.29,.34,-.19,.05,.20,-.23,-.13,-.03,-.14,.28,-.24)*f4_9+
    mat4(.16,.01,.01,.30,.21,.11,.12,.24,.27,-.01,-.04,.10,-.03,.01,-.02,.11)*f4_10+
    mat4(-.17,.27,-.00,-.03,-.06,-.29,-.18,-.18,.01,-.08,-.16,.23,.11,.04,.08,.19)*f4_11+
    mat4(.03,-.18,.09,.22,.12,.24,-.07,.04,-.04,.21,.05,-.13,.13,-.13,.23,-.14)*f4_12+
    mat4(.17,-.18,.17,-.05,-.36,.01,-.23,-.16,.14,-.07,-.29,-.26,-.10,-.20,-.05,-.30)*f4_13+
    mat4(-.13,-.12,-.11,.13,-.15,-.25,-.22,.09,.07,.18,.01,.22,-.18,.09,.26,.08)*f4_14+
    mat4(.25,.33,.26,.01,.22,.07,.25,.19,.00,.18,-.13,.13,-.29,.12,-.28,.15)*f4_15+
    vec4(-1.07,-1.59,1.12,.70))/2.2+f4_2;
vec4 f5_3=sin(mat4(-.12,.08,-.12,-.18,-.06,.22,.00,-.20,-.21,-.06,.25,.16,-.05,-.04,.09,-.21)*f4_0+
    mat4(.29,-.13,-.25,.18,-.03,.07,.31,-.30,-.06,-.01,-.13,-.25,-.05,-.24,.02,.09)*f4_1+
    mat4(-.10,.08,-.03,-.02,-.26,.15,.05,.14,.17,.24,.03,-.07,.08,-.06,-.13,-.12)*f4_2+
    mat4(-.17,.18,.28,.25,.07,.18,.29,-.00,.32,.19,-.12,-.09,-.03,-.17,-.21,.18)*f4_3+
    mat4(.09,-.01,-.17,-.24,.19,-.05,.26,-.13,.22,.14,.18,.24,.19,.06,.09,.00)*f4_4+
    mat4(-.11,.27,-.15,-.02,.21,.26,-.14,.13,.07,.28,-.10,.30,.17,.06,-.21,.11)*f4_5+
    mat4(-.22,.17,-.17,.13,-.25,.31,.14,.11,.03,-.23,-.17,-.12,-.27,.02,.06,.26)*f4_6+
    mat4(.03,.30,.16,-.18,-.24,-.28,-.07,.20,-.08,-.14,.15,-.18,-.04,.24,.04,-.14)*f4_7+
    mat4(-.12,-.12,-.15,-.14,-.19,.27,.31,-.13,.22,.06,.07,-.09,-.15,-.33,.12,-.04)*f4_8+
    mat4(.23,-.13,.13,-.30,.04,-.21,-.14,.20,-.15,.17,-.09,.22,.24,.03,-.24,.27)*f4_9+
    mat4(.20,.27,.21,.16,.04,.17,.30,-.14,-.21,-.24,-.26,-.25,-.04,.29,.14,-.20)*f4_10+
    mat4(-.29,.00,.04,-.21,.28,.14,.25,.05,-.20,.12,-.10,-.27,-.10,.13,.26,.03)*f4_11+
    mat4(-.13,.25,-.01,.26,.08,-.11,-.11,-.15,.16,-.23,.42,.31,.20,.07,-.09,.02)*f4_12+
    mat4(-.26,.22,.22,-.13,-.07,.14,.06,.20,.30,.18,.05,.21,-.11,.22,.05,-.27)*f4_13+
    mat4(.28,-.34,-.22,.23,-.12,-.20,-.25,-.16,-.10,-.12,.12,-.17,-.06,.15,.18,.16)*f4_14+
    mat4(-.29,.21,-.10,-.06,-.00,-.05,.03,.02,.06,.02,.07,-.09,-.23,.18,.09,.19)*f4_15+
    vec4(-1.28,-1.14,-.55,-.64))/2.2+f4_3;
vec4 f5_4=sin(mat4(.06,-.11,-.11,.20,-.05,.07,.19,.07,-.06,-.09,.30,.25,.11,-.25,-.24,-.25)*f4_0+
    mat4(.16,.19,-.02,.16,-.13,.17,-.30,.08,.12,.20,.11,.27,.22,.11,.04,-.23)*f4_1+
    mat4(-.10,.19,-.15,-.18,.14,.15,.14,-.08,-.10,-.28,.03,-.26,.25,-.13,.06,-.13)*f4_2+
    mat4(.25,.14,-.04,-.21,-.22,.16,.18,-.19,.09,-.18,.13,.20,-.32,-.21,-.30,.27)*f4_3+
    mat4(.11,.20,.25,-.30,-.05,-.26,-.10,.11,-.20,-.20,.14,.20,-.20,-.14,.14,.10)*f4_4+
    mat4(.26,-.15,.15,-.13,.15,.07,.26,-.30,.14,.17,.16,.04,-.36,.03,.02,.08)*f4_5+
    mat4(-.08,-.24,-.27,-.04,-.20,.15,.13,.04,.15,-.10,.14,.25,.27,-.14,-.09,-.14)*f4_6+
    mat4(-.09,-.21,-.09,-.11,-.02,.10,-.10,-.27,.06,.22,-.10,.23,-.32,-.07,.25,.10)*f4_7+
    mat4(-.11,.30,-.30,.13,-.10,-.11,-.29,-.20,-.25,-.17,-.02,-.34,.05,.12,-.24,.16)*f4_8+
    mat4(.22,-.14,.25,-.01,.14,.02,-.19,.14,.26,-.00,.08,-.21,.15,-.14,-.08,-.26)*f4_9+
    mat4(.22,.16,-.04,-.26,.10,.23,-.25,.18,.16,-.22,-.09,-.11,.31,.07,.22,.13)*f4_10+
    mat4(-.20,-.31,-.12,.06,.13,-.22,-.24,.22,.18,.02,-.24,-.18,.13,-.19,-.24,.28)*f4_11+
    mat4(.03,-.19,.07,.06,-.05,.09,-.13,-.14,-.22,-.26,.29,-.19,-.10,.03,-.25,.27)*f4_12+
    mat4(.01,-.27,-.26,.20,-.25,-.29,.16,.08,.00,.23,-.14,.03,.01,-.23,-.22,.02)*f4_13+
    mat4(-.14,.08,-.27,.05,.27,-.07,.27,-.02,-.18,.23,.11,-.24,-.14,-.22,-.26,.37)*f4_14+
    mat4(.30,.28,-.05,.04,.14,-.31,-.17,.20,-.13,.27,-.32,.08,-.24,.15,.27,.31)*f4_15+
    vec4(-.14,1.66,-1.05,1.22))/2.2+f4_4;
vec4 f5_5=sin(mat4(-.30,-.18,.33,-.14,-.17,-.12,-.03,-.13,-.13,.05,-.00,-.21,-.15,.01,-.14,.15)*f4_0+
    mat4(.01,.01,-.12,-.03,-.16,.20,.24,-.05,-.22,-.24,.21,-.15,-.31,.17,-.23,-.32)*f4_1+
    mat4(.02,.18,.17,-.07,.09,-.04,.23,.18,.03,-.02,-.31,-.23,-.34,-.03,-.11,-.23)*f4_2+
    mat4(-.25,-.04,.04,-.03,.12,.31,.05,-.29,-.33,.18,.23,.19,-.21,-.07,.28,-.04)*f4_3+
    mat4(-.16,.06,-.14,.11,.01,.03,.13,.28,-.09,-.12,-.00,-.19,.09,-.01,.06,-.04)*f4_4+
    mat4(.23,.05,.10,.02,-.12,-.12,-.20,.02,.37,-.01,-.07,-.29,.13,-.03,-.11,-.02)*f4_5+
    mat4(-.04,.17,-.05,-.12,-.12,-.08,-.05,-.05,-.28,.18,-.02,-.12,.03,-.00,.14,.04)*f4_6+
    mat4(.24,-.22,.11,.01,-.24,-.01,-.12,.16,-.22,-.21,.07,.17,-.34,.15,.24,-.25)*f4_7+
    mat4(.22,-.02,.28,-.31,-.12,.25,-.08,-.16,.02,-.32,.13,-.23,.23,.11,-.21,.28)*f4_8+
    mat4(.10,-.00,-.23,.11,.24,-.11,.14,.05,-.27,-.24,-.09,.29,-.16,.29,-.21,-.20)*f4_9+
    mat4(.28,.20,.20,-.35,-.19,.11,-.01,.02,-.18,-.20,-.11,.24,.23,.24,-.13,.14)*f4_10+
    mat4(-.13,-.01,-.25,-.21,-.26,-.19,-.33,.09,-.19,.11,-.16,-.27,.25,.07,-.28,.03)*f4_11+
    mat4(.16,.06,.12,-.17,.33,-.06,-.11,-.30,-.07,.32,-.02,-.15,.13,-.03,.19,-.06)*f4_12+
    mat4(-.33,.01,.00,-.18,.12,.06,.13,.28,-.09,.24,.16,-.26,.22,.24,-.14,-.08)*f4_13+
    mat4(.13,.29,.02,.04,.30,.06,.01,.22,-.12,.11,.17,.03,-.01,-.31,-.21,.26)*f4_14+
    mat4(.02,-.30,.02,.19,.28,-.12,-.30,-.19,.01,.06,-.28,.14,.16,-.08,-.02,-.28)*f4_15+
    vec4(1.61,1.64,-.52,1.88))/2.2+f4_5;
vec4 f5_6=sin(mat4(-.29,.24,-.02,.20,.28,.10,.20,.15,-.29,.24,.27,.23,.22,-.16,.23,-.16)*f4_0+
    mat4(-.11,-.26,-.14,-.04,.25,.14,-.18,-.28,.05,-.10,-.07,-.03,.19,-.28,-.06,.19)*f4_1+
    mat4(-.14,-.25,.15,-.16,-.20,-.15,.32,-.29,.17,.06,.06,-.01,.21,-.25,.17,.19)*f4_2+
    mat4(-.41,.08,.06,.13,-.10,.20,.20,.09,-.15,-.17,-.14,.15,.10,-.28,.21,.12)*f4_3+
    mat4(.20,-.30,.20,.29,-.23,-.16,-.26,-.08,-.11,.31,.02,.06,-.07,.17,-.27,.28)*f4_4+
    mat4(-.29,.22,-.14,.17,-.12,.23,.37,.03,-.25,-.15,-.30,-.12,.14,-.08,-.21,.03)*f4_5+
    mat4(-.12,.21,.01,.27,.15,-.22,.36,-.10,.34,.28,-.09,-.32,.19,.18,-.21,-.06)*f4_6+
    mat4(.43,-.40,.13,.26,.15,-.46,.21,-.04,.31,.29,-.13,-.28,-.32,.20,-.03,.07)*f4_7+
    mat4(-.06,.38,.19,-.06,.33,.20,-.17,.29,.20,.04,-.27,.02,-.13,-.03,.24,.16)*f4_8+
    mat4(.24,-.01,.29,.25,-.35,-.29,.11,-.25,-.06,-.23,.06,-.19,.01,-.09,.08,-.01)*f4_9+
    mat4(-.07,-.29,.02,.07,-.16,.21,-.31,-.00,-.23,-.12,-.15,.09,-.37,-.17,.18,.30)*f4_10+
    mat4(.13,.20,-.29,-.21,.13,.14,-.18,.23,-.00,.01,.10,-.20,-.12,.18,-.03,-.04)*f4_11+
    mat4(-.22,-.02,.01,-.02,.26,.22,.37,.14,-.12,-.00,-.03,.16,.19,-.03,-.20,-.25)*f4_12+
    mat4(.30,.01,-.11,-.32,-.11,.21,-.06,.16,-.28,.00,.27,-.08,.16,.14,.28,.11)*f4_13+
    mat4(.13,-.08,-.04,.27,.06,-.23,.14,-.21,-.42,.33,.08,.27,-.00,-.24,.06,.16)*f4_14+
    mat4(.19,.07,.11,.15,.22,.20,.06,.29,-.39,-.18,-.05,-.27,-.20,-.10,.18,.28)*f4_15+
    vec4(-.79,.31,-1.40,.80))/2.2+f4_6;
vec4 f5_7=sin(mat4(.23,.17,.22,.08,.27,.26,-.05,-.29,-.07,.09,.03,-.36,-.07,-.26,.19,-.11)*f4_0+
    mat4(-.23,.25,-.14,.26,-.08,-.11,.20,.12,.01,.20,.06,.07,-.13,.22,-.20,.28)*f4_1+
    mat4(-.02,-.18,.03,-.25,.03,-.28,-.12,-.33,-.23,.03,.01,.21,.24,.24,-.16,.03)*f4_2+
    mat4(.07,.03,.32,.15,.23,-.26,-.16,.31,.26,-.20,-.02,-.20,-.25,.16,-.11,.18)*f4_3+
    mat4(-.24,.20,-.02,-.20,-.21,.29,-.18,-.28,-.28,.16,.19,.05,.23,.24,-.23,.09)*f4_4+
    mat4(-.07,.20,.35,-.23,-.31,.22,-.48,-.01,-.23,-.01,.26,.22,-.20,-.26,.08,.40)*f4_5+
    mat4(-.13,.25,-.01,-.24,.19,.18,.29,-.04,.23,-.10,-.00,-.13,.05,-.15,-.23,-.12)*f4_6+
    mat4(.19,.11,-.45,-.07,-.21,-.03,-.36,-.10,.21,-.25,-.15,-.16,.14,.28,.19,.06)*f4_7+
    mat4(.18,-.24,.00,.17,-.06,-.18,.20,.31,-.27,-.16,.02,-.03,.01,.19,-.24,.26)*f4_8+
    mat4(.21,.20,-.23,-.03,-.24,.09,.31,-.25,-.28,.09,.26,.06,.31,.05,-.00,-.27)*f4_9+
    mat4(-.17,-.09,.26,-.24,-.02,-.31,.28,-.13,-.12,-.09,-.18,.18,-.16,-.10,.20,-.19)*f4_10+
    mat4(.11,.29,-.23,.24,-.28,-.16,-.09,-.13,.14,.10,-.05,-.24,-.27,-.21,-.16,-.34)*f4_11+
    mat4(-.21,-.16,.15,-.19,.20,-.04,-.15,-.12,-.05,-.02,.11,.21,.23,.10,-.23,-.08)*f4_12+
    mat4(-.28,.07,-.08,.19,-.19,-.04,.01,.10,-.22,.18,-.11,-.24,.03,-.30,-.08,-.06)*f4_13+
    mat4(-.27,-.26,.13,.30,.17,.13,-.35,.04,-.15,-.27,.47,-.31,-.15,-.16,.06,.14)*f4_14+
    mat4(.21,.03,-.18,.09,-.23,-.29,-.05,-.18,-.30,-.05,-.24,.13,.13,.08,.19,-.29)*f4_15+
    vec4(.49,1.43,-1.52,.02))/2.2+f4_7;
vec4 f5_8=sin(mat4(.03,-.28,-.28,-.21,.09,-.00,.24,-.25,.29,.05,.08,-.24,.05,.06,-.14,.06)*f4_0+
    mat4(-.10,-.23,-.32,-.01,.14,-.29,-.30,.25,-.12,.34,-.00,-.02,-.01,-.16,-.10,.11)*f4_1+
    mat4(.33,-.23,.18,.00,-.13,-.21,.14,-.26,-.04,.07,-.17,.09,.17,.17,-.04,-.12)*f4_2+
    mat4(-.17,.08,-.36,.16,.13,-.28,-.18,.19,-.30,.04,-.25,.20,-.23,-.29,-.02,-.09)*f4_3+
    mat4(-.05,.16,-.18,.06,-.03,-.20,.14,.08,.03,.08,-.14,.17,-.11,.16,.21,.29)*f4_4+
    mat4(.16,.25,-.31,-.12,.24,.07,.29,-.06,.31,.17,.02,.04,-.18,.27,-.22,.10)*f4_5+
    mat4(-.25,.21,.01,-.25,-.01,-.28,-.04,.09,.01,.12,.11,-.21,.14,.14,.05,.18)*f4_6+
    mat4(-.13,-.22,.24,.28,.09,-.17,.07,-.03,-.15,.03,-.11,-.10,-.08,.02,-.06,.18)*f4_7+
    mat4(.25,.04,.03,.07,.09,.10,.03,-.12,-.09,.11,-.28,-.21,.06,-.06,-.07,-.25)*f4_8+
    mat4(.19,.30,.32,-.20,.07,.25,.32,.17,-.01,-.09,.06,.03,-.20,.06,.08,.21)*f4_9+
    mat4(-.17,-.28,-.12,.08,.18,-.00,-.33,.08,-.31,-.19,-.07,.11,.28,-.20,.29,-.14)*f4_10+
    mat4(-.04,.25,.04,-.22,-.21,-.15,.01,.03,.08,-.03,-.04,.21,.01,.25,.30,.09)*f4_11+
    mat4(.10,.05,.11,.05,-.33,-.24,-.33,.22,-.06,-.16,-.26,.17,.18,-.19,.19,.24)*f4_12+
    mat4(.25,-.22,.18,.14,-.27,-.10,-.15,.07,.28,-.24,.15,-.00,-.06,.28,.30,.04)*f4_13+
    mat4(-.15,-.02,.22,-.32,-.30,.03,.16,-.17,-.16,.30,.23,.07,.14,.31,.28,.03)*f4_14+
    mat4(-.22,.24,.06,-.30,.08,-.11,.18,-.21,-.19,-.30,.16,-.14,.20,.18,-.08,.15)*f4_15+
    vec4(1.13,1.30,-1.22,-.41))/2.2+f4_8;
vec4 f5_9=sin(mat4(.25,.09,.09,.15,.12,-.24,.17,-.13,.38,-.02,-.20,-.11,.21,-.26,.18,-.03)*f4_0+
    mat4(-.20,-.08,.26,.05,-.12,-.27,-.03,-.25,.16,-.05,.12,-.15,-.02,-.18,.33,-.13)*f4_1+
    mat4(.27,.28,-.10,-.14,-.26,-.03,-.24,-.17,.24,.25,-.17,-.08,.01,.13,.11,.07)*f4_2+
    mat4(.12,.28,-.09,.20,-.16,-.23,.07,.32,-.07,-.13,.18,-.09,.23,-.08,.06,.05)*f4_3+
    mat4(.03,.23,-.16,.23,-.05,.28,-.34,-.11,-.30,.20,-.14,-.20,.03,.01,-.08,-.21)*f4_4+
    mat4(-.07,.02,-.02,-.08,-.12,-.06,.10,-.09,.22,.26,-.06,.05,.03,.33,.20,.24)*f4_5+
    mat4(-.12,-.05,-.29,.20,-.46,-.04,-.38,.38,-.01,.30,-.06,-.27,-.29,-.11,-.09,.20)*f4_6+
    mat4(-.03,.06,.18,.06,.10,-.33,.17,-.29,.41,.27,.13,-.07,-.38,.40,-.16,-.16)*f4_7+
    mat4(-.20,-.04,-.21,.07,.27,.04,.14,-.20,.19,.13,-.29,.04,-.03,.29,-.17,.11)*f4_8+
    mat4(.30,.32,-.03,-.23,-.03,.03,.15,.23,.18,.07,-.29,-.32,-.03,-.00,-.04,.26)*f4_9+
    mat4(-.21,-.08,-.14,.19,.29,-.26,.01,-.29,-.24,-.22,.10,-.21,-.20,-.22,-.19,.07)*f4_10+
    mat4(.43,.16,.17,-.00,-.21,.15,.13,.08,.19,.24,-.31,-.04,-.15,-.17,.01,.07)*f4_11+
    mat4(-.13,.14,-.11,.23,-.29,-.37,-.07,.17,.10,.31,-.07,-.00,.28,.30,-.17,-.28)*f4_12+
    mat4(.28,-.19,.30,-.06,-.34,-.03,-.25,-.24,.00,.20,-.21,-.11,-.03,.19,.01,-.26)*f4_13+
    mat4(-.23,.38,-.26,.13,-.25,-.17,.22,.12,.09,-.10,-.16,.12,.18,-.12,-.07,-.06)*f4_14+
    mat4(.09,-.04,.01,.29,.40,.10,-.14,.11,-.04,-.27,-.16,.08,-.13,-.30,.14,-.03)*f4_15+
    vec4(1.50,-.33,-.78,1.76))/2.2+f4_9;
vec4 f5_10=sin(mat4(-.13,.13,.19,.27,.32,-.08,.16,.24,.16,-.16,.17,.03,.19,-.19,-.17,.18)*f4_0+
    mat4(.23,-.01,-.05,.25,-.12,-.14,-.27,.07,.15,-.18,.31,-.28,.26,-.15,-.21,-.09)*f4_1+
    mat4(.15,-.04,-.24,-.14,-.26,-.03,-.15,-.16,.01,.07,-.32,.06,-.17,-.15,.21,.04)*f4_2+
    mat4(.06,.21,.00,.17,.29,.08,-.18,-.13,.06,.24,-.12,.22,-.11,-.22,.15,-.10)*f4_3+
    mat4(.17,.21,-.10,.11,-.06,.16,.02,.13,-.10,.25,-.08,.30,-.31,-.05,-.24,.24)*f4_4+
    mat4(.27,.24,.26,-.33,-.18,-.16,-.05,.04,.21,-.23,-.14,-.07,-.07,-.01,.18,-.18)*f4_5+
    mat4(.31,.25,.08,-.14,.20,.22,.09,.12,.12,-.30,-.29,-.23,.08,-.33,.05,-.18)*f4_6+
    mat4(-.03,.15,.29,-.23,-.14,.24,.09,.42,-.06,.03,-.19,-.06,.16,.10,.26,.06)*f4_7+
    mat4(-.09,-.02,-.04,-.12,-.11,.31,.27,.16,-.24,.29,.10,.02,.34,-.24,.10,.29)*f4_8+
    mat4(.00,-.27,.12,-.22,-.24,.21,.10,-.15,-.16,.23,-.03,-.18,.02,.27,.15,-.21)*f4_9+
    mat4(-.20,-.00,-.16,-.35,.05,-.26,.07,.19,.26,.32,.10,.03,-.19,.18,.22,.07)*f4_10+
    mat4(.20,-.28,.03,-.29,-.04,-.18,-.03,-.06,-.09,.23,-.01,.24,-.02,-.09,.27,.05)*f4_11+
    mat4(.16,.15,.28,-.04,.01,-.16,.02,.29,-.11,-.12,-.14,.28,.03,-.00,.01,.11)*f4_12+
    mat4(.06,.17,.23,-.02,.28,.08,.03,.17,-.11,.31,.12,-.15,.14,-.19,.26,.11)*f4_13+
    mat4(-.21,-.04,.14,-.05,-.28,-.12,-.27,.31,.07,.15,-.10,-.30,-.15,-.11,-.15,.01)*f4_14+
    mat4(.18,.07,.25,-.19,.04,.19,-.25,.36,-.21,-.00,.02,-.12,-.25,.09,-.01,-.12)*f4_15+
    vec4(-.46,1.44,1.01,-.76))/2.2+f4_10;
vec4 f5_11=sin(mat4(.11,.11,.01,-.23,.15,-.01,-.20,.29,.09,-.23,.17,-.17,-.21,-.19,-.09,-.12)*f4_0+
    mat4(.31,.05,-.28,.24,-.06,-.22,-.15,.18,.02,.04,.25,-.06,.24,.00,.22,-.13)*f4_1+
    mat4(-.02,-.28,-.20,-.23,-.01,.11,-.15,.00,.23,-.33,.29,.14,-.14,.03,-.29,-.08)*f4_2+
    mat4(.16,-.03,-.27,.32,.29,.12,-.21,.31,.13,-.30,.07,.18,.12,.31,.24,.26)*f4_3+
    mat4(-.23,.36,.09,-.01,.09,.10,.21,-.09,.34,.08,.22,.25,-.03,.06,-.10,.03)*f4_4+
    mat4(-.14,.07,-.11,-.21,.34,-.06,-.32,.18,.14,-.21,-.04,-.10,-.10,-.11,.01,.06)*f4_5+
    mat4(.11,-.25,-.28,.29,-.03,-.04,-.23,-.24,.23,-.25,.22,-.10,.24,-.15,-.22,.10)*f4_6+
    mat4(-.14,.31,-.15,-.25,.11,.27,-.27,.18,-.09,.13,-.13,.10,.12,.17,-.14,-.01)*f4_7+
    mat4(.02,.09,.01,-.10,.14,-.05,-.01,.19,-.27,-.12,-.03,.30,.17,.29,.30,-.14)*f4_8+
    mat4(.14,-.04,.17,-.05,.17,.11,.19,.03,.17,-.07,.14,-.23,-.01,.34,-.02,-.29)*f4_9+
    mat4(-.16,.18,.22,.06,-.04,.07,-.27,-.04,.27,.01,.07,-.27,.08,-.16,-.21,-.18)*f4_10+
    mat4(.14,.18,.10,.07,-.19,-.24,-.13,-.14,-.24,-.28,.19,-.07,.22,.11,-.22,.20)*f4_11+
    mat4(-.30,.13,-.03,.18,.22,-.04,-.18,.01,.10,-.12,-.01,-.25,.14,-.00,-.14,.24)*f4_12+
    mat4(.11,-.08,-.14,-.25,-.35,-.17,-.24,-.20,-.04,-.24,-.27,-.04,.03,-.16,.09,-.06)*f4_13+
    mat4(.18,.07,.30,-.16,.18,-.22,.01,-.26,.04,-.07,-.13,.30,.14,.19,.24,.21)*f4_14+
    mat4(.11,-.11,-.09,-.04,.25,-.26,.17,-.18,.09,.03,.16,.23,-.17,.05,.15,.11)*f4_15+
    vec4(-.92,-1.46,-1.23,.21))/2.2+f4_11;
vec4 f5_12=sin(mat4(-.07,.17,-.27,.04,-.27,-.28,-.23,-.31,.06,-.09,-.08,.06,-.04,-.13,.09,.13)*f4_0+
    mat4(-.09,.08,.29,-.03,-.27,-.01,-.08,.30,-.12,-.04,-.22,.25,-.09,-.31,-.28,.05)*f4_1+
    mat4(.05,-.26,.13,-.04,.12,-.01,.29,-.01,.29,.01,-.15,-.20,-.18,.09,-.09,.03)*f4_2+
    mat4(-.10,.01,.03,.11,-.09,-.01,.22,.23,.25,-.21,-.07,.09,.09,-.13,.25,-.12)*f4_3+
    mat4(.19,.15,-.24,.13,.04,.23,.28,-.06,-.15,-.00,-.13,-.25,.28,.30,.09,-.07)*f4_4+
    mat4(-.08,.30,-.13,.17,-.30,-.26,.24,-.12,.16,-.19,-.22,-.02,.09,.01,.17,-.25)*f4_5+
    mat4(.09,-.31,.21,-.03,-.14,-.26,-.07,.23,-.05,-.28,.14,-.25,.21,.19,.12,-.06)*f4_6+
    mat4(.01,.14,-.18,.21,.04,.17,.28,-.18,-.09,.07,.07,-.27,-.16,-.06,-.20,.24)*f4_7+
    mat4(.28,-.15,.21,.05,.06,.28,.02,.13,.18,.05,-.20,-.11,.09,-.27,-.21,-.14)*f4_8+
    mat4(-.32,.15,.06,-.20,.20,.16,-.01,.06,-.22,-.14,.13,.11,-.25,-.05,.17,.28)*f4_9+
    mat4(.13,-.24,-.15,.13,.24,-.25,-.04,-.18,.13,-.03,-.00,-.30,-.20,-.16,.03,-.25)*f4_10+
    mat4(-.14,.30,-.20,-.04,.17,-.18,.09,.04,.30,-.29,.03,.27,.06,.08,-.27,-.28)*f4_11+
    mat4(.32,.06,-.16,-.27,-.18,.07,.07,.12,.05,-.10,-.30,.12,.20,.14,.11,-.24)*f4_12+
    mat4(.28,.02,-.17,-.07,.04,-.17,.18,-.02,.06,.30,.14,.31,.10,-.10,.16,-.11)*f4_13+
    mat4(-.00,.26,-.00,.20,.03,.31,-.10,-.00,.30,-.06,.15,.13,-.26,.02,.02,.13)*f4_14+
    mat4(.24,.26,-.04,.24,.09,.08,-.16,.24,.07,-.29,.01,.16,.18,.25,.22,.10)*f4_15+
    vec4(.45,-.88,-1.72,1.36))/2.2+f4_12;
vec4 f5_13=sin(mat4(.23,-.01,.33,.25,.08,.02,-.05,.27,.07,.23,-.02,-.06,.14,.14,-.15,-.28)*f4_0+
    mat4(-.07,-.09,.14,-.02,-.07,-.07,.04,.11,-.19,.34,.27,-.15,.07,.12,-.09,.31)*f4_1+
    mat4(-.08,.29,.13,.09,.17,-.21,-.17,.02,-.02,-.10,.12,.27,-.00,-.00,-.15,-.17)*f4_2+
    mat4(.25,.16,-.07,.32,-.15,-.19,.22,.29,.01,-.04,-.12,-.21,.12,.08,.29,.24)*f4_3+
    mat4(-.24,-.08,.24,.23,-.10,.27,.23,-.17,-.24,.24,.03,-.07,.17,-.18,-.15,-.05)*f4_4+
    mat4(.12,.17,-.19,.08,.16,.27,-.25,-.21,.35,-.27,.07,.05,-.09,-.12,-.07,.16)*f4_5+
    mat4(-.18,.00,.12,.15,-.30,-.15,-.31,.04,.22,.20,-.12,-.02,.26,-.30,-.17,.09)*f4_6+
    mat4(-.29,.12,-.35,-.07,-.20,-.11,-.07,.25,.09,-.03,.28,-.06,.23,.29,-.22,.29)*f4_7+
    mat4(-.08,.03,-.19,-.09,.05,.08,.17,.13,.27,.31,-.22,-.27,-.11,-.06,-.25,-.18)*f4_8+
    mat4(.04,-.19,-.08,.14,.24,.26,.02,.06,.06,-.13,.23,.27,.06,-.11,.25,.36)*f4_9+
    mat4(-.15,-.07,-.11,-.26,.15,.06,-.24,.16,-.07,-.04,.22,-.08,.22,-.31,-.15,-.06)*f4_10+
    mat4(.14,.12,.10,.13,-.33,.24,.21,-.24,-.25,.08,.05,-.12,-.08,-.13,.13,.34)*f4_11+
    mat4(-.16,.08,.22,-.06,-.12,.26,.26,-.09,-.02,.31,-.23,.02,-.03,.05,-.29,-.05)*f4_12+
    mat4(.25,-.10,-.21,.09,-.08,.03,.03,-.13,.08,-.07,-.12,.14,.19,.17,-.20,.30)*f4_13+
    mat4(-.18,.05,.23,-.23,.13,.14,.23,-.10,-.07,.11,.21,.18,.18,.07,.15,.10)*f4_14+
    mat4(-.25,.20,-.20,.05,.15,.11,.05,.03,.12,-.20,-.26,-.02,-.28,.11,.10,.16)*f4_15+
    vec4(-1.16,-1.41,1.12,-1.42))/2.2+f4_13;
vec4 f5_14=sin(mat4(.05,.28,.30,.28,-.28,.05,.12,.11,.22,-.01,.11,.23,-.24,.07,-.12,.25)*f4_0+
    mat4(-.21,.06,-.11,-.01,.08,-.14,.23,-.23,.30,-.17,.20,-.29,.21,-.17,-.22,.10)*f4_1+
    mat4(.26,.15,.09,-.10,-.08,.15,.02,.22,.16,.16,.02,-.10,.19,-.13,.18,.07)*f4_2+
    mat4(.25,-.07,.08,-.00,-.10,-.28,.27,-.12,.15,-.11,.20,-.26,-.04,.14,-.11,.09)*f4_3+
    mat4(-.27,-.10,.32,-.01,.23,.02,.14,-.27,-.08,.13,.32,-.25,.26,-.00,.06,.08)*f4_4+
    mat4(.24,-.26,.13,.01,.02,.32,-.17,.34,.15,-.06,-.09,-.32,.06,-.19,-.12,.27)*f4_5+
    mat4(-.23,.24,-.24,-.15,.06,.27,.15,.33,.17,.01,-.13,-.06,.12,-.05,.07,.17)*f4_6+
    mat4(.17,.10,.02,-.03,-.42,.12,.21,-.25,-.31,-.11,.13,-.18,.35,-.09,-.18,.27)*f4_7+
    mat4(.06,.03,.07,.11,-.35,.31,-.12,-.12,-.12,-.20,.22,-.21,.34,.19,.13,.04)*f4_8+
    mat4(-.12,.03,.05,.02,.12,-.23,-.25,-.02,-.08,.22,-.02,.14,-.26,-.12,.32,-.20)*f4_9+
    mat4(-.25,.09,-.22,.24,-.25,-.07,-.21,-.08,.08,.03,-.25,.08,-.11,-.16,-.07,.04)*f4_10+
    mat4(.03,.03,-.21,.16,-.17,-.09,.17,.17,-.10,-.09,-.16,.11,-.21,-.27,.20,.20)*f4_11+
    mat4(.09,.10,.26,-.10,-.03,-.20,-.09,-.13,.16,.17,-.01,.26,-.00,-.23,.03,.34)*f4_12+
    mat4(.14,.09,-.17,-.01,-.09,.01,-.13,-.09,-.06,.00,-.13,.20,-.13,-.04,.29,-.14)*f4_13+
    mat4(-.06,-.27,.03,.07,.09,.19,.19,.10,.27,.13,-.26,-.25,-.25,.26,.01,-.28)*f4_14+
    mat4(.05,.24,.08,.06,-.25,-.20,.12,-.01,-.07,-.12,.09,.02,.22,.09,-.09,.18)*f4_15+
    vec4(-.25,1.64,-.74,-1.64))/2.2+f4_14;
vec4 f5_15=sin(mat4(.10,-.03,.10,-.08,-.06,-.00,.22,.26,-.08,.27,-.24,.11,.11,-.11,.20,-.20)*f4_0+
    mat4(.10,.29,.06,.03,-.05,-.23,-.19,-.16,.22,.03,.15,.14,.32,.17,-.14,-.21)*f4_1+
    mat4(-.17,.12,.23,.11,.10,.26,.30,.25,.01,-.33,-.47,.16,-.09,.34,.15,-.11)*f4_2+
    mat4(.22,-.10,-.07,-.08,.05,.04,-.01,.19,.24,.20,-.18,.10,-.05,-.02,-.01,.22)*f4_3+
    mat4(-.02,.19,-.25,.21,-.03,-.15,.14,-.16,-.22,-.16,.07,.12,.04,.23,.25,-.06)*f4_4+
    mat4(-.18,.22,.16,.06,.07,.23,-.22,.16,-.17,-.17,-.18,-.09,-.19,.01,-.11,.16)*f4_5+
    mat4(-.23,-.03,.03,.12,-.12,.17,.37,.08,.06,.16,-.15,-.11,.21,.21,.23,-.20)*f4_6+
    mat4(-.34,.32,-.19,-.19,.19,.16,.04,.13,.31,.33,-.06,-.14,.18,-.12,-.18,-.27)*f4_7+
    mat4(-.10,-.19,-.03,-.02,-.05,.12,-.09,-.30,.27,-.27,-.04,-.24,-.03,-.21,-.06,-.06)*f4_8+
    mat4(.13,.22,.29,-.25,.15,-.11,.09,.06,.32,-.16,-.19,-.01,-.30,.35,-.30,-.23)*f4_9+
    mat4(-.22,.14,-.22,.28,-.26,.17,-.03,.09,.47,-.35,.35,.16,-.24,.07,.11,-.15)*f4_10+
    mat4(.15,-.22,-.08,-.17,.29,.20,.06,-.13,-.08,.30,-.23,-.03,-.16,-.26,-.14,.25)*f4_11+
    mat4(.07,.19,-.05,.03,-.07,-.26,.12,.16,-.10,.32,-.14,-.05,-.08,-.12,-.00,.12)*f4_12+
    mat4(-.19,-.13,-.05,.07,-.36,.25,.07,-.23,.20,.26,-.12,.21,-.15,.10,.07,.18)*f4_13+
    mat4(-.11,.00,-.07,-.05,.04,-.11,-.26,.29,-.31,-.05,-.29,.05,-.07,-.30,-.11,.05)*f4_14+
    mat4(.12,.04,.03,-.25,.11,.27,.18,.31,-.12,.27,.27,-.17,-.13,-.00,.32,.02)*f4_15+
    vec4(1.34,1.05,-.79,1.02))/2.2+f4_15;
return dot(f5_0,vec4(.01,.01,-.02,.02))+
    dot(f5_1,vec4(.01,.01,-.01,.01))+
    dot(f5_2,vec4(.01,.02,-.00,-.02))+
    dot(f5_3,vec4(.02,-.02,.00,-.01))+
    dot(f5_4,vec4(.01,.00,.01,.02))+
    dot(f5_5,vec4(-.02,.00,-.01,.01))+
    dot(f5_6,vec4(.01,.01,-.00,.01))+
    dot(f5_7,vec4(.00,-.02,.01,-.01))+
    dot(f5_8,vec4(.02,-.02,-.01,-.02))+
    dot(f5_9,vec4(.01,.01,.01,-.02))+
    dot(f5_10,vec4(-.01,-.01,-.01,-.00))+
    dot(f5_11,vec4(.01,.02,-.00,.02))+
    dot(f5_12,vec4(.02,.02,.02,-.02))+
    dot(f5_13,vec4(-.02,.00,-.02,-.01))+
    dot(f5_14,vec4(.01,-.02,-.01,.02))+
    dot(f5_15,vec4(-.01,-.01,-.00,-.02))+
    0.112;
