vec4 f0_0=sin(p.y*vec4(3.82,-4.55,1.38,-.23)+p.z*vec4(4.83,2.57,3.65,-4.54)+p.x*vec4(-.18,.68,2.47,.11)+vec4(-5.54,6.04,-2.94,-1.59));
vec4 f0_1=sin(p.y*vec4(2.75,-1.32,4.14,.15)+p.z*vec4(-2.53,.15,2.37,-.27)+p.x*vec4(-2.61,-1.24,-3.69,-2.36)+vec4(3.08,-8.67,2.61,-.82));
vec4 f0_2=sin(p.y*vec4(.70,4.05,.78,3.10)+p.z*vec4(1.09,4.13,.10,4.45)+p.x*vec4(2.57,1.30,3.11,-2.48)+vec4(-6.22,-2.12,-5.25,3.93));
vec4 f0_3=sin(p.y*vec4(.24,-1.20,1.50,-4.86)+p.z*vec4(4.16,-4.25,-4.07,-.16)+p.x*vec4(-3.22,-.21,2.83,2.03)+vec4(-3.86,1.37,-.24,4.21));
vec4 f0_4=sin(p.y*vec4(1.37,-1.03,4.56,-2.39)+p.z*vec4(-.55,.59,3.69,2.73)+p.x*vec4(2.59,.66,-4.37,.95)+vec4(3.67,-4.70,-5.04,-1.45));
vec4 f0_5=sin(p.y*vec4(3.60,-4.81,-1.45,-4.37)+p.z*vec4(1.56,1.98,-3.92,4.23)+p.x*vec4(-3.85,.80,-3.68,2.40)+vec4(-6.78,-6.19,3.07,6.96));
vec4 f0_6=sin(p.y*vec4(2.85,.71,2.75,-2.71)+p.z*vec4(3.94,-3.22,4.89,-3.17)+p.x*vec4(-3.53,-3.16,1.48,-4.14)+vec4(5.57,-.51,1.39,6.95));
vec4 f0_7=sin(p.y*vec4(-1.50,-1.87,-2.41,-3.06)+p.z*vec4(-2.11,-4.11,-4.65,-2.19)+p.x*vec4(1.17,-1.57,1.77,2.28)+vec4(3.77,-4.90,-6.50,8.61));
vec4 f0_8=sin(p.y*vec4(-2.58,3.83,3.35,1.64)+p.z*vec4(-2.97,-2.75,-2.14,-2.81)+p.x*vec4(-.14,-4.27,.94,-2.03)+vec4(1.98,4.40,1.62,1.22));
vec4 f0_9=sin(p.y*vec4(-3.85,-2.40,.63,3.93)+p.z*vec4(-4.51,-2.33,4.11,3.11)+p.x*vec4(-3.98,4.36,-3.28,-2.33)+vec4(1.09,-.72,-2.68,3.84));
vec4 f0_10=sin(p.y*vec4(-1.32,.31,1.83,-1.60)+p.z*vec4(-2.71,4.57,.89,-3.35)+p.x*vec4(-2.15,-4.79,-1.20,-.33)+vec4(8.29,-4.34,7.02,.30));
vec4 f0_11=sin(p.y*vec4(-4.28,2.20,.96,-4.62)+p.z*vec4(.27,-.11,4.67,-2.34)+p.x*vec4(-.47,3.75,-1.93,2.09)+vec4(6.95,-1.92,-7.33,-3.59));
vec4 f0_12=sin(p.y*vec4(.65,4.22,-1.26,4.73)+p.z*vec4(-3.08,-4.58,3.56,4.19)+p.x*vec4(3.86,-.10,4.60,-3.55)+vec4(-4.14,7.92,4.59,.11));
vec4 f0_13=sin(p.y*vec4(-2.07,4.33,1.01,.94)+p.z*vec4(1.98,1.96,2.62,-3.35)+p.x*vec4(4.01,-1.38,-.69,.96)+vec4(-3.34,-6.06,3.06,-5.77));
vec4 f0_14=sin(p.y*vec4(-4.64,-.80,-3.21,-3.91)+p.z*vec4(3.30,-.54,-2.54,2.44)+p.x*vec4(-1.44,-1.08,-.76,.46)+vec4(1.76,5.17,-3.78,-5.67));
vec4 f0_15=sin(p.y*vec4(3.00,-2.01,2.07,-1.19)+p.z*vec4(-.36,-2.46,.38,1.66)+p.x*vec4(.39,-.20,4.67,.17)+vec4(5.57,-.56,-6.49,-1.70));
vec4 f1_0=sin(mat4(.14,.07,-.07,.18,.18,-.39,.01,.17,-.09,.11,.04,-.14,-.25,-.27,-.10,-.02)*f0_0+
    mat4(.33,-.06,-.07,.29,-.11,-.08,.06,.02,-.14,.20,-.32,-.10,.25,.34,-.25,-.09)*f0_1+
    mat4(.08,-.37,-.05,.12,-.01,-.20,-.27,-.06,.14,.18,.09,-.16,-.08,-.02,.23,-.16)*f0_2+
    mat4(-.13,.03,-.03,.05,.29,.15,-.11,-.14,.07,-.23,.22,-.30,.09,.16,-.06,.34)*f0_3+
    mat4(-.20,-.01,-.12,.27,.07,-.15,-.03,.11,.10,.32,-.10,-.11,-.11,-.17,-.30,-.03)*f0_4+
    mat4(.09,-.16,-.04,.20,-.25,.10,.01,-.34,-.28,.14,.25,-.04,.26,-.15,.33,.20)*f0_5+
    mat4(.04,.21,-.05,.25,-.17,.31,-.12,.11,-.09,-.08,.12,-.14,.28,-.23,.15,.08)*f0_6+
    mat4(.15,.33,.29,-.24,-.29,.19,-.06,.22,-.22,-.01,-.06,.26,-.30,.12,.16,-.14)*f0_7+
    mat4(-.18,-.24,.11,-.06,.21,-.02,.21,-.18,.18,.03,.23,-.02,-.01,-.26,-.17,-.25)*f0_8+
    mat4(-.20,-.08,.22,.29,-.16,-.20,.22,-.22,-.10,-.23,-.10,.11,-.05,-.11,-.14,.16)*f0_9+
    mat4(.00,.08,.21,.29,.24,.04,-.31,-.11,-.32,.19,-.06,.29,.21,-.02,.10,-.16)*f0_10+
    mat4(.17,-.37,.14,.05,-.30,.09,.26,.24,-.17,.05,-.03,.25,-.28,-.27,-.10,.00)*f0_11+
    mat4(.11,.07,-.07,-.03,-.08,.24,.06,.13,.20,.20,-.21,.03,-.27,.03,.30,-.06)*f0_12+
    mat4(-.02,.09,-.30,.06,-.07,.27,.02,.19,.08,.14,-.22,-.10,-.14,.03,-.23,.25)*f0_13+
    mat4(.28,.26,.03,-.32,.05,.20,.26,-.02,.02,-.31,-.29,-.32,-.16,-.03,-.25,-.03)*f0_14+
    mat4(.00,.17,-.05,.12,.28,-.21,-.05,-.20,-.33,-.05,-.17,-.18,.06,-.23,-.18,.18)*f0_15+
    vec4(1.44,-1.40,.39,-1.77))/1.0+f0_0;
vec4 f1_1=sin(mat4(-.25,.30,-.14,.06,.09,-.28,-.28,-.18,.05,-.24,-.41,-.14,.07,.29,.17,.00)*f0_0+
    mat4(.28,.07,.11,.24,-.17,-.17,.22,-.04,-.20,.33,.12,-.30,.11,-.11,-.12,.18)*f0_1+
    mat4(-.23,.17,.03,-.15,.09,.20,-.09,-.05,.10,-.16,.06,.21,-.21,-.07,-.19,.19)*f0_2+
    mat4(-.25,.10,.40,.10,-.06,.02,-.22,-.19,-.18,-.07,-.06,-.34,.27,-.26,.15,-.17)*f0_3+
    mat4(.40,.21,-.31,-.20,.32,.08,-.10,.28,-.14,-.00,-.27,.12,.01,-.07,-.14,-.25)*f0_4+
    mat4(-.18,.19,-.17,.10,.05,.09,-.11,-.17,-.29,-.05,.14,-.22,.00,-.18,.15,.06)*f0_5+
    mat4(.22,-.25,.32,.16,.26,.18,-.18,-.18,-.28,.11,-.21,.14,-.33,.19,-.00,.14)*f0_6+
    mat4(.31,.01,-.20,-.01,-.17,.06,.19,.01,.05,.08,.05,.12,-.10,-.08,.02,-.14)*f0_7+
    mat4(-.12,-.10,-.25,.14,-.02,-.13,-.18,-.03,-.01,-.12,-.15,-.14,-.03,-.27,-.31,-.04)*f0_8+
    mat4(-.15,.23,.01,-.02,-.25,-.15,.02,-.14,.22,.16,.15,.16,.20,-.10,-.21,.16)*f0_9+
    mat4(-.13,-.14,.14,.15,.00,.24,.09,-.07,-.10,-.06,.22,.22,-.12,-.03,.10,-.13)*f0_10+
    mat4(.01,.03,.01,-.06,-.14,.08,.14,.04,.02,.15,.25,.04,-.07,-.02,.24,.29)*f0_11+
    mat4(.10,.01,-.22,.11,.15,-.14,.16,-.29,-.03,-.25,.31,-.35,-.03,-.05,.13,.25)*f0_12+
    mat4(.16,-.22,-.16,-.29,-.09,.25,.16,.09,-.21,.30,.11,-.12,.14,-.10,-.26,-.20)*f0_13+
    mat4(.07,.13,.07,-.08,.25,-.30,.15,.27,-.13,.20,-.05,.15,-.20,-.05,.09,.25)*f0_14+
    mat4(.13,.15,.29,-.12,.27,-.01,.03,-.06,-.09,.19,.09,-.14,-.27,.26,-.37,.24)*f0_15+
    vec4(.86,.67,-1.50,-.82))/1.0+f0_1;
vec4 f1_2=sin(mat4(-.23,-.00,-.19,-.31,.19,-.02,.15,.08,-.10,-.03,-.13,-.12,.28,.25,.11,-.24)*f0_0+
    mat4(.13,.15,-.08,.09,-.25,.02,-.09,.04,.09,.04,.15,-.24,.10,-.15,-.26,.30)*f0_1+
    mat4(.04,-.09,-.22,-.11,.29,.22,.17,.22,.05,-.29,.25,.15,.28,.19,-.04,.28)*f0_2+
    mat4(-.23,.06,.23,-.13,-.11,-.30,-.07,.31,.03,.02,.15,-.12,.22,.07,.18,-.01)*f0_3+
    mat4(.05,-.04,.12,.32,.22,-.11,-.31,-.32,-.25,-.10,-.06,-.21,-.24,-.28,-.17,.23)*f0_4+
    mat4(.08,-.14,-.05,.21,-.29,-.01,-.36,-.17,.21,.03,-.04,-.03,.15,.08,-.06,.24)*f0_5+
    mat4(.07,.12,-.07,-.26,-.00,.29,-.04,.07,.24,.03,.06,-.20,-.10,.27,.28,-.21)*f0_6+
    mat4(-.10,-.23,.01,.26,-.11,.06,.33,.00,.18,.31,.01,.15,.19,.13,-.23,.29)*f0_7+
    mat4(-.03,.17,.10,.11,.05,-.20,-.03,-.06,.28,-.07,.27,-.07,.09,-.18,.15,.04)*f0_8+
    mat4(-.12,.18,-.17,-.32,-.17,-.06,-.13,.06,.08,.06,-.04,.13,-.21,.02,.04,-.19)*f0_9+
    mat4(.02,.15,-.12,-.07,-.01,.03,-.23,-.22,.06,-.08,.02,-.07,.07,.33,-.15,.17)*f0_10+
    mat4(.11,-.11,-.05,-.21,-.19,.01,.16,.20,-.20,-.18,-.21,-.13,-.18,.11,-.16,-.23)*f0_11+
    mat4(.13,-.14,-.19,.01,-.09,.03,-.05,-.04,.29,-.12,-.13,-.16,-.29,.12,.21,.12)*f0_12+
    mat4(-.26,.05,.02,-.01,-.12,-.10,-.29,.19,.12,-.10,.18,.20,.21,.12,-.12,-.12)*f0_13+
    mat4(.16,-.20,.12,.05,-.04,-.04,.20,-.04,.07,.06,-.31,.13,.25,.14,.13,-.24)*f0_14+
    mat4(.23,.00,.18,-.08,.20,.02,.25,.20,.21,.02,-.02,-.22,.23,-.28,.20,-.21)*f0_15+
    vec4(1.47,-.08,.08,-1.44))/1.0+f0_2;
vec4 f1_3=sin(mat4(-.23,-.03,-.18,-.25,.12,.09,.19,.18,.05,-.18,-.09,-.01,-.33,.17,-.00,.11)*f0_0+
    mat4(-.04,.06,-.20,.06,.27,.04,.09,.21,-.03,.04,-.21,.01,-.29,-.26,.12,-.18)*f0_1+
    mat4(-.04,.34,-.07,.16,-.02,.09,-.15,.32,.30,.16,.14,-.04,-.13,.26,-.23,-.01)*f0_2+
    mat4(.02,-.19,.23,.04,-.11,-.19,.05,.23,-.29,-.22,-.30,-.02,-.29,-.17,.18,-.12)*f0_3+
    mat4(.12,-.05,-.05,-.28,.05,.01,-.28,.23,-.19,.05,.26,-.22,.23,-.00,.07,-.21)*f0_4+
    mat4(-.22,-.23,-.32,.29,-.28,-.03,.27,.13,-.01,-.10,.02,-.03,-.05,.05,-.14,-.02)*f0_5+
    mat4(-.20,.27,.26,-.17,.19,-.25,-.01,.18,.15,.13,-.27,.09,.14,-.18,-.26,.19)*f0_6+
    mat4(-.20,.10,.24,-.08,-.19,.00,.10,-.28,-.34,.08,-.18,.11,-.09,-.04,-.04,.00)*f0_7+
    mat4(.19,-.05,.20,.08,.02,-.06,.31,.10,.20,.22,-.32,-.01,.09,-.22,-.05,-.28)*f0_8+
    mat4(.00,-.17,-.15,-.29,.19,.21,.03,.20,-.09,.25,.25,.24,.08,-.03,-.11,-.07)*f0_9+
    mat4(.23,-.13,-.10,.08,.26,-.27,.01,-.00,.24,-.05,-.19,.26,-.07,-.01,-.12,.04)*f0_10+
    mat4(-.17,.08,.27,-.11,.29,.21,.20,-.33,-.07,.07,-.05,-.13,.21,.05,-.19,-.17)*f0_11+
    mat4(.01,.02,.29,.10,.15,.05,.12,.15,-.19,-.24,-.24,-.01,-.19,.41,.16,-.17)*f0_12+
    mat4(-.07,.12,-.26,-.07,-.27,.07,.23,.16,.24,-.16,-.22,.05,.18,.01,-.14,.20)*f0_13+
    mat4(-.02,-.31,.10,.28,-.07,-.19,.12,-.23,.08,-.10,.27,.26,-.28,.12,-.10,-.00)*f0_14+
    mat4(.28,-.27,-.14,.08,.17,-.08,.04,-.21,.06,-.19,-.13,-.03,-.14,-.11,-.20,.26)*f0_15+
    vec4(-.30,.52,-1.39,-.60))/1.0+f0_3;
vec4 f1_4=sin(mat4(.28,-.05,.27,.07,.06,.19,.12,.24,.12,.09,.05,-.01,.30,.04,-.21,.13)*f0_0+
    mat4(-.27,.08,.28,-.24,-.09,-.05,-.13,.27,-.27,.24,-.35,-.20,.19,-.16,-.28,-.09)*f0_1+
    mat4(-.08,-.10,.13,.11,.13,-.25,.17,.21,-.22,.09,.04,-.10,-.08,.18,.01,-.07)*f0_2+
    mat4(.17,.06,-.10,-.30,-.25,.13,-.04,-.13,-.32,-.14,-.13,-.22,-.03,.14,-.23,-.07)*f0_3+
    mat4(-.09,-.19,.17,-.09,.14,.34,.05,.17,.05,-.20,-.24,-.08,.04,-.11,-.14,-.20)*f0_4+
    mat4(.10,-.14,-.18,.09,.04,.11,.07,.15,.24,-.05,.02,.27,.11,-.01,.30,-.05)*f0_5+
    mat4(-.09,-.25,-.18,-.14,-.01,.24,.19,-.11,.19,.10,.14,.24,-.21,-.23,-.06,.21)*f0_6+
    mat4(.02,.08,-.30,.32,.27,-.01,-.08,-.04,-.28,-.00,.18,.17,-.17,-.15,.25,.25)*f0_7+
    mat4(.27,-.24,.20,.17,.00,.11,-.14,-.02,-.07,-.17,-.13,-.05,-.15,-.22,.19,.17)*f0_8+
    mat4(-.09,.27,.11,.01,-.04,-.05,.30,.08,.18,-.07,-.21,.15,.12,-.15,.03,-.29)*f0_9+
    mat4(.04,-.24,-.21,-.14,-.09,-.19,-.22,-.19,.02,-.09,-.02,-.05,-.14,.18,.27,-.01)*f0_10+
    mat4(-.02,-.22,-.09,.17,.08,.32,.11,.05,-.13,-.11,.26,-.01,-.18,.22,-.31,.04)*f0_11+
    mat4(-.22,.18,.22,-.22,-.13,-.07,.02,-.19,-.01,.15,-.24,.12,.03,-.14,.17,.12)*f0_12+
    mat4(-.09,-.04,.19,.09,-.08,.20,.11,.04,.20,-.16,-.20,-.26,-.04,.01,.15,.15)*f0_13+
    mat4(.03,-.12,.26,-.23,.32,-.14,-.22,-.12,.22,-.14,-.07,-.18,.17,-.27,.32,.07)*f0_14+
    mat4(.28,-.35,-.07,.21,-.10,.20,.13,.24,.16,-.16,-.21,-.18,-.01,-.31,.16,.10)*f0_15+
    vec4(1.09,1.25,-.75,-.94))/1.0+f0_4;
vec4 f1_5=sin(mat4(.03,-.29,.33,.35,-.10,.24,.04,-.12,.20,-.05,.15,-.25,.06,-.07,-.09,-.12)*f0_0+
    mat4(.24,-.04,-.12,-.27,-.35,.19,.12,-.25,-.26,.26,-.03,-.08,-.09,-.13,.14,-.02)*f0_1+
    mat4(-.29,.17,-.02,-.30,-.16,.07,-.10,-.13,-.26,.32,.19,-.05,-.10,-.19,-.29,-.25)*f0_2+
    mat4(-.26,.03,-.02,.18,-.28,-.09,.17,-.23,.12,-.17,-.19,.14,-.25,.16,-.31,.16)*f0_3+
    mat4(-.10,.11,.05,-.22,-.05,.14,.03,.03,.12,-.03,-.28,.03,.04,-.07,-.12,-.01)*f0_4+
    mat4(.26,.15,-.01,-.07,.12,.13,.04,-.05,-.20,.06,-.27,.07,.21,-.17,-.10,.21)*f0_5+
    mat4(-.31,-.15,-.04,.25,-.22,-.05,-.11,.04,-.20,.12,.14,.18,.22,.30,.32,.13)*f0_6+
    mat4(-.16,.31,-.17,-.20,.17,.20,.27,.10,-.14,.27,.17,-.29,.08,-.22,.22,-.09)*f0_7+
    mat4(-.01,-.12,-.26,-.14,.13,.08,.14,.20,.28,.05,.20,-.24,-.23,.05,-.10,.02)*f0_8+
    mat4(-.28,.12,.04,-.10,.22,.33,-.17,.15,.18,.02,-.12,-.16,.12,.05,.03,.05)*f0_9+
    mat4(.09,-.10,-.16,-.28,.11,-.14,-.21,.18,-.22,-.08,-.22,.19,-.19,.30,-.02,.27)*f0_10+
    mat4(-.24,.03,.02,.20,-.16,.12,.21,.16,.03,.08,-.02,.10,.27,.16,.06,.13)*f0_11+
    mat4(-.12,.09,.08,-.16,.08,-.25,.04,.28,.09,.11,.10,.28,-.04,-.10,-.21,.18)*f0_12+
    mat4(-.28,.34,-.23,-.27,-.01,.07,-.21,.06,.28,-.24,-.22,-.20,.20,-.13,-.26,.02)*f0_13+
    mat4(-.18,.15,-.22,-.22,-.23,.28,.15,.10,-.05,.06,-.21,-.15,-.12,.10,.03,.12)*f0_14+
    mat4(-.29,-.09,.12,.16,.08,-.22,.13,-.09,-.34,-.10,-.20,.09,-.23,-.02,-.21,-.03)*f0_15+
    vec4(1.30,-1.84,.05,-.55))/1.0+f0_5;
vec4 f1_6=sin(mat4(-.28,.36,-.01,-.28,-.03,-.27,-.05,-.28,-.25,-.22,-.30,.10,.00,-.35,.23,.23)*f0_0+
    mat4(.17,-.16,-.02,.20,.08,.13,.17,-.29,-.19,.20,-.01,.11,.12,.02,-.15,.17)*f0_1+
    mat4(-.08,.06,.33,-.06,-.21,-.03,.04,.06,.31,-.18,.00,.00,.12,-.22,-.25,.16)*f0_2+
    mat4(.14,.05,.00,.28,.23,-.04,.15,-.22,-.31,-.24,.03,-.00,-.22,-.03,.13,.10)*f0_3+
    mat4(.05,.17,-.11,-.03,.16,-.26,-.10,.03,.27,-.14,-.28,-.25,-.07,-.17,.18,.28)*f0_4+
    mat4(.21,-.23,.03,-.26,-.01,-.19,.06,.23,-.07,-.24,-.06,-.19,-.09,-.02,.17,.03)*f0_5+
    mat4(-.04,-.25,-.30,-.06,.11,.33,-.24,.21,-.33,-.25,-.29,-.15,-.05,-.17,-.02,-.29)*f0_6+
    mat4(.04,.27,-.27,.16,.17,-.26,-.05,.29,-.06,-.05,-.17,-.16,.19,.38,-.13,-.02)*f0_7+
    mat4(.13,-.11,-.28,.14,.22,-.27,-.21,-.06,.29,.18,.24,.01,.30,.00,-.19,.30)*f0_8+
    mat4(.12,-.00,.20,.04,-.05,-.24,.04,-.08,.00,.18,.04,-.05,.13,-.07,.03,.02)*f0_9+
    mat4(.25,-.25,.04,-.10,.07,-.22,-.14,-.21,-.21,-.11,-.33,-.11,.18,-.04,.02,-.20)*f0_10+
    mat4(.04,.08,-.06,.04,-.20,-.33,-.11,-.10,-.11,-.26,.06,-.07,.31,-.21,.06,-.10)*f0_11+
    mat4(-.12,.25,.15,-.02,.22,-.19,-.22,-.33,.05,-.11,.08,-.18,.14,.01,-.08,-.13)*f0_12+
    mat4(-.04,-.18,.25,-.01,-.06,-.11,-.03,-.21,-.01,.05,.19,.15,-.02,-.21,.12,.11)*f0_13+
    mat4(-.08,.02,-.19,.01,.14,.30,-.05,-.26,-.24,-.18,.32,.20,.11,-.24,-.00,-.25)*f0_14+
    mat4(-.08,.06,.23,-.08,.24,-.20,.24,-.23,.29,-.25,.15,.14,.27,-.09,.09,-.09)*f0_15+
    vec4(-.00,-1.86,-.16,1.57))/1.0+f0_6;
vec4 f1_7=sin(mat4(-.04,-.11,-.23,.28,-.22,-.06,-.02,.01,-.15,-.22,.04,.27,-.07,.07,-.22,.25)*f0_0+
    mat4(-.16,.09,-.07,-.20,-.26,.14,-.08,.10,-.16,-.19,-.23,.26,-.07,.08,.00,.13)*f0_1+
    mat4(-.28,-.01,-.15,.26,.09,-.02,-.25,.04,-.13,-.07,.04,-.08,.25,-.29,-.16,-.13)*f0_2+
    mat4(.28,.07,-.27,-.09,.07,.01,.29,.09,-.02,-.25,.11,-.02,.03,-.22,-.16,.27)*f0_3+
    mat4(-.12,.07,-.31,-.27,.06,.06,.05,.08,.09,-.18,.05,.05,-.22,-.24,-.02,.04)*f0_4+
    mat4(-.17,.04,-.11,.23,.02,.10,.16,.29,-.16,-.18,.18,.00,.06,-.07,-.23,-.06)*f0_5+
    mat4(-.22,-.18,.02,-.11,.03,-.17,-.22,-.17,.06,-.21,.16,.29,.02,.17,-.23,-.05)*f0_6+
    mat4(-.09,-.09,.09,.03,-.26,.13,.06,.31,-.12,.15,.28,-.19,-.13,-.14,-.06,.05)*f0_7+
    mat4(-.28,.02,.23,.04,-.29,-.10,-.17,-.12,.19,-.16,-.15,.06,.25,-.10,.29,-.14)*f0_8+
    mat4(.01,-.30,-.10,.17,.04,-.18,-.17,-.04,-.08,.30,-.02,.12,-.06,.06,.03,-.26)*f0_9+
    mat4(.08,.08,.17,.32,.07,-.15,-.23,-.13,.31,.26,-.28,-.23,-.13,.30,.10,-.03)*f0_10+
    mat4(-.10,-.16,-.18,.09,-.19,-.06,.09,-.10,-.18,.04,-.24,-.07,.21,.17,.28,-.04)*f0_11+
    mat4(-.05,-.36,-.11,-.10,.33,-.21,.08,-.18,.21,-.23,.04,.24,.02,-.15,.08,.14)*f0_12+
    mat4(.29,.03,.09,.05,-.04,-.20,-.19,-.26,-.13,.16,-.20,.07,.07,-.05,-.20,.10)*f0_13+
    mat4(.28,.04,.30,.17,-.32,-.19,.15,.27,-.03,-.23,-.03,.17,.30,.20,.09,-.02)*f0_14+
    mat4(-.12,-.10,-.10,-.30,.15,.24,.05,.12,.43,-.03,.24,-.07,.25,-.00,-.05,-.17)*f0_15+
    vec4(-.92,-1.70,.13,.25))/1.0+f0_7;
vec4 f1_8=sin(mat4(-.18,-.05,.11,-.09,.03,-.29,.02,.21,-.10,.02,.19,-.12,-.27,.24,-.01,-.18)*f0_0+
    mat4(-.26,-.17,-.21,-.28,-.18,.31,-.13,.21,-.05,-.07,.24,.24,.29,-.20,.06,.18)*f0_1+
    mat4(.18,-.25,.06,-.10,.12,-.01,-.09,-.26,.23,.23,.25,-.07,-.09,.17,-.37,.16)*f0_2+
    mat4(.05,.10,-.05,.29,-.01,.21,.12,-.22,-.16,.22,-.24,-.29,.33,-.19,.13,-.00)*f0_3+
    mat4(.15,-.00,.09,-.20,.14,-.15,-.18,.04,-.04,-.19,-.17,.21,-.29,-.16,-.02,-.18)*f0_4+
    mat4(.08,-.24,-.17,.12,.35,.01,-.10,.20,-.43,.31,-.17,-.08,.28,-.08,.27,.16)*f0_5+
    mat4(.13,-.09,.02,.07,.28,-.04,.12,.29,-.29,.20,.31,.21,-.11,.29,.22,-.13)*f0_6+
    mat4(-.12,.01,.27,-.24,-.04,.16,-.21,-.02,-.04,-.22,-.02,-.11,-.01,.11,.28,.04)*f0_7+
    mat4(.08,.26,-.21,.10,.06,.06,-.09,-.20,.08,-.11,.01,.01,-.13,.10,.22,.34)*f0_8+
    mat4(.15,.31,-.03,.11,.02,-.30,.16,.07,.12,.06,-.22,-.17,-.06,.17,.10,.16)*f0_9+
    mat4(-.16,-.08,-.26,-.30,.26,.08,.09,.09,-.24,-.03,-.25,-.25,.14,.19,.03,.23)*f0_10+
    mat4(-.20,.30,-.09,-.28,.19,-.12,.23,-.08,.01,.14,-.00,.01,-.21,-.24,.08,-.15)*f0_11+
    mat4(.28,.15,.01,.21,-.31,-.29,.30,-.27,-.50,-.28,-.21,.11,-.08,-.21,-.26,.26)*f0_12+
    mat4(.01,.06,.17,.25,.19,.25,-.17,.25,.13,.13,-.13,.23,-.00,-.11,.26,.10)*f0_13+
    mat4(-.00,-.20,-.17,-.27,.03,.19,-.07,.31,-.18,.12,-.06,-.06,-.17,.19,.04,-.28)*f0_14+
    mat4(-.11,.03,.06,-.12,-.01,.25,.02,-.07,-.05,-.31,-.17,.15,-.10,.11,.26,.19)*f0_15+
    vec4(.75,-1.61,-1.63,-1.27))/1.0+f0_8;
vec4 f1_9=sin(mat4(-.03,-.00,-.26,.13,.02,.12,-.13,.30,.13,-.04,.31,-.14,.16,.35,.25,.37)*f0_0+
    mat4(-.24,.20,-.18,.24,-.07,-.14,-.05,-.03,-.04,.11,-.22,-.30,.03,.12,.06,.06)*f0_1+
    mat4(-.19,.32,.28,-.07,.17,-.12,.20,.11,-.21,.21,.11,.02,.06,-.24,.06,.13)*f0_2+
    mat4(-.07,.14,-.02,.09,.32,-.27,-.19,.09,-.03,-.28,-.08,-.10,.10,.19,.02,.17)*f0_3+
    mat4(.07,-.37,.07,-.24,-.14,-.25,-.22,.28,-.15,-.24,.24,-.25,.29,-.00,-.09,.12)*f0_4+
    mat4(.11,-.27,-.03,-.15,.09,.22,-.03,-.24,-.10,-.05,-.19,-.10,-.27,.06,.23,-.09)*f0_5+
    mat4(.31,-.20,.19,-.12,-.15,-.07,-.21,.21,-.20,-.27,.04,.24,-.09,.35,-.16,-.05)*f0_6+
    mat4(-.09,.19,-.08,.26,-.21,.12,-.15,.05,.20,-.03,-.19,-.08,-.27,-.22,-.08,-.13)*f0_7+
    mat4(-.04,.36,.01,-.19,.02,-.19,-.06,-.19,-.11,.32,.26,-.16,-.14,.19,.17,-.05)*f0_8+
    mat4(.02,-.04,-.09,-.04,-.02,-.10,.06,.02,-.14,.28,-.28,-.19,.05,.18,-.06,.19)*f0_9+
    mat4(-.20,-.07,-.00,-.28,-.15,.25,.04,-.11,.02,.33,.16,.02,.06,-.05,-.05,-.12)*f0_10+
    mat4(.25,-.11,.21,-.19,-.26,.04,.09,-.04,-.21,-.09,.09,.29,-.10,.10,.09,-.23)*f0_11+
    mat4(-.10,.03,-.17,.06,.17,.08,.04,.01,.34,-.09,-.05,-.24,-.13,-.25,-.00,-.01)*f0_12+
    mat4(.27,-.03,-.10,-.09,-.21,-.19,.08,-.16,.27,.03,.31,.09,-.12,-.11,.29,-.01)*f0_13+
    mat4(.02,-.08,-.11,.11,.32,-.27,-.00,-.30,-.23,.09,.26,-.03,-.22,-.19,.29,-.26)*f0_14+
    mat4(-.31,-.04,-.03,-.19,.23,.15,.06,.13,.02,.03,-.25,.15,-.22,.06,-.21,.09)*f0_15+
    vec4(-1.31,-.19,-1.04,.09))/1.0+f0_9;
vec4 f1_10=sin(mat4(-.08,.02,-.25,-.07,-.03,.23,.12,-.23,-.04,.28,-.20,.29,-.06,-.01,.06,.11)*f0_0+
    mat4(-.05,.22,-.12,-.28,.31,-.07,-.04,.19,.19,.07,-.24,.02,-.01,-.05,-.31,-.01)*f0_1+
    mat4(-.07,.28,.27,.09,-.12,-.03,-.24,-.07,.06,.03,.22,-.25,-.29,.05,.08,.05)*f0_2+
    mat4(-.24,-.26,.21,.13,.07,-.19,.19,-.14,-.19,-.05,-.07,.07,-.04,.21,-.12,-.12)*f0_3+
    mat4(-.17,.07,-.06,-.12,.28,-.06,.04,-.27,.04,.14,-.26,.11,.16,-.06,.23,-.04)*f0_4+
    mat4(-.27,-.07,-.09,.03,-.15,-.14,.17,-.08,.12,-.11,-.05,.06,-.06,-.06,-.11,.08)*f0_5+
    mat4(-.17,.02,-.17,-.23,-.27,-.07,.24,-.13,-.24,.22,-.17,-.20,-.19,.30,.14,.35)*f0_6+
    mat4(-.22,-.18,.25,-.12,-.09,-.04,-.21,-.10,-.08,-.15,.24,-.05,.02,.25,-.14,.23)*f0_7+
    mat4(.06,.06,-.04,.10,.19,.20,.04,-.10,.11,-.19,-.27,.27,.14,.10,.21,.02)*f0_8+
    mat4(-.17,.03,-.09,-.26,.12,.26,-.02,-.15,.24,.09,-.28,.11,-.08,.24,-.07,-.15)*f0_9+
    mat4(-.12,.01,-.18,-.24,.20,.07,-.17,-.25,.09,-.27,-.27,.13,.28,-.05,.16,.18)*f0_10+
    mat4(-.13,.01,-.26,.27,.32,.00,-.07,-.16,.26,.02,-.06,-.15,.16,-.17,.15,.15)*f0_11+
    mat4(.15,-.20,.01,-.01,.07,.20,.18,-.00,.29,.04,-.00,.06,.01,.11,-.20,.13)*f0_12+
    mat4(-.09,.22,-.30,-.07,-.08,.27,-.22,-.23,.08,-.20,-.12,-.01,-.20,-.05,.25,.30)*f0_13+
    mat4(.20,.07,.02,-.02,.16,-.26,-.01,.10,-.05,.22,.19,-.21,-.04,.02,.23,-.27)*f0_14+
    mat4(.27,-.07,.02,.05,.21,-.12,.06,-.01,.04,.11,-.03,.29,-.21,-.16,-.04,-.15)*f0_15+
    vec4(.50,-.07,-.07,.93))/1.0+f0_10;
vec4 f1_11=sin(mat4(-.15,.16,-.02,.13,-.25,.27,.10,.26,.06,.03,.12,.39,.12,-.28,-.20,.01)*f0_0+
    mat4(.03,-.25,.17,.07,-.11,.27,.04,-.25,-.11,.15,.00,-.04,.05,.11,.00,.04)*f0_1+
    mat4(-.11,-.14,.29,.17,.29,.18,-.29,.23,-.01,.09,-.13,-.14,.05,.12,-.18,.18)*f0_2+
    mat4(-.01,.07,-.22,-.03,.24,-.16,-.06,.18,.16,-.25,-.01,-.15,.01,-.20,.31,-.00)*f0_3+
    mat4(-.29,-.05,.17,.15,.02,-.05,.12,-.05,.14,-.08,.33,-.07,-.09,.10,.18,.03)*f0_4+
    mat4(-.17,-.07,-.15,.25,-.06,-.14,.14,.07,.25,-.03,-.27,.03,-.01,-.13,.07,-.01)*f0_5+
    mat4(.16,.09,-.10,.08,.18,.17,.05,.19,-.24,.01,.14,.07,-.00,-.02,.15,.15)*f0_6+
    mat4(-.22,-.15,.06,-.16,-.18,-.11,-.13,-.26,-.10,.09,-.27,.12,.19,-.22,-.22,-.15)*f0_7+
    mat4(.18,.07,.13,-.28,.27,.21,.11,-.16,.22,.10,-.03,.20,-.21,-.21,.28,-.16)*f0_8+
    mat4(.10,.06,.06,.10,.05,-.22,.16,-.31,.31,-.25,.04,.06,-.00,-.25,-.18,.20)*f0_9+
    mat4(-.27,-.09,.03,.26,.25,-.21,.19,.05,-.19,-.30,.12,-.06,.21,.04,.15,-.09)*f0_10+
    mat4(.21,.10,-.05,.02,-.11,-.03,-.05,.26,-.21,-.12,-.03,-.12,.15,.17,-.04,.21)*f0_11+
    mat4(.25,.02,-.39,.01,.15,-.26,-.02,.01,-.33,-.32,-.13,-.08,-.25,.05,.17,.27)*f0_12+
    mat4(.13,-.03,.22,-.21,.04,-.09,-.01,.24,.26,.22,.21,.04,.13,.01,-.25,.01)*f0_13+
    mat4(.18,.06,-.05,-.23,.24,.18,-.01,-.16,.05,.21,-.13,.26,.22,-.14,-.17,.19)*f0_14+
    mat4(.17,.33,-.14,-.02,-.33,.22,-.30,-.33,-.08,-.04,.04,-.32,.27,-.03,-.28,-.25)*f0_15+
    vec4(-1.26,-.63,-.45,-.77))/1.0+f0_11;
vec4 f1_12=sin(mat4(.13,.28,-.08,.07,-.01,-.08,-.23,.16,.19,-.00,.26,-.15,.35,-.25,-.03,.21)*f0_0+
    mat4(.22,-.06,-.10,.01,-.15,.17,.15,-.03,-.18,-.01,-.01,.26,.11,.25,-.22,-.02)*f0_1+
    mat4(.01,.19,-.12,-.08,.14,-.11,.14,.35,.21,-.23,.31,.19,-.19,-.13,-.10,-.09)*f0_2+
    mat4(-.29,-.10,.11,-.27,.21,-.12,.13,.06,-.17,.16,-.11,.30,-.10,.10,.13,-.19)*f0_3+
    mat4(.31,.24,.07,.15,-.26,.05,-.02,-.31,-.17,.01,.09,.21,.17,.22,-.18,.02)*f0_4+
    mat4(-.21,.22,.01,.01,-.03,.11,-.22,-.08,.37,.16,-.22,-.20,.21,.31,.07,.13)*f0_5+
    mat4(.03,-.08,.03,.11,.27,.05,-.27,-.05,-.23,-.10,-.05,-.08,-.21,-.24,.19,.00)*f0_6+
    mat4(.29,.26,.11,-.15,.13,.31,.17,.26,-.11,.08,.03,.09,-.19,-.02,-.03,-.19)*f0_7+
    mat4(.20,.17,.00,.15,-.26,-.00,.17,-.03,.25,-.41,-.29,.04,-.00,-.05,.26,-.00)*f0_8+
    mat4(-.24,.19,-.02,-.07,-.15,-.10,.16,.15,-.04,-.21,-.23,-.20,.17,.24,.13,-.07)*f0_9+
    mat4(-.25,.16,.21,.19,-.24,-.02,-.06,-.29,-.17,.01,-.19,-.28,-.30,-.17,-.17,-.29)*f0_10+
    mat4(-.12,.08,-.25,.16,.20,.07,.29,-.04,-.05,-.08,.30,.11,-.25,.29,.25,.24)*f0_11+
    mat4(.15,.07,.16,.31,.19,.15,-.05,-.29,-.06,.20,-.17,.17,-.21,.01,.20,-.06)*f0_12+
    mat4(.01,-.00,-.28,.14,.02,.01,-.09,.11,.25,.10,-.33,-.29,-.30,-.29,.28,-.12)*f0_13+
    mat4(-.12,.10,.23,.24,.28,.35,.28,.22,-.02,-.32,-.23,-.02,.08,.08,-.15,.00)*f0_14+
    mat4(.08,-.16,.27,.12,-.22,.17,-.17,-.15,-.04,-.21,.06,.20,-.28,.00,.02,-.12)*f0_15+
    vec4(-1.72,-.53,-1.20,-.40))/1.0+f0_12;
vec4 f1_13=sin(mat4(.23,.10,-.08,-.29,.19,.11,-.00,-.19,.25,-.12,-.20,-.21,-.25,-.23,.12,-.26)*f0_0+
    mat4(.07,-.16,-.21,-.25,-.11,-.07,-.06,-.20,.34,-.07,-.12,.20,.22,.27,-.29,.27)*f0_1+
    mat4(.09,-.20,-.28,.00,.09,.18,.24,-.18,.09,-.21,-.15,-.30,-.13,-.06,-.16,.17)*f0_2+
    mat4(.14,-.01,-.27,.09,-.15,.07,.29,-.09,-.14,.17,-.05,-.15,-.18,.18,.14,-.19)*f0_3+
    mat4(-.10,-.23,-.16,.23,-.24,-.06,.10,-.00,.16,-.29,-.11,-.24,.28,-.20,.08,-.14)*f0_4+
    mat4(-.04,.17,-.08,.10,-.36,.02,.11,-.12,-.32,-.29,-.02,.03,-.25,-.22,-.08,.27)*f0_5+
    mat4(-.14,-.22,-.17,.14,-.03,-.23,.08,.17,.08,-.12,.11,.10,.22,-.05,.20,-.18)*f0_6+
    mat4(.19,.09,-.30,.07,-.27,-.04,-.03,.02,.19,.03,.01,.00,.11,.06,.27,.17)*f0_7+
    mat4(.37,.21,.10,-.01,.09,-.03,-.24,-.13,.01,-.19,-.20,-.01,-.17,-.23,-.07,-.04)*f0_8+
    mat4(-.13,.18,-.02,.21,-.02,-.04,-.17,-.04,.01,-.29,.23,.08,-.09,.00,.04,.10)*f0_9+
    mat4(-.11,.28,.20,.28,.31,-.17,.30,-.11,-.11,-.22,-.19,-.05,.11,-.08,.10,-.26)*f0_10+
    mat4(-.25,-.03,.27,.27,.20,.18,.03,-.12,.12,-.24,-.24,.19,.15,.18,-.25,.20)*f0_11+
    mat4(.25,-.09,-.01,-.19,.26,.05,-.17,-.21,.04,-.33,.09,-.16,.32,-.07,.15,-.04)*f0_12+
    mat4(-.41,.18,.08,.11,.20,-.23,.07,.07,-.29,.14,-.09,.07,.12,-.28,-.12,-.11)*f0_13+
    mat4(-.22,.12,-.01,-.26,.18,.03,.07,-.23,.14,-.03,-.14,-.21,.04,-.21,.06,-.09)*f0_14+
    mat4(.05,.17,-.24,-.13,.31,-.12,.09,.09,-.20,-.32,.10,-.33,-.02,-.07,-.26,-.09)*f0_15+
    vec4(-1.56,1.56,1.23,1.52))/1.0+f0_13;
vec4 f1_14=sin(mat4(-.29,-.01,-.08,-.16,.01,-.21,-.23,.09,.20,-.12,-.12,-.16,.22,-.24,-.18,.29)*f0_0+
    mat4(.12,.06,-.23,.26,.07,.23,-.01,-.01,-.01,.10,.15,-.09,.27,-.09,.01,.02)*f0_1+
    mat4(-.27,-.24,-.04,.02,-.23,.08,-.19,-.04,.08,.02,-.14,-.11,-.10,-.13,.29,-.05)*f0_2+
    mat4(-.19,.06,-.26,.16,-.12,-.20,-.24,.18,-.11,-.11,.01,-.23,-.30,.03,.28,-.03)*f0_3+
    mat4(-.18,-.10,.08,.07,.24,-.16,-.06,.14,.05,.05,-.23,.01,-.08,-.21,.20,.18)*f0_4+
    mat4(-.11,.26,-.31,-.14,-.03,.19,-.15,-.28,.01,.02,.16,.19,-.27,.26,-.03,-.03)*f0_5+
    mat4(-.27,.10,.14,.02,-.08,.07,.06,-.13,-.00,-.21,-.12,-.10,-.05,-.08,.14,-.13)*f0_6+
    mat4(.20,-.13,-.24,-.01,.14,.30,.25,-.32,-.03,-.32,-.10,-.28,.12,.23,.04,-.18)*f0_7+
    mat4(.07,-.00,.02,-.04,.26,-.15,-.19,-.16,-.17,.01,.29,.02,.10,.26,-.03,-.13)*f0_8+
    mat4(.07,.07,.03,-.10,.05,-.05,.21,-.22,.18,.12,-.12,.05,.17,-.26,-.21,.17)*f0_9+
    mat4(.09,-.23,.01,-.10,.21,-.13,.23,-.10,-.19,.18,.08,-.24,.03,-.22,.13,-.22)*f0_10+
    mat4(.02,.35,-.07,-.13,-.05,.09,-.12,.28,.10,.15,.18,-.25,-.18,.23,.11,.12)*f0_11+
    mat4(-.19,.27,.25,-.24,-.06,.32,.20,-.01,-.10,-.29,.27,.07,.19,.04,.07,.26)*f0_12+
    mat4(.18,-.07,.15,-.14,.19,-.20,-.10,-.16,-.10,-.19,.10,-.06,-.26,-.17,.30,.15)*f0_13+
    mat4(.28,.15,-.03,-.29,-.04,-.25,-.26,.12,-.18,.28,-.25,.11,-.27,-.12,.11,.08)*f0_14+
    mat4(.09,.25,-.13,.02,.33,-.16,-.11,-.03,.25,.26,.13,-.14,.11,-.15,.24,-.20)*f0_15+
    vec4(1.56,-1.83,-.74,1.26))/1.0+f0_14;
vec4 f1_15=sin(mat4(-.22,.20,-.06,-.23,-.03,-.20,.30,-.28,.03,-.20,-.06,-.03,.28,.11,-.34,.18)*f0_0+
    mat4(.06,-.20,-.09,.17,-.05,-.01,-.28,-.13,.05,.08,-.13,.19,-.25,-.02,-.13,.14)*f0_1+
    mat4(.09,.31,-.29,-.12,-.10,-.20,-.10,-.11,-.02,-.22,-.15,-.02,.31,.23,.04,.10)*f0_2+
    mat4(.14,-.07,-.05,-.30,-.23,-.23,.10,.08,.06,.09,-.22,.19,.14,.20,-.15,.09)*f0_3+
    mat4(.18,-.07,.16,.07,-.27,-.24,-.11,-.04,.24,.08,.25,.11,-.11,-.22,-.11,-.26)*f0_4+
    mat4(-.15,-.19,-.20,.11,.15,-.27,.25,-.19,.06,-.09,-.25,.06,.08,-.05,.25,-.04)*f0_5+
    mat4(.26,-.21,-.11,-.04,.34,.08,-.23,.10,.05,.07,-.14,-.25,.14,.01,.02,-.28)*f0_6+
    mat4(-.28,.05,.01,-.02,-.02,.21,.26,-.09,-.10,.22,.22,.02,.20,-.05,.20,-.23)*f0_7+
    mat4(-.01,.15,-.17,-.00,-.12,.28,.09,-.03,-.06,-.18,-.04,.14,-.16,.11,.14,.28)*f0_8+
    mat4(-.28,-.23,-.10,-.14,-.30,.12,.21,.01,.07,-.24,-.27,-.01,.17,.22,.12,-.30)*f0_9+
    mat4(.14,.22,-.06,-.01,-.19,-.08,.18,.17,-.05,.22,.03,.22,.03,.19,.18,-.08)*f0_10+
    mat4(.05,-.23,.22,-.26,.10,.30,.18,-.14,-.07,-.12,.15,.27,-.22,.19,.06,-.27)*f0_11+
    mat4(-.19,-.02,.09,-.26,.27,-.10,-.14,.21,.32,.03,-.15,.17,-.12,.23,-.25,.00)*f0_12+
    mat4(.29,-.20,.21,.10,-.21,-.02,-.22,-.18,-.19,-.21,.11,.10,.16,.21,.05,-.08)*f0_13+
    mat4(.20,-.26,.21,-.34,.04,-.14,-.23,-.27,.01,.01,.21,-.28,.20,.11,-.10,.00)*f0_14+
    mat4(.16,-.07,-.01,-.05,-.11,.01,-.05,.12,.15,-.33,-.22,.30,-.20,-.15,-.27,-.27)*f0_15+
    vec4(-.39,-.69,.57,-.15))/1.0+f0_15;
vec4 f2_0=sin(mat4(.04,-.01,.31,.14,.21,-.12,.18,-.08,.24,-.02,-.18,-.16,-.09,.07,-.37,-.12)*f1_0+
    mat4(-.16,.21,-.28,.23,-.29,-.06,-.35,-.26,-.07,.06,-.24,.13,-.10,.00,-.16,.05)*f1_1+
    mat4(.10,-.03,.26,.29,-.12,-.16,.20,-.08,.20,.01,-.25,.21,-.09,.23,-.12,-.31)*f1_2+
    mat4(-.02,-.33,.23,.13,.20,.03,-.08,.11,-.09,-.30,-.15,.08,-.00,-.10,-.46,.27)*f1_3+
    mat4(-.16,.07,.34,-.01,.27,-.30,-.18,-.17,.26,-.11,.23,.24,.20,.24,-.26,.29)*f1_4+
    mat4(-.11,.19,.05,-.25,.01,.02,-.17,.09,.03,-.08,.13,-.17,-.12,.12,-.07,-.12)*f1_5+
    mat4(.09,-.01,-.28,-.25,.21,.21,.02,.15,.17,-.04,.08,-.03,.26,.32,-.26,.05)*f1_6+
    mat4(.15,-.07,-.20,.30,-.15,.06,-.19,-.05,-.11,-.11,-.21,-.20,-.01,-.05,.05,-.25)*f1_7+
    mat4(-.08,.27,-.00,.11,.07,-.15,-.06,-.11,.25,.29,-.08,.22,-.30,.31,.08,-.29)*f1_8+
    mat4(-.21,-.32,-.36,.18,.15,.04,-.15,-.28,.30,-.18,.10,.19,.02,.09,.16,-.04)*f1_9+
    mat4(.18,-.14,.12,-.03,-.09,.10,.04,.23,-.30,.30,.11,-.19,-.02,.07,-.17,-.27)*f1_10+
    mat4(.29,-.12,-.26,.15,-.05,-.24,.08,-.06,.04,.15,-.32,.09,-.20,.11,-.24,-.01)*f1_11+
    mat4(-.14,-.02,.01,.22,-.25,-.10,-.16,-.25,.08,-.04,-.18,.06,.22,.05,-.03,-.12)*f1_12+
    mat4(-.22,-.30,-.07,-.30,.13,.03,-.20,.28,-.21,-.23,.04,.01,-.27,.28,-.26,.01)*f1_13+
    mat4(.04,-.08,-.11,-.24,-.13,-.06,.20,-.21,.25,.03,-.34,-.22,.28,.06,.04,-.16)*f1_14+
    mat4(-.17,.05,.27,-.30,.06,-.24,-.31,-.10,.22,-.36,.21,-.21,-.15,.27,.28,-.19)*f1_15+
    vec4(-1.86,-.63,-.55,-1.72))/1.4+f1_0;
vec4 f2_1=sin(mat4(.27,-.07,-.28,-.15,-.29,.28,.21,.08,-.17,-.00,-.27,-.06,-.07,-.26,.16,.25)*f1_0+
    mat4(.17,.28,.21,.10,-.31,-.22,-.18,-.32,.16,.06,.09,.14,.17,.27,.17,-.16)*f1_1+
    mat4(.14,-.01,.10,-.21,-.11,-.24,-.24,-.19,-.10,.19,.27,-.28,.23,-.18,.20,.30)*f1_2+
    mat4(-.16,.11,-.07,.31,.23,.23,-.25,.21,-.11,.03,-.17,-.22,-.13,-.13,.13,-.05)*f1_3+
    mat4(.16,.22,.04,.33,.09,-.29,-.22,.18,-.23,.12,-.20,-.25,.10,.16,.16,-.14)*f1_4+
    mat4(.09,-.21,.08,.02,-.00,-.24,-.24,-.16,.15,-.29,.17,.23,.06,-.10,-.30,-.05)*f1_5+
    mat4(-.21,.11,-.19,-.21,-.08,.16,.05,.26,-.17,.04,-.11,-.23,-.20,-.14,-.05,.22)*f1_6+
    mat4(-.11,-.15,.18,.29,-.24,.30,.30,-.14,-.08,-.23,-.05,.01,.20,-.30,-.04,.25)*f1_7+
    mat4(.16,.06,.08,-.17,-.09,.27,-.08,-.27,.08,-.21,.01,-.26,-.12,-.26,-.14,-.07)*f1_8+
    mat4(-.20,-.13,-.10,-.23,.28,.13,.04,.17,.18,.20,-.29,.15,-.27,.05,-.21,.26)*f1_9+
    mat4(-.27,.28,-.11,-.20,-.10,.00,.11,-.16,.18,.24,.09,-.28,.23,-.12,.29,.06)*f1_10+
    mat4(-.03,.21,.02,.17,.28,-.11,.11,-.26,-.28,-.27,-.14,.02,-.14,-.13,.01,.04)*f1_11+
    mat4(-.12,.16,.29,.33,.21,-.03,.05,.28,.14,-.12,.17,-.25,-.27,-.05,.16,-.02)*f1_12+
    mat4(.23,-.09,.00,-.05,-.03,.22,-.09,.27,-.22,.17,-.24,-.23,.08,-.07,-.30,.28)*f1_13+
    mat4(.12,.23,.27,.04,-.12,.26,.13,-.00,-.11,-.08,-.30,.05,.08,-.13,.25,.24)*f1_14+
    mat4(-.13,-.23,.22,.16,.23,-.06,-.28,.02,-.11,.23,-.24,-.04,.17,.30,-.18,.06)*f1_15+
    vec4(-.94,.02,.24,-.19))/1.4+f1_1;
vec4 f2_2=sin(mat4(.21,.11,.31,-.00,.06,-.17,.15,.08,.23,-.27,.19,-.02,.21,.33,.05,-.30)*f1_0+
    mat4(.21,.09,.31,.21,-.22,-.29,-.25,-.22,.15,.18,.06,-.23,.25,.10,-.25,.27)*f1_1+
    mat4(-.20,.07,-.31,-.15,-.13,-.02,-.14,.18,.14,-.22,.15,-.15,-.24,.16,.04,-.09)*f1_2+
    mat4(-.26,.25,-.07,-.21,.12,-.25,.15,.34,-.11,-.27,.11,.15,-.08,-.11,-.18,-.12)*f1_3+
    mat4(.34,.03,-.18,.22,.10,-.24,.01,-.17,-.19,-.03,-.24,.24,.11,-.32,.13,.09)*f1_4+
    mat4(-.12,.08,.05,-.13,.10,.21,.08,-.21,-.07,.29,.08,.00,-.12,.25,-.08,-.13)*f1_5+
    mat4(-.21,-.27,-.03,.08,-.23,.23,-.11,.31,-.07,-.36,-.05,-.24,-.06,.16,-.27,.32)*f1_6+
    mat4(-.12,-.12,.14,.21,.02,-.21,.03,.21,-.22,-.22,-.22,-.10,.03,-.06,.08,-.06)*f1_7+
    mat4(-.19,-.06,-.06,-.16,.23,.00,.06,.16,-.15,-.17,.03,.10,.27,.23,-.10,-.05)*f1_8+
    mat4(-.07,.08,.23,.23,-.10,.13,.16,.07,-.07,-.29,.26,-.16,-.06,-.12,-.03,.18)*f1_9+
    mat4(.14,.17,.00,.18,.09,-.08,.13,.04,-.25,.25,.29,-.06,.31,.27,.20,-.02)*f1_10+
    mat4(.21,-.22,-.15,-.17,.01,-.04,-.08,-.12,-.10,-.16,.12,.25,-.11,-.11,.27,.08)*f1_11+
    mat4(-.33,-.17,-.16,-.18,-.08,.15,-.21,-.03,.21,-.05,-.25,-.28,-.22,.07,-.32,.14)*f1_12+
    mat4(.15,-.11,-.07,-.24,-.13,.26,.06,-.21,-.10,.24,.09,.21,-.03,-.03,.01,-.23)*f1_13+
    mat4(-.12,-.18,-.16,.31,.15,.26,-.24,-.22,.16,-.28,.11,-.17,.32,.18,-.26,.04)*f1_14+
    mat4(.15,-.22,-.28,-.17,-.10,.18,-.26,-.13,.05,.07,.29,-.26,-.29,-.20,.20,.07)*f1_15+
    vec4(.79,-1.65,1.08,.15))/1.4+f1_2;
vec4 f2_3=sin(mat4(-.31,-.16,-.23,.20,.31,-.31,-.06,-.25,-.25,-.23,.03,-.09,.12,.15,.14,-.12)*f1_0+
    mat4(-.02,.07,-.28,.29,.31,.15,.01,-.10,-.14,.16,-.16,-.08,-.27,-.13,-.09,.06)*f1_1+
    mat4(.08,.30,.04,.28,-.17,.25,-.19,-.22,.10,-.32,.28,.35,.21,.30,.05,-.02)*f1_2+
    mat4(.33,-.24,-.04,-.19,-.25,.02,-.03,-.19,-.16,.12,-.10,-.03,.27,-.22,.24,.05)*f1_3+
    mat4(.18,.21,.05,-.30,-.16,.09,.18,-.20,.22,.02,-.25,-.29,.03,.17,.28,.22)*f1_4+
    mat4(.13,.04,-.02,.12,.07,-.27,.26,.11,-.18,.17,-.10,-.23,-.17,.30,.13,.05)*f1_5+
    mat4(-.16,-.20,.02,-.01,.13,-.00,-.24,.06,.18,.22,-.22,.06,.06,.26,-.08,.23)*f1_6+
    mat4(.25,-.16,.08,.04,.08,-.30,-.05,-.19,.19,-.16,-.21,.18,-.21,-.23,.36,.16)*f1_7+
    mat4(.19,-.15,-.28,-.27,-.04,.18,-.16,.31,-.10,-.21,-.11,-.04,.22,.24,-.02,-.26)*f1_8+
    mat4(.21,-.05,.10,-.14,.10,-.17,-.00,.27,.25,.18,-.16,.25,.20,-.14,.12,-.28)*f1_9+
    mat4(.24,.16,-.34,.27,.12,.19,-.07,.33,-.05,.08,-.22,.28,-.19,-.00,.09,.16)*f1_10+
    mat4(-.17,.04,.36,.26,-.13,.05,-.00,.19,.19,-.05,-.13,.28,.21,.25,.09,.24)*f1_11+
    mat4(-.27,.16,-.26,-.08,.06,-.12,.14,.20,-.12,-.11,-.13,.00,-.28,-.27,.42,-.25)*f1_12+
    mat4(-.40,-.21,-.07,.00,.27,-.10,.28,-.06,-.21,.31,.21,.25,-.33,-.22,.07,-.31)*f1_13+
    mat4(-.11,-.29,.12,.20,-.22,.21,.25,.28,-.14,-.21,.15,.04,.14,-.02,.19,.22)*f1_14+
    mat4(-.10,-.21,-.19,.06,.07,.22,-.26,.22,-.14,.16,-.03,.16,-.11,-.19,.11,-.12)*f1_15+
    vec4(.07,1.80,1.59,-.25))/1.4+f1_3;
vec4 f2_4=sin(mat4(-.07,.15,-.11,-.12,-.07,.20,-.32,-.19,-.05,-.06,-.14,-.18,.27,.01,-.29,.36)*f1_0+
    mat4(.16,.14,-.17,.30,.07,-.15,.21,.15,.19,-.25,-.18,.19,-.17,.06,-.29,.27)*f1_1+
    mat4(-.23,-.09,.14,.09,-.18,-.08,.29,-.09,-.01,-.03,.12,.00,-.25,-.10,-.21,-.13)*f1_2+
    mat4(-.22,.03,.18,.13,.24,.17,-.02,.10,.23,.28,-.01,-.24,.12,.24,.18,.24)*f1_3+
    mat4(.12,.30,-.21,-.05,-.05,-.23,-.21,-.06,-.15,-.07,-.02,.20,.20,.01,.06,-.31)*f1_4+
    mat4(-.07,.14,-.05,-.22,-.25,.18,-.17,.27,-.28,-.23,.04,.10,-.19,.14,-.10,.08)*f1_5+
    mat4(.09,-.06,-.11,.28,-.06,.21,.09,.06,.11,-.09,.14,.34,.11,.04,.15,.18)*f1_6+
    mat4(.05,.08,.22,-.14,.05,-.07,.28,-.10,-.06,-.15,.03,-.29,.05,-.12,.33,.26)*f1_7+
    mat4(.12,-.04,-.09,.17,.07,-.06,.22,-.25,.27,.29,-.14,.15,-.04,-.22,.06,-.13)*f1_8+
    mat4(-.08,.07,.00,-.06,-.21,.04,-.17,-.13,-.17,-.14,-.19,.05,-.28,.14,.21,-.09)*f1_9+
    mat4(.17,.21,.26,.02,-.01,.01,-.22,-.13,.12,-.03,-.17,-.02,-.15,-.09,-.11,.03)*f1_10+
    mat4(.24,-.27,.12,.22,-.09,.23,.21,.04,.19,.26,-.27,-.18,.36,.17,.05,-.04)*f1_11+
    mat4(.08,-.18,-.06,-.11,-.05,-.13,-.12,-.27,-.24,-.09,-.06,-.16,-.02,.04,-.23,.04)*f1_12+
    mat4(-.34,-.19,-.09,.31,.07,.16,.04,-.08,.06,.23,.16,.19,-.21,-.08,-.27,.21)*f1_13+
    mat4(-.23,.03,.24,.19,-.26,-.20,.27,.24,.15,-.17,.09,-.26,.16,.16,.21,-.26)*f1_14+
    mat4(-.00,.00,.07,.11,-.05,.33,-.22,.25,.05,.15,-.07,-.11,-.14,-.05,.23,-.00)*f1_15+
    vec4(1.76,-.16,.77,-1.70))/1.4+f1_4;
vec4 f2_5=sin(mat4(-.16,-.12,.09,-.01,-.00,-.10,-.25,-.04,.09,.12,.22,-.24,.00,-.22,-.16,-.33)*f1_0+
    mat4(.24,.05,.07,-.22,-.18,.26,-.20,-.17,-.13,.17,-.06,-.04,.15,-.20,-.17,.05)*f1_1+
    mat4(-.29,-.18,-.04,-.02,.34,-.07,-.20,.06,-.11,-.27,.15,-.37,.12,-.04,.24,.15)*f1_2+
    mat4(-.20,.05,-.23,-.06,.20,.16,-.03,.26,-.18,-.06,.10,-.06,.20,-.06,.13,-.02)*f1_3+
    mat4(-.31,-.24,.02,.21,.05,-.31,.28,-.11,.14,-.33,-.14,.00,.12,.26,-.01,.06)*f1_4+
    mat4(-.19,.19,.14,-.17,-.03,-.13,-.20,.13,-.24,.22,-.01,.16,.05,-.06,.31,-.02)*f1_5+
    mat4(-.21,.13,-.17,.18,-.09,.05,.15,-.01,.08,.21,-.23,-.10,.14,.23,.22,.09)*f1_6+
    mat4(.20,.04,-.19,-.20,-.21,.08,.22,.02,-.03,-.15,-.17,-.05,.13,-.09,.10,-.01)*f1_7+
    mat4(.21,.26,.19,-.19,-.13,-.21,-.08,-.03,-.11,-.02,.02,.19,-.02,.15,.11,.14)*f1_8+
    mat4(-.08,-.13,.01,-.07,-.17,-.10,.03,.08,-.22,-.11,-.09,-.05,.04,.21,.08,.15)*f1_9+
    mat4(.22,-.24,.01,-.17,.21,.20,.25,.46,-.05,-.24,.21,.04,-.23,-.05,-.15,-.22)*f1_10+
    mat4(-.04,.18,.25,-.15,-.13,-.24,.23,-.26,.03,.05,-.01,.27,-.27,-.20,-.04,-.23)*f1_11+
    mat4(-.24,.20,-.00,.19,-.04,-.24,.08,.07,.10,-.21,.27,.02,-.13,.18,-.28,-.26)*f1_12+
    mat4(-.19,.08,.25,-.03,-.27,.29,.04,-.27,.31,-.18,-.07,-.24,.22,-.30,-.23,.25)*f1_13+
    mat4(-.02,-.22,-.05,.00,.05,.04,.21,.21,.06,.01,.31,-.18,-.24,-.04,.04,.25)*f1_14+
    mat4(-.25,.21,-.29,.20,.08,-.11,-.11,-.17,-.20,-.20,.10,-.15,-.24,.24,-.06,-.18)*f1_15+
    vec4(1.07,-.31,.42,-1.47))/1.4+f1_5;
vec4 f2_6=sin(mat4(-.02,-.02,-.11,.00,.25,.12,.28,.19,-.34,.28,-.28,-.24,-.16,-.10,.12,.11)*f1_0+
    mat4(-.02,.11,.31,.22,.21,.28,.08,.02,-.28,-.20,-.06,-.02,.12,.27,-.19,-.34)*f1_1+
    mat4(.11,-.19,.02,.04,-.24,.10,-.19,-.26,-.00,.09,.28,.18,-.11,.15,.15,-.16)*f1_2+
    mat4(-.25,.05,.15,-.20,-.21,-.24,-.24,.13,.30,-.22,.25,-.15,.18,.20,-.34,-.26)*f1_3+
    mat4(.00,-.13,.02,.26,-.25,.22,.25,.15,-.13,.26,.31,-.13,-.13,.15,.09,-.03)*f1_4+
    mat4(-.31,-.13,.13,.25,-.31,.03,.17,.09,.14,-.15,.13,-.35,.10,.27,.10,-.00)*f1_5+
    mat4(.25,-.07,.22,.21,.02,-.17,-.12,-.08,.04,-.11,-.22,-.23,-.21,-.30,-.22,.07)*f1_6+
    mat4(-.09,-.17,-.17,-.05,.00,-.23,.08,-.12,-.25,.05,-.20,-.17,-.02,-.26,.13,.28)*f1_7+
    mat4(.02,.25,-.20,.14,-.14,.02,-.28,.05,.24,.02,.24,-.23,-.29,.21,-.02,.20)*f1_8+
    mat4(-.15,-.06,.03,-.24,-.20,-.25,-.11,.21,.13,.00,.21,-.20,-.15,.14,-.24,-.17)*f1_9+
    mat4(.30,-.12,-.11,-.13,-.14,-.06,-.13,-.18,.25,.18,.05,-.29,-.23,.04,.20,-.09)*f1_10+
    mat4(-.15,-.11,.11,-.18,.08,-.08,-.27,-.14,.19,-.19,.31,.27,.25,-.21,-.24,.06)*f1_11+
    mat4(.18,-.11,.01,.31,-.25,-.02,.23,-.04,-.09,.39,-.17,.23,-.30,.08,.21,.29)*f1_12+
    mat4(.23,.16,-.11,-.26,.01,.15,.00,-.29,-.22,.03,-.00,-.24,-.09,.03,-.15,-.04)*f1_13+
    mat4(-.14,.24,.15,.14,-.16,-.26,-.14,-.20,-.00,-.00,.13,.01,.06,-.04,.15,.10)*f1_14+
    mat4(-.02,-.20,.15,-.11,-.17,.30,-.01,.20,.14,-.24,.25,.18,.22,-.16,.17,.08)*f1_15+
    vec4(-1.16,1.45,-1.58,-1.00))/1.4+f1_6;
vec4 f2_7=sin(mat4(-.14,-.26,.26,-.18,.08,-.26,.12,.26,-.16,-.22,.30,-.15,-.09,.11,.31,-.31)*f1_0+
    mat4(-.23,.11,-.19,-.04,-.29,-.25,-.07,-.14,-.23,.11,.13,.13,-.04,.16,.27,-.18)*f1_1+
    mat4(.11,-.07,.20,.15,-.25,.01,.03,.03,.22,.13,-.09,.15,-.13,.23,.24,-.00)*f1_2+
    mat4(.13,-.18,-.03,-.11,.14,.22,.09,-.01,.14,.18,-.00,-.01,-.34,.29,-.06,-.18)*f1_3+
    mat4(-.17,-.19,.04,-.13,.25,.21,.08,.21,-.19,.12,.11,-.29,.09,.24,-.04,.11)*f1_4+
    mat4(.26,-.22,.08,.10,-.10,-.21,.12,-.02,.25,-.05,-.04,.12,-.11,.03,-.00,-.32)*f1_5+
    mat4(.11,.16,.22,-.06,.07,.14,-.11,.08,.17,.24,-.22,-.21,.23,.18,-.03,.00)*f1_6+
    mat4(.20,.11,.09,-.07,.04,-.06,-.04,-.18,.08,-.10,-.14,-.01,-.08,-.19,.24,.03)*f1_7+
    mat4(.36,.14,.12,.12,.24,.22,.02,-.18,.05,-.24,-.03,.07,-.25,.19,-.28,.20)*f1_8+
    mat4(.13,-.32,.17,.28,.18,.07,-.03,.04,.24,-.05,.22,-.08,-.09,.21,.01,-.08)*f1_9+
    mat4(-.04,-.19,.24,-.09,.27,-.32,.07,-.07,.17,-.28,.32,-.16,-.30,.33,-.26,-.24)*f1_10+
    mat4(-.23,-.31,.35,.17,-.01,.05,-.36,-.26,.02,.29,.04,-.05,.16,.05,-.06,-.18)*f1_11+
    mat4(.03,-.08,.28,.16,-.19,.01,.30,.21,-.03,.30,.20,.15,-.20,.26,.05,-.18)*f1_12+
    mat4(.01,-.08,.22,.21,.31,-.04,.16,-.12,.13,.11,.19,.24,.20,-.26,-.17,-.06)*f1_13+
    mat4(-.15,.07,.35,.04,.06,.02,-.33,.26,-.26,.17,.03,.03,-.23,-.16,-.18,-.13)*f1_14+
    mat4(.26,.18,.08,.35,-.22,-.01,-.33,.13,.23,.02,.21,.04,-.36,-.15,.04,-.10)*f1_15+
    vec4(-.54,-.82,-1.53,.11))/1.4+f1_7;
vec4 f2_8=sin(mat4(.09,.23,.08,-.12,-.09,.20,-.33,-.18,.12,-.06,-.22,.23,-.29,.25,-.17,.30)*f1_0+
    mat4(.26,-.19,-.02,.02,-.04,-.19,.08,.33,-.25,.07,-.05,.23,-.08,.01,-.14,.23)*f1_1+
    mat4(.21,.14,.13,-.18,-.06,-.23,.05,.07,-.17,-.15,.19,-.14,.04,-.06,.14,-.16)*f1_2+
    mat4(.13,.27,-.03,-.08,-.08,-.31,.01,.04,-.11,-.15,.08,-.00,-.09,.12,-.14,-.24)*f1_3+
    mat4(-.20,-.18,.25,-.23,-.30,.10,-.04,-.13,.12,.24,-.04,-.25,.03,-.09,.23,.01)*f1_4+
    mat4(.19,-.09,.18,.08,-.16,.28,-.04,-.19,-.02,-.01,.25,.11,-.21,.05,-.07,.01)*f1_5+
    mat4(-.22,-.25,-.20,-.09,-.16,-.10,-.16,-.02,-.04,.05,.24,-.11,-.30,-.13,.14,.15)*f1_6+
    mat4(-.01,.22,.02,-.13,.06,-.23,-.01,-.18,-.11,-.21,.14,.08,.29,-.07,-.11,-.24)*f1_7+
    mat4(-.07,.11,-.26,.06,-.10,-.02,.13,-.02,-.12,-.06,-.38,.30,-.31,-.45,-.13,-.21)*f1_8+
    mat4(.19,.04,.29,.01,.06,.09,.05,.12,-.21,-.02,-.21,.22,-.01,.24,-.06,.06)*f1_9+
    mat4(-.11,.06,.16,-.29,.06,.01,.23,.16,.05,.21,-.06,.18,.16,-.23,.11,.19)*f1_10+
    mat4(-.10,.09,-.24,.13,.06,-.14,.35,.01,.09,-.23,.30,.22,-.10,.09,.24,-.26)*f1_11+
    mat4(.03,-.12,.32,-.15,-.04,.15,-.28,.09,.13,-.24,.03,.26,.14,.26,.01,-.01)*f1_12+
    mat4(-.11,-.19,.29,.10,-.10,.01,-.10,.00,-.23,-.04,.30,-.09,-.04,-.01,-.07,.05)*f1_13+
    mat4(.26,-.09,.22,-.08,.10,.05,.11,.00,.20,.26,-.11,.18,.09,-.20,.15,-.19)*f1_14+
    mat4(.16,-.11,-.28,.16,.15,.18,.23,.06,.03,-.11,-.31,.25,-.01,.10,.13,.15)*f1_15+
    vec4(-.27,-1.51,-.45,-1.63))/1.4+f1_8;
vec4 f2_9=sin(mat4(.15,-.31,-.30,-.05,-.03,.34,.09,.28,.15,.14,.04,-.09,-.12,-.23,.15,-.13)*f1_0+
    mat4(-.09,.29,.12,-.29,.32,-.10,.21,-.04,-.27,-.18,.07,-.03,-.21,-.15,-.13,-.17)*f1_1+
    mat4(.31,.10,-.26,.20,.24,-.10,-.14,-.11,-.22,.05,.26,.19,.25,.00,.07,-.12)*f1_2+
    mat4(.09,.25,-.27,.26,-.04,.04,.15,.25,.07,-.01,.17,.31,-.09,-.28,.24,.29)*f1_3+
    mat4(-.17,-.26,-.30,-.07,.18,-.20,-.28,.28,-.24,.21,-.15,-.14,.13,-.03,-.13,-.26)*f1_4+
    mat4(.15,-.17,.03,.17,-.25,.09,-.00,.29,.19,.06,.19,.22,.04,.20,.22,-.23)*f1_5+
    mat4(-.01,.25,.24,-.25,-.32,-.17,-.05,-.27,.36,.08,-.25,.04,-.22,.08,.26,-.10)*f1_6+
    mat4(.12,-.27,.20,.02,-.27,.09,-.23,-.16,.19,-.02,.15,.21,-.28,.15,-.03,-.11)*f1_7+
    mat4(-.17,-.01,-.24,-.11,-.12,.10,.00,.03,.17,-.08,.11,-.16,-.33,.20,.48,-.09)*f1_8+
    mat4(.03,.05,.08,.02,.02,-.19,.03,-.29,-.17,-.31,-.11,.21,.11,.02,-.05,.00)*f1_9+
    mat4(.22,-.38,.10,.11,-.27,-.13,-.19,-.04,.09,.12,.22,-.21,-.01,-.01,-.14,-.10)*f1_10+
    mat4(-.26,-.02,.15,-.03,.10,.19,.08,.01,-.11,.27,.23,.29,.15,-.05,-.11,-.19)*f1_11+
    mat4(.07,-.09,.03,-.21,-.10,.21,-.17,-.28,.19,-.11,-.39,-.22,-.28,.14,.13,-.22)*f1_12+
    mat4(.02,-.20,-.30,.09,.24,-.15,.12,.26,-.21,-.06,-.08,-.22,.07,.23,-.01,-.03)*f1_13+
    mat4(-.10,-.17,.23,-.04,.29,.05,.02,-.05,-.02,-.03,-.14,.17,-.06,-.05,-.03,.15)*f1_14+
    mat4(.07,-.20,.31,-.07,.03,-.16,.30,-.18,.25,.24,.28,.17,.18,-.29,-.10,.11)*f1_15+
    vec4(-.50,-1.63,-.07,.61))/1.4+f1_9;
vec4 f2_10=sin(mat4(-.20,.30,.27,-.27,.23,.26,.13,-.16,.09,-.19,-.29,-.18,.22,.06,.21,-.17)*f1_0+
    mat4(.15,.12,-.21,-.23,-.01,.32,-.07,-.06,-.01,.05,-.01,.04,.14,-.20,.09,-.17)*f1_1+
    mat4(.16,.12,.22,.20,.07,-.02,.05,-.26,.11,-.35,-.24,-.23,-.10,.21,-.13,.07)*f1_2+
    mat4(-.12,.29,.23,-.26,.32,-.11,-.01,-.01,.07,-.25,.05,-.21,-.26,.26,-.24,-.12)*f1_3+
    mat4(.12,-.08,.25,-.07,.18,-.02,.07,.12,-.26,-.00,-.30,-.25,.21,-.23,-.23,.21)*f1_4+
    mat4(-.20,.02,.01,.09,.10,-.04,-.19,.22,-.08,-.34,.31,.10,.09,-.14,.23,.04)*f1_5+
    mat4(.18,.15,.27,-.17,-.25,.18,.16,-.08,.19,.05,-.30,.10,.11,-.13,-.12,.23)*f1_6+
    mat4(-.16,.19,-.06,-.28,-.25,.17,-.18,.15,-.09,-.10,.19,-.25,-.04,.06,-.16,-.11)*f1_7+
    mat4(.05,-.17,.13,-.19,.29,.21,-.15,-.22,.04,.02,.02,-.08,.31,-.27,-.15,.27)*f1_8+
    mat4(.16,.09,.11,-.01,-.16,-.00,-.13,.22,-.28,-.14,-.14,-.11,-.11,-.26,-.16,-.28)*f1_9+
    mat4(.06,.06,.14,-.16,-.27,-.01,.13,.10,-.19,-.14,.23,.14,.15,.06,.17,-.33)*f1_10+
    mat4(-.02,.23,-.24,.18,.25,.24,.01,.03,.11,.01,.09,-.17,.24,.28,-.27,.24)*f1_11+
    mat4(-.20,.26,.27,.17,-.05,.04,.07,.13,.20,-.38,-.25,-.26,.27,.19,.03,-.16)*f1_12+
    mat4(.04,.18,-.13,.25,-.17,.24,.03,-.04,.04,-.15,-.05,.18,.21,-.02,.22,.27)*f1_13+
    mat4(-.28,.02,-.01,.03,.14,.23,-.19,.32,-.22,.02,.24,.22,.21,-.03,-.23,.36)*f1_14+
    mat4(.17,-.07,-.28,-.07,-.30,.17,.24,-.16,.12,-.03,.14,-.20,.15,-.22,.07,.01)*f1_15+
    vec4(.81,1.41,.27,1.05))/1.4+f1_10;
vec4 f2_11=sin(mat4(-.14,.11,-.01,.26,-.24,.05,-.30,-.27,-.26,-.07,.13,.07,.17,.21,-.25,-.09)*f1_0+
    mat4(.31,-.19,.17,.12,.28,.29,-.06,.29,.05,.22,-.13,.15,.11,.06,-.26,-.09)*f1_1+
    mat4(.27,-.05,.16,.05,-.06,.28,.27,-.24,-.30,.08,-.24,-.03,-.02,-.18,.29,.29)*f1_2+
    mat4(.23,-.15,-.24,-.24,-.11,.29,-.14,.12,.16,.20,.25,-.32,.04,-.11,.01,-.12)*f1_3+
    mat4(.31,.17,.08,.04,.24,-.06,-.04,.05,-.02,-.12,-.12,.04,-.06,.10,-.00,.26)*f1_4+
    mat4(.06,-.08,.16,.23,.16,-.23,-.12,-.14,.02,-.18,.19,.26,-.12,-.01,.13,-.29)*f1_5+
    mat4(.16,-.31,-.02,-.11,.10,-.08,-.25,-.20,-.05,.04,.19,-.12,.23,-.08,-.03,-.14)*f1_6+
    mat4(.13,-.20,.12,.20,-.25,.28,-.17,.15,.04,-.13,.05,-.29,-.17,-.08,-.32,.21)*f1_7+
    mat4(.13,-.28,-.03,.20,-.08,.22,-.16,-.17,-.23,-.33,-.19,.15,.17,-.05,.10,-.04)*f1_8+
    mat4(.05,-.26,.22,-.12,.16,-.13,.27,.01,-.07,.15,.02,-.00,.12,.13,.25,.29)*f1_9+
    mat4(-.18,-.06,.27,-.02,-.26,-.03,-.09,-.14,.12,-.13,-.24,.09,-.02,.22,-.27,-.14)*f1_10+
    mat4(-.22,-.16,.17,-.09,.17,.20,.00,-.23,.25,.11,-.19,-.09,-.10,-.27,.06,.10)*f1_11+
    mat4(-.18,-.26,-.07,-.25,-.26,.06,-.12,-.21,.10,-.21,.23,-.08,.03,.14,.20,-.25)*f1_12+
    mat4(-.17,-.19,.24,.06,-.17,.34,-.19,.24,-.20,.24,-.12,.21,.10,-.17,.31,-.03)*f1_13+
    mat4(.30,-.29,-.22,.13,.04,.03,-.01,.09,.19,-.29,-.29,.24,.19,-.12,.04,-.05)*f1_14+
    mat4(.01,-.06,.20,.10,.26,.06,.19,.11,.02,.00,.41,-.25,.22,-.01,.16,-.35)*f1_15+
    vec4(.54,.70,.28,-1.23))/1.4+f1_11;
vec4 f2_12=sin(mat4(-.05,.04,-.24,-.10,.03,-.19,-.04,-.10,.01,.19,.22,.27,.06,-.09,-.21,-.03)*f1_0+
    mat4(.11,.13,-.00,-.03,.22,-.05,.13,-.20,-.10,.14,.09,-.24,-.19,-.23,.16,.16)*f1_1+
    mat4(-.14,-.13,-.18,-.11,-.28,.15,.31,.14,-.07,.32,-.18,-.08,-.21,.28,-.08,-.00)*f1_2+
    mat4(.22,-.26,-.14,.21,.04,-.03,-.13,-.18,.06,-.41,-.32,.26,.18,.10,.17,.21)*f1_3+
    mat4(-.06,-.12,-.15,.22,.10,-.05,.27,-.16,.10,.19,-.16,-.04,-.22,.20,-.08,-.30)*f1_4+
    mat4(-.30,-.23,.02,.28,.25,.24,-.02,.18,-.24,-.06,-.10,-.13,-.29,-.24,-.23,-.03)*f1_5+
    mat4(-.14,-.37,-.15,.07,-.19,.07,-.06,.06,.03,.16,.16,.16,.11,-.24,-.28,-.07)*f1_6+
    mat4(-.24,.21,.20,.22,.07,-.24,.17,.09,.19,-.05,.21,-.19,-.21,-.13,-.10,.17)*f1_7+
    mat4(-.25,-.03,.22,.12,-.26,.13,.06,-.17,-.11,-.04,-.15,-.10,.26,-.24,.29,.10)*f1_8+
    mat4(.05,.26,.05,-.39,.06,.15,-.31,-.21,.06,-.12,-.07,.06,.02,-.23,-.18,-.08)*f1_9+
    mat4(.20,.31,-.24,.08,.10,.19,-.23,.33,.31,-.04,-.11,-.34,.27,-.11,.01,-.02)*f1_10+
    mat4(.03,.12,-.16,.00,.01,-.22,-.23,.05,-.02,-.25,-.05,-.07,.28,-.16,.15,-.34)*f1_11+
    mat4(.12,-.00,-.13,-.31,-.01,.03,.16,-.11,-.19,-.21,.18,-.19,-.05,-.13,-.23,-.09)*f1_12+
    mat4(.06,-.26,-.19,.08,.21,-.06,-.30,.18,.09,.36,-.17,-.25,.03,.24,-.17,.17)*f1_13+
    mat4(-.30,-.42,.23,.27,.22,.31,.21,-.06,.05,.10,.23,-.20,-.22,.19,.20,.00)*f1_14+
    mat4(.10,.15,-.24,.10,-.19,.07,.13,.15,.23,.19,-.21,-.32,.25,.09,-.14,-.25)*f1_15+
    vec4(-.62,.04,-1.87,.44))/1.4+f1_12;
vec4 f2_13=sin(mat4(.18,.17,-.08,.18,-.09,.12,-.06,-.05,.32,.21,.16,-.19,.05,-.01,.19,.00)*f1_0+
    mat4(-.05,-.33,.02,.23,.11,-.12,-.13,.07,.25,.14,.07,.10,.29,-.25,.09,-.03)*f1_1+
    mat4(-.22,-.11,-.06,.10,.18,-.06,-.25,.13,-.14,.17,-.12,-.02,-.08,.28,-.09,-.22)*f1_2+
    mat4(-.12,-.19,.06,.05,.09,-.19,.27,-.30,-.18,.06,-.21,.11,.13,.24,.02,.28)*f1_3+
    mat4(.12,.34,-.20,-.23,-.11,.23,.04,.07,.22,-.19,-.13,-.02,.20,-.20,-.24,.30)*f1_4+
    mat4(.45,.07,-.24,-.23,.19,.13,-.15,-.19,.17,-.29,.01,.09,-.10,-.22,.09,-.14)*f1_5+
    mat4(-.12,-.09,-.14,.05,-.14,-.26,-.19,-.24,.37,.15,-.13,-.33,.04,-.25,-.10,.23)*f1_6+
    mat4(.20,.11,-.19,.09,-.14,-.16,-.28,-.06,-.25,-.01,-.28,.24,-.38,-.00,.14,-.08)*f1_7+
    mat4(.23,-.20,-.25,.09,-.10,-.07,.19,.01,-.15,.14,.10,.21,-.18,-.03,.08,-.23)*f1_8+
    mat4(.29,.12,-.08,.00,.38,.12,.21,.31,.12,.26,.29,-.30,-.17,-.01,-.06,.12)*f1_9+
    mat4(.21,.06,.00,.05,.23,-.05,.25,.28,-.02,.01,-.28,-.01,-.25,.21,-.10,-.09)*f1_10+
    mat4(-.28,.23,-.13,-.07,-.21,.16,-.12,.22,-.00,-.13,-.25,-.21,.16,.24,-.09,.31)*f1_11+
    mat4(.18,-.38,.02,-.14,.08,-.00,-.27,-.18,.39,.03,-.19,-.13,.29,-.20,.13,.16)*f1_12+
    mat4(-.04,-.06,.07,-.03,.01,.33,.25,.23,.17,.23,-.07,-.26,-.01,-.10,-.21,-.27)*f1_13+
    mat4(.01,-.05,-.25,-.10,.29,-.06,.02,.14,.06,-.06,.15,.05,-.15,.23,-.03,-.11)*f1_14+
    mat4(-.26,.27,.23,.20,.28,.26,.11,.29,.17,-.00,-.26,.26,-.07,-.20,-.18,-.22)*f1_15+
    vec4(.28,-.15,-.20,1.19))/1.4+f1_13;
vec4 f2_14=sin(mat4(-.26,.33,-.01,.04,.21,-.28,-.06,-.01,-.11,-.01,.22,.12,.10,.10,.26,-.00)*f1_0+
    mat4(-.32,.25,.21,-.05,.06,-.22,-.06,.24,.30,-.27,.07,.10,.16,.19,.14,-.10)*f1_1+
    mat4(.20,-.01,.14,.17,-.20,-.13,.06,.04,.26,.08,-.29,-.09,.06,-.22,-.20,-.12)*f1_2+
    mat4(-.24,-.12,-.33,.03,-.20,.21,.17,-.23,.20,-.24,-.08,.35,-.14,-.04,-.30,.19)*f1_3+
    mat4(-.23,-.21,-.28,-.09,-.18,.11,.11,.19,.27,-.08,.21,-.28,.15,.12,.29,-.29)*f1_4+
    mat4(-.19,.08,-.27,.09,-.01,.23,-.33,-.01,.26,-.28,.02,-.04,-.04,.23,-.04,.24)*f1_5+
    mat4(-.07,-.13,.01,.20,-.25,.07,-.17,.06,.24,.01,.13,.04,-.05,-.05,.02,.16)*f1_6+
    mat4(-.05,.02,.12,-.00,-.26,-.09,-.02,.27,.08,-.18,-.08,-.10,.10,-.26,.10,.02)*f1_7+
    mat4(-.00,.25,-.13,-.25,-.07,-.09,-.20,-.06,.03,-.05,.04,.17,.26,.23,.23,.21)*f1_8+
    mat4(.28,-.16,.08,-.04,.17,.15,.31,-.19,-.12,-.25,-.18,-.15,.10,.28,-.09,.08)*f1_9+
    mat4(.12,.23,.11,-.05,.25,-.19,.14,.05,-.16,.02,.12,.01,-.23,.08,-.23,.00)*f1_10+
    mat4(.10,.00,.09,-.15,-.01,.15,-.20,-.02,.31,-.25,-.03,.19,-.28,-.09,.22,.27)*f1_11+
    mat4(-.26,.03,-.05,-.21,-.08,-.03,.20,-.16,-.21,.32,-.05,.09,-.06,.11,.01,.09)*f1_12+
    mat4(.18,.24,-.12,.16,.08,-.13,-.24,.18,.28,.15,-.18,.08,-.14,.13,-.21,.11)*f1_13+
    mat4(-.05,.14,-.11,-.11,.03,-.11,.12,-.13,-.31,.02,.09,-.15,-.10,-.13,.24,-.15)*f1_14+
    mat4(.07,-.18,.28,.23,-.09,.16,-.14,-.24,-.07,.18,-.04,.03,.07,.03,-.06,-.15)*f1_15+
    vec4(-1.49,1.26,-1.19,-1.40))/1.4+f1_14;
vec4 f2_15=sin(mat4(.22,-.25,-.20,.01,-.14,-.15,-.22,.25,.07,.15,.06,.14,-.03,-.17,.28,.13)*f1_0+
    mat4(-.15,-.06,-.03,.27,-.21,-.03,-.22,-.12,-.31,-.01,-.31,-.21,.01,.08,.19,.00)*f1_1+
    mat4(-.20,.24,.29,-.01,-.05,.20,-.27,-.15,.17,.14,.20,-.17,-.02,-.16,.25,-.15)*f1_2+
    mat4(-.12,.03,-.32,-.24,-.07,.27,.27,-.03,.21,.20,.20,-.10,.15,.02,.11,-.14)*f1_3+
    mat4(-.26,-.15,.26,.31,.07,-.07,-.18,-.31,-.13,-.06,-.27,-.19,-.18,.25,.24,.30)*f1_4+
    mat4(-.22,.22,.14,-.22,.25,.12,-.20,-.24,-.19,-.02,-.24,-.01,-.30,-.15,-.13,-.05)*f1_5+
    mat4(.19,.05,-.04,-.44,-.12,-.02,-.07,.08,.03,.07,-.12,-.22,.02,.03,.19,.11)*f1_6+
    mat4(.23,.12,.30,-.25,-.13,.18,-.26,-.22,.07,-.11,.30,.00,-.03,.08,-.25,.31)*f1_7+
    mat4(.16,-.12,-.05,-.22,-.21,.04,-.27,-.11,-.13,-.12,.13,-.17,-.18,.10,.20,.03)*f1_8+
    mat4(.19,.00,.18,.15,.21,.08,-.32,-.31,.11,.13,-.23,.22,.29,.14,-.12,.21)*f1_9+
    mat4(-.00,-.17,.03,.04,.02,.15,.06,-.22,.11,.13,-.12,.08,-.02,.18,-.30,.14)*f1_10+
    mat4(-.22,-.18,.15,.13,-.24,-.03,.01,.28,-.24,-.19,.15,.22,.06,-.31,-.07,.03)*f1_11+
    mat4(-.00,.13,-.16,.01,-.11,.11,.28,.29,-.18,.02,.15,-.06,-.10,.18,-.20,-.06)*f1_12+
    mat4(-.07,.10,-.26,.09,.26,.13,.23,.14,-.16,.05,-.06,.24,.01,.15,-.24,.19)*f1_13+
    mat4(.26,-.25,.10,.13,-.33,-.16,-.23,.16,-.01,.17,-.28,-.20,.12,.09,.02,.16)*f1_14+
    mat4(.08,.21,-.11,-.15,.25,.31,-.03,.13,.15,-.18,.34,.08,-.05,-.18,.06,.14)*f1_15+
    vec4(.50,-.41,1.69,-.74))/1.4+f1_15;
vec4 f3_0=sin(mat4(.18,-.24,-.16,.26,-.13,.04,-.16,-.05,.29,-.06,.26,.07,-.24,-.23,.25,.26)*f2_0+
    mat4(.10,.17,-.30,-.28,.01,-.31,-.24,-.18,.08,.06,-.25,-.05,.33,-.23,.11,.16)*f2_1+
    mat4(.23,-.23,.20,.13,-.21,-.05,.20,.06,-.12,.08,.26,-.20,.04,.21,-.00,.30)*f2_2+
    mat4(-.02,-.05,-.26,-.07,-.22,-.05,.16,.09,.22,-.05,.18,-.26,-.10,-.30,.43,.23)*f2_3+
    mat4(.03,.22,.13,.11,.26,-.29,.08,-.14,-.23,-.14,.24,-.11,-.08,-.04,.03,.20)*f2_4+
    mat4(.04,.16,.26,-.20,.28,-.04,.06,.20,-.17,.30,-.17,.15,-.25,-.01,.17,.19)*f2_5+
    mat4(.20,-.07,.16,-.13,-.14,.28,-.26,-.16,.15,.15,-.07,-.26,-.02,.16,-.29,-.36)*f2_6+
    mat4(-.01,-.01,.27,-.24,.20,-.24,-.02,.19,.05,.32,-.19,.20,.15,-.21,-.07,.08)*f2_7+
    mat4(.08,.12,-.16,-.17,.20,.27,-.13,-.25,-.09,.10,-.07,.14,.04,.18,.28,.05)*f2_8+
    mat4(.11,.01,.19,-.24,-.33,.06,-.21,-.03,-.06,-.23,.28,.04,.03,-.22,.27,.25)*f2_9+
    mat4(.16,.28,-.13,-.00,-.22,-.35,.20,.12,.10,-.31,-.02,.04,.16,.26,-.07,.02)*f2_10+
    mat4(.20,-.21,.16,-.16,.01,-.08,.27,.02,-.31,.17,-.06,.17,-.30,-.22,.05,.06)*f2_11+
    mat4(.07,-.19,-.27,.04,.32,.23,.06,.03,-.00,-.21,-.08,-.20,.21,.35,-.14,-.06)*f2_12+
    mat4(.26,-.20,-.05,-.05,-.01,-.21,-.22,-.18,-.20,-.13,-.12,.08,-.26,.26,-.07,-.30)*f2_13+
    mat4(-.00,.19,.10,-.23,-.22,.20,.17,.27,.02,-.19,-.05,.28,.28,.03,.10,-.13)*f2_14+
    mat4(-.04,.08,.12,.17,.10,.18,-.05,.21,-.20,-.12,.16,.16,.09,-.16,.03,-.04)*f2_15+
    vec4(1.60,-.12,-1.60,-.87))/1.7+f2_0;
vec4 f3_1=sin(mat4(-.04,-.21,-.11,-.04,.16,.02,.27,-.21,.02,.28,-.08,-.24,-.11,.28,-.19,.13)*f2_0+
    mat4(-.14,.01,.05,-.25,.18,.13,.07,.06,.16,.07,-.04,-.20,-.27,.16,-.08,-.21)*f2_1+
    mat4(-.15,.18,.29,-.30,.04,.19,-.29,-.29,-.01,.23,-.23,-.15,-.20,-.16,-.30,.00)*f2_2+
    mat4(.28,-.08,-.09,.21,-.30,-.19,.30,-.25,-.21,-.01,-.29,.19,-.27,.24,.18,.20)*f2_3+
    mat4(-.26,.18,-.16,-.09,-.26,.30,-.27,-.03,-.09,.20,.23,.24,-.04,.03,-.30,-.26)*f2_4+
    mat4(-.27,.19,.33,.18,-.17,.13,.16,-.12,.19,.19,-.30,.01,.03,.05,-.26,-.10)*f2_5+
    mat4(-.21,.23,.09,-.23,.30,.03,.28,-.18,-.11,-.27,-.02,-.09,.20,-.12,.25,-.12)*f2_6+
    mat4(.37,-.13,-.08,.27,.01,-.01,.04,.32,.08,.33,-.23,.17,-.08,-.13,.10,.12)*f2_7+
    mat4(-.25,-.07,.05,-.32,.14,-.25,-.08,-.12,.27,.16,.02,-.19,.26,.07,.04,.31)*f2_8+
    mat4(.05,.11,-.02,.05,.08,.29,.18,-.01,.04,-.12,.04,-.21,-.22,.08,.16,-.10)*f2_9+
    mat4(.04,-.14,.05,.10,-.06,.26,.04,.14,.17,-.14,.04,.23,-.15,-.03,.05,.27)*f2_10+
    mat4(-.15,-.08,.22,-.25,-.13,-.19,-.01,.17,.11,.31,-.22,.36,-.25,.22,.29,.26)*f2_11+
    mat4(.29,.15,.19,-.14,-.28,.23,-.13,.18,-.21,.00,-.24,-.24,.11,-.18,-.14,-.26)*f2_12+
    mat4(.05,-.02,-.29,.26,.01,.07,.16,.05,.20,.26,.04,-.28,-.19,.29,.09,.26)*f2_13+
    mat4(-.01,.28,-.08,-.12,-.17,.18,-.24,-.09,-.30,-.14,.24,-.32,-.22,.22,-.27,-.11)*f2_14+
    mat4(-.30,.16,.12,-.13,.18,-.10,-.04,-.11,.06,-.06,-.07,-.11,-.12,-.23,-.11,.30)*f2_15+
    vec4(-.69,.46,.81,-.43))/1.7+f2_1;
vec4 f3_2=sin(mat4(.07,-.29,.08,-.37,-.05,-.05,-.27,.16,-.09,.21,.21,.20,.00,-.15,-.06,-.05)*f2_0+
    mat4(-.10,.19,-.09,.11,-.12,.14,.14,-.30,.15,-.05,-.23,-.16,-.24,-.16,-.11,-.16)*f2_1+
    mat4(.11,.17,-.28,-.19,-.17,.13,.17,-.00,.01,-.13,.05,-.19,-.28,-.12,.08,.06)*f2_2+
    mat4(.36,.28,-.04,-.22,-.04,.27,.10,-.20,-.01,-.31,-.16,.03,-.14,.09,.18,-.04)*f2_3+
    mat4(.19,-.21,.20,.17,-.05,.12,.30,-.22,.29,-.24,-.12,-.20,-.26,-.28,-.04,-.21)*f2_4+
    mat4(-.32,-.28,-.12,-.05,-.03,.14,.24,-.03,-.12,-.05,.26,-.24,.15,-.13,-.07,.15)*f2_5+
    mat4(.06,-.08,-.22,.15,.18,-.25,.08,.27,-.01,.22,-.13,.03,-.03,-.03,-.10,.06)*f2_6+
    mat4(.22,-.07,.22,.14,.05,.14,.04,-.12,-.00,-.04,.18,.03,.18,-.15,-.27,.07)*f2_7+
    mat4(-.22,.30,.24,.11,.03,-.21,-.28,-.17,-.21,-.14,.18,-.19,.19,-.27,-.30,.20)*f2_8+
    mat4(.22,.09,.03,-.10,-.18,.15,.31,.33,-.29,-.06,-.11,-.13,-.04,-.11,.29,-.08)*f2_9+
    mat4(-.05,-.17,-.29,-.19,-.04,.03,-.18,-.09,.17,-.14,-.19,-.14,-.01,.26,.19,-.01)*f2_10+
    mat4(-.20,-.02,.09,.12,.15,-.26,.23,.31,.15,.23,-.12,.10,.20,.19,-.15,.24)*f2_11+
    mat4(.26,-.16,.00,-.19,-.11,.01,-.08,-.03,-.05,.22,-.12,-.24,-.21,-.05,-.11,-.05)*f2_12+
    mat4(.14,-.01,-.27,-.20,.26,-.06,.30,-.01,-.22,.12,.23,.41,.15,.20,.16,.20)*f2_13+
    mat4(-.04,-.27,-.23,.11,.10,-.01,.14,.06,-.27,-.17,.25,-.12,-.29,.02,.33,-.10)*f2_14+
    mat4(.27,-.03,-.23,-.19,.29,.06,.07,-.12,.15,-.27,.13,-.03,-.27,-.19,.09,-.12)*f2_15+
    vec4(-1.74,-.25,.86,-.46))/1.7+f2_2;
vec4 f3_3=sin(mat4(-.03,-.01,.18,-.02,.20,.17,.17,-.11,.26,-.14,.11,-.20,.12,.15,-.21,-.04)*f2_0+
    mat4(.18,.12,-.23,.03,.23,.32,-.01,-.14,-.26,.32,.15,.23,.14,.16,-.00,-.02)*f2_1+
    mat4(-.24,-.28,.01,.15,-.12,-.09,.08,-.21,.05,.11,.09,-.23,.06,.16,-.01,.06)*f2_2+
    mat4(-.23,.29,-.09,-.17,-.02,-.37,-.18,-.28,-.17,.29,.12,.04,.24,.00,-.13,-.15)*f2_3+
    mat4(.00,-.16,.22,-.13,-.01,-.26,-.11,-.06,.24,.05,-.04,-.26,.00,.30,.02,-.10)*f2_4+
    mat4(-.15,.02,.33,.24,-.14,.27,.26,.08,.15,-.32,.00,-.06,-.22,-.23,-.02,-.10)*f2_5+
    mat4(.01,.03,-.11,.23,-.05,-.03,.22,-.14,-.13,.12,.32,-.04,-.29,.01,-.19,-.09)*f2_6+
    mat4(.28,.34,-.29,.13,.05,.29,-.18,-.24,-.10,.09,.03,.21,-.06,.31,.22,.20)*f2_7+
    mat4(-.21,-.11,-.11,-.16,-.27,.14,-.04,.08,-.16,-.26,.09,.23,.15,-.28,-.34,-.05)*f2_8+
    mat4(.25,-.10,.08,.27,-.26,-.05,.27,-.29,.23,.17,.13,.17,.23,-.10,.31,.02)*f2_9+
    mat4(.18,.15,.12,-.09,-.28,-.01,-.17,-.28,-.05,-.19,-.30,-.19,.28,-.19,-.27,.25)*f2_10+
    mat4(.03,-.13,-.00,-.27,.28,.12,-.12,-.28,-.13,-.21,-.26,.03,.01,-.03,-.10,-.25)*f2_11+
    mat4(.30,.01,.01,.06,-.26,-.20,-.15,.15,-.16,.24,.27,.24,.09,.20,.20,.27)*f2_12+
    mat4(-.20,.24,.16,-.17,-.33,.08,-.19,.17,-.21,-.33,-.16,-.06,-.20,-.10,-.23,.19)*f2_13+
    mat4(-.14,-.16,-.18,-.27,-.29,.18,-.06,-.30,.07,.23,.17,-.02,-.25,-.07,.01,.19)*f2_14+
    mat4(-.21,-.08,.16,-.27,-.29,-.00,.13,.32,.09,-.10,-.01,.27,-.21,.18,.24,-.24)*f2_15+
    vec4(.31,-.12,-.83,1.02))/1.7+f2_3;
vec4 f3_4=sin(mat4(-.17,-.24,-.17,.18,.30,.02,-.17,-.04,.33,-.13,-.01,.11,.18,-.14,-.16,-.05)*f2_0+
    mat4(.24,.16,.18,.06,.06,-.03,-.09,-.15,-.09,-.02,-.25,.02,-.15,.10,.00,.32)*f2_1+
    mat4(.26,-.08,-.22,.19,.31,-.01,-.16,-.03,.12,-.17,-.24,-.04,.09,.24,.03,-.30)*f2_2+
    mat4(-.19,.17,-.18,.04,.28,-.03,.31,.22,-.20,.01,-.00,-.19,-.26,.03,.26,.05)*f2_3+
    mat4(.17,.13,-.27,.29,.19,.06,.08,.25,.06,-.06,-.21,-.19,-.07,.12,-.26,.25)*f2_4+
    mat4(-.17,-.04,.22,-.22,.27,-.17,-.10,-.19,-.07,-.11,.03,-.24,.15,.24,.19,.01)*f2_5+
    mat4(-.12,.04,-.04,-.14,-.14,.24,.04,.14,.10,-.09,.28,-.19,-.39,-.17,-.13,-.08)*f2_6+
    mat4(-.12,-.04,.28,-.01,-.18,-.12,-.16,.11,-.05,-.26,.13,.16,-.15,-.11,.07,-.15)*f2_7+
    mat4(.35,.04,.08,-.15,-.14,-.24,-.11,-.14,.07,-.07,-.08,-.29,.17,-.08,.10,-.30)*f2_8+
    mat4(-.36,.20,.34,.11,.09,-.19,-.25,.04,-.25,.21,-.10,.06,-.14,.04,.03,-.12)*f2_9+
    mat4(.17,-.04,-.12,-.23,.11,-.07,.25,-.05,.18,-.05,.02,-.04,-.30,-.30,.00,-.04)*f2_10+
    mat4(.04,-.22,-.01,-.05,-.26,-.10,-.27,-.20,-.26,-.11,-.17,.25,.20,-.10,-.37,-.20)*f2_11+
    mat4(.02,-.13,.08,-.05,-.18,.19,.19,-.27,-.11,.31,-.26,-.12,.08,.05,.10,.20)*f2_12+
    mat4(-.40,-.13,.16,-.25,-.29,.04,.06,.27,-.02,-.09,.19,.18,.13,.28,-.24,-.03)*f2_13+
    mat4(-.30,-.01,.06,-.15,-.08,.24,-.18,.22,.19,.20,-.05,-.19,.08,-.27,.25,-.26)*f2_14+
    mat4(-.05,.09,-.14,-.13,.08,-.06,-.05,-.08,-.22,-.17,.21,-.33,-.20,-.28,.10,.24)*f2_15+
    vec4(.59,1.19,.49,-1.46))/1.7+f2_4;
vec4 f3_5=sin(mat4(-.06,-.09,-.07,-.22,.13,.17,.06,.03,.17,-.09,-.06,-.22,.26,-.27,-.21,.10)*f2_0+
    mat4(.28,-.07,.12,.30,.08,.09,-.10,-.15,.21,.06,-.14,.29,.05,.04,-.27,-.13)*f2_1+
    mat4(.23,-.24,.25,-.01,-.03,.29,.15,-.24,-.13,-.33,.15,-.19,-.16,-.28,-.15,.19)*f2_2+
    mat4(.10,-.00,.08,-.27,-.31,.09,-.32,-.00,-.16,-.29,.26,-.02,-.20,-.25,.27,.12)*f2_3+
    mat4(-.09,.02,-.17,-.06,.07,.10,.08,.02,.04,.02,.59,.33,.29,.08,-.17,.16)*f2_4+
    mat4(-.15,-.16,-.17,-.24,.04,.04,.09,.21,-.15,.14,-.02,.11,-.08,.15,-.07,.19)*f2_5+
    mat4(.31,.14,-.26,-.22,-.32,-.17,-.04,-.08,.13,.02,-.19,-.31,.29,.19,.09,-.26)*f2_6+
    mat4(.08,-.14,-.05,-.05,-.29,-.17,-.18,-.19,-.14,-.07,.05,.30,.15,.26,.17,.24)*f2_7+
    mat4(.20,.24,-.08,.12,.09,-.05,.35,.18,.07,-.03,.09,-.06,-.30,-.21,-.12,-.02)*f2_8+
    mat4(.19,.13,-.16,-.11,-.08,-.27,.04,-.13,-.22,.03,.12,.03,-.09,-.06,.19,-.31)*f2_9+
    mat4(.07,-.13,.04,-.19,-.14,.05,.14,.10,-.13,.04,.30,-.29,.29,.05,.12,.02)*f2_10+
    mat4(.12,-.14,-.22,-.14,-.06,.30,.20,-.21,.03,.24,-.07,-.17,-.04,.25,.25,-.20)*f2_11+
    mat4(.28,.13,-.10,-.17,-.24,-.08,-.05,-.20,.13,-.04,-.01,.25,.24,-.30,-.07,-.10)*f2_12+
    mat4(.11,.25,-.02,.10,.02,-.35,-.15,-.25,-.13,.10,.31,-.12,.30,.17,.02,-.04)*f2_13+
    mat4(.22,.05,-.14,.06,-.06,-.08,.04,-.23,.16,-.16,-.25,.20,-.23,-.10,.29,-.29)*f2_14+
    mat4(.18,-.12,.17,.21,-.01,-.20,-.21,-.17,.32,-.11,-.28,.19,.29,-.29,.19,.18)*f2_15+
    vec4(-1.57,1.58,-1.75,.35))/1.7+f2_5;
vec4 f3_6=sin(mat4(.20,-.24,-.01,.16,-.15,-.19,-.11,-.10,.24,.13,-.27,-.07,.12,-.30,-.19,.05)*f2_0+
    mat4(-.23,.29,.07,-.00,.15,.22,-.21,-.10,.30,.17,-.11,-.22,-.07,-.23,.24,.03)*f2_1+
    mat4(.21,-.26,.07,-.06,-.19,.25,.13,-.25,.13,-.25,-.31,-.09,.06,-.05,.19,-.19)*f2_2+
    mat4(.10,-.12,.08,-.23,-.18,.12,.17,-.19,-.21,-.19,-.15,-.16,.04,-.02,-.08,.03)*f2_3+
    mat4(-.03,.09,-.23,-.44,-.08,.29,-.02,.09,-.15,-.09,.15,.17,-.01,-.19,-.04,.28)*f2_4+
    mat4(.10,.09,-.25,-.28,.03,.01,-.05,-.30,.11,-.26,.12,.02,.12,-.21,.05,-.06)*f2_5+
    mat4(.23,.28,-.05,.10,.22,-.00,.11,.28,-.12,-.17,.29,-.16,-.14,.17,-.20,-.12)*f2_6+
    mat4(-.09,-.10,-.24,.34,-.06,-.24,.04,.23,-.41,.26,-.31,-.32,.27,-.32,-.03,.11)*f2_7+
    mat4(.39,-.12,-.23,-.15,.28,-.01,.11,.10,-.11,.02,.05,.01,.20,-.22,-.03,-.12)*f2_8+
    mat4(.08,.21,.10,.24,.18,.07,.12,.14,.03,.07,-.25,-.02,.00,.02,-.05,-.11)*f2_9+
    mat4(.02,-.14,-.07,.18,.27,.24,.30,.15,-.17,.30,-.22,.33,-.15,.28,-.07,.21)*f2_10+
    mat4(.13,.10,-.11,-.17,-.25,-.15,.21,.19,.00,-.25,.18,-.02,-.11,.08,.23,-.18)*f2_11+
    mat4(-.02,-.10,.30,-.05,-.20,-.13,-.27,-.21,.13,-.20,.18,-.04,.16,-.13,.22,.00)*f2_12+
    mat4(-.16,-.08,.01,-.18,-.21,-.05,.35,.16,.02,.13,-.22,.00,-.14,-.13,.14,.15)*f2_13+
    mat4(.09,.25,-.31,.11,-.12,.29,-.06,.00,.11,-.01,-.29,.16,.21,-.03,-.23,.21)*f2_14+
    mat4(-.20,-.26,.08,.01,-.25,-.21,.22,.08,.10,.00,.01,.13,-.14,-.01,-.10,.11)*f2_15+
    vec4(-1.29,-.47,-1.54,-.48))/1.7+f2_6;
vec4 f3_7=sin(mat4(.12,-.20,.41,-.07,.29,.17,-.33,.12,.18,.14,.52,-.07,.13,-.01,-.07,-.18)*f2_0+
    mat4(-.03,-.23,.07,-.33,-.21,.16,-.02,-.24,-.19,-.03,-.11,.13,.19,.22,.17,.20)*f2_1+
    mat4(-.01,.34,.26,-.17,-.12,-.10,-.04,-.10,.21,.20,-.18,.10,-.06,-.07,-.19,-.03)*f2_2+
    mat4(-.07,-.23,.02,-.01,.13,.18,.18,-.30,.05,.07,-.31,-.24,-.17,-.26,.15,-.45)*f2_3+
    mat4(-.03,.00,.12,-.19,-.06,.28,-.12,-.07,.12,-.21,-.09,-.09,.22,.32,.13,-.04)*f2_4+
    mat4(-.27,.21,.03,.27,.16,-.06,.05,-.12,.30,-.08,.35,.12,.28,.25,.24,.04)*f2_5+
    mat4(-.32,-.36,-.24,.29,.02,-.03,-.28,-.18,.10,.24,-.00,-.07,.08,-.21,.23,.07)*f2_6+
    mat4(-.00,-.35,.07,-.13,.01,-.12,.28,.03,-.14,.02,-.12,.18,-.29,-.26,-.28,.26)*f2_7+
    mat4(.23,-.29,-.02,-.02,.11,.43,.21,.15,-.19,.17,-.21,-.09,.20,-.19,-.28,-.02)*f2_8+
    mat4(-.10,-.14,-.08,-.07,.12,-.04,-.31,.17,-.16,.06,-.27,-.35,-.04,-.20,-.11,-.11)*f2_9+
    mat4(.05,-.21,-.08,-.27,-.18,-.24,-.00,-.14,-.17,-.26,.01,-.14,.14,-.01,.28,-.16)*f2_10+
    mat4(-.27,-.08,-.10,.19,.18,.17,-.14,-.24,.22,-.15,.03,-.30,.14,-.16,.27,-.02)*f2_11+
    mat4(.23,.24,-.02,-.23,-.11,-.16,-.24,-.34,.23,.24,-.14,-.22,.17,-.11,-.09,.09)*f2_12+
    mat4(.15,-.18,-.20,-.18,-.22,-.21,-.27,-.03,.15,.30,.01,.09,.08,.13,-.35,-.25)*f2_13+
    mat4(-.06,-.29,-.02,.10,.24,-.25,.13,.30,.23,.17,.02,.15,.15,.22,.43,-.24)*f2_14+
    mat4(-.14,-.25,.17,-.18,-.22,.10,.02,-.44,-.37,.23,.15,-.30,.18,-.31,.07,-.25)*f2_15+
    vec4(-1.31,-.50,.31,1.58))/1.7+f2_7;
vec4 f3_8=sin(mat4(.19,.32,-.22,.09,.15,.08,.30,-.26,-.01,.11,.19,-.00,.08,-.16,.31,-.05)*f2_0+
    mat4(-.27,.04,.03,-.13,-.07,.20,-.05,.11,-.07,-.13,-.13,.22,.24,.17,-.03,-.32)*f2_1+
    mat4(.11,.28,.06,-.14,.11,.11,.19,-.14,-.06,-.08,-.14,.03,.15,-.21,.40,.00)*f2_2+
    mat4(.42,-.28,.10,-.14,.25,-.02,-.07,-.20,.21,-.19,.05,-.19,.19,.22,-.21,-.09)*f2_3+
    mat4(.22,.21,.04,-.26,-.28,.27,.05,-.06,-.20,-.03,.02,-.31,.14,.14,-.11,.19)*f2_4+
    mat4(.16,.14,-.19,-.31,.12,-.14,.31,-.13,.02,-.31,-.13,-.15,-.16,.05,.23,.10)*f2_5+
    mat4(.35,-.42,.25,.25,.05,-.14,-.12,.22,.01,-.34,.16,-.05,.25,-.03,.18,-.33)*f2_6+
    mat4(-.22,.09,-.12,.03,-.00,.28,.35,-.03,-.10,.10,-.02,.38,.13,-.15,.17,.22)*f2_7+
    mat4(.19,-.01,.15,-.11,-.31,-.20,.21,-.30,.18,.07,-.17,.19,.04,-.10,.43,.17)*f2_8+
    mat4(-.13,-.15,.35,.06,.05,-.36,.08,.09,-.09,.08,-.27,-.04,.27,-.30,.08,-.08)*f2_9+
    mat4(.18,.27,-.07,-.14,-.23,.10,-.23,-.10,.16,-.28,-.26,-.27,-.05,.08,.03,.09)*f2_10+
    mat4(-.16,.17,.21,-.15,-.05,.19,-.07,.02,-.11,-.24,-.08,-.11,.14,.12,-.12,.10)*f2_11+
    mat4(-.07,-.21,-.15,.19,.15,-.35,-.29,-.05,.22,-.12,.31,.12,.05,.07,.12,-.10)*f2_12+
    mat4(.28,-.30,-.01,.04,-.20,.07,-.21,-.14,-.35,-.11,.33,.22,.27,-.22,-.14,-.11)*f2_13+
    mat4(-.14,-.25,-.04,-.17,.26,-.24,.19,-.08,.00,-.20,.25,-.06,.18,-.28,.29,.10)*f2_14+
    mat4(.20,-.25,-.04,.11,-.36,-.21,.14,-.03,.19,-.10,.11,-.13,-.28,-.07,.11,.05)*f2_15+
    vec4(-.59,.68,1.35,1.61))/1.7+f2_8;
vec4 f3_9=sin(mat4(-.14,.01,-.15,.02,-.16,-.24,.25,-.22,.01,.11,.09,.31,-.30,-.11,.12,.26)*f2_0+
    mat4(-.23,.20,-.08,.05,-.21,.10,.28,.27,-.01,.25,-.16,.31,.20,.23,-.32,.08)*f2_1+
    mat4(.14,.11,.04,.09,-.08,-.25,.24,.07,.17,-.23,.12,-.03,.09,.12,.11,-.03)*f2_2+
    mat4(-.19,-.19,.01,-.17,.20,-.19,.25,-.07,.14,-.06,-.13,.00,.31,-.24,.29,.06)*f2_3+
    mat4(.26,-.01,.10,.38,.25,.21,.02,.10,.03,-.07,-.08,-.12,-.09,.24,-.01,-.29)*f2_4+
    mat4(.03,.20,.24,-.44,-.06,.20,-.14,-.05,-.14,-.23,-.08,-.09,.05,-.25,-.20,-.22)*f2_5+
    mat4(.14,-.10,-.21,-.31,-.18,-.07,-.18,-.19,.21,.17,-.08,.08,.27,.27,.10,.02)*f2_6+
    mat4(-.00,.02,.26,-.24,-.11,.24,.02,.06,-.25,.16,-.03,.13,.07,.17,.28,-.05)*f2_7+
    mat4(.13,-.23,-.19,.13,.27,-.18,-.07,.05,.19,.04,-.25,-.32,-.18,.25,.23,-.25)*f2_8+
    mat4(.21,-.07,.29,-.11,-.14,-.13,.13,.02,.21,.04,.24,.15,.05,.02,.03,.08)*f2_9+
    mat4(-.05,.12,.23,.10,-.17,-.14,.05,.03,-.05,.02,.11,-.19,.17,.23,-.21,.25)*f2_10+
    mat4(-.15,-.06,-.06,-.29,.12,-.12,.23,.39,.07,-.07,.30,.03,-.03,-.23,-.23,.42)*f2_11+
    mat4(-.06,-.07,.06,-.16,-.29,.06,.10,-.16,-.19,-.07,.23,.07,-.17,.04,.20,.07)*f2_12+
    mat4(.22,.08,-.02,-.33,-.31,.04,-.27,.33,.00,-.11,.23,-.15,.25,.02,-.09,.02)*f2_13+
    mat4(-.33,-.38,-.14,.15,.23,-.01,-.01,.12,.26,.05,.14,-.18,-.07,.10,.04,-.14)*f2_14+
    mat4(.22,.26,-.14,.03,.29,.17,-.22,.30,.03,-.01,-.06,-.25,-.10,-.00,-.00,-.32)*f2_15+
    vec4(-1.16,-.98,.42,-1.19))/1.7+f2_9;
vec4 f3_10=sin(mat4(-.24,-.30,.10,-.06,.15,-.22,.23,.14,.05,.21,.07,.24,.03,.22,.13,.12)*f2_0+
    mat4(.20,.01,-.10,.21,.17,.16,-.06,-.16,.02,.08,-.19,.23,.24,.05,-.13,-.08)*f2_1+
    mat4(-.14,.21,-.27,.08,-.06,.00,-.05,-.07,.33,.27,-.28,-.26,-.11,-.18,.26,-.03)*f2_2+
    mat4(-.21,-.26,-.04,.24,.17,.01,-.20,.21,.01,-.26,.22,.29,-.07,.06,-.11,-.07)*f2_3+
    mat4(-.16,.15,.23,-.09,.28,-.18,-.30,-.10,.09,-.31,-.20,.26,.17,.19,-.27,.23)*f2_4+
    mat4(.07,.01,.23,.12,-.02,.23,.26,-.04,-.25,.18,-.06,-.10,-.29,.05,.00,.25)*f2_5+
    mat4(.09,-.16,-.25,.14,-.23,-.31,-.25,-.00,.29,-.01,-.09,-.32,-.04,.22,-.22,-.13)*f2_6+
    mat4(-.24,.30,-.01,.15,.25,.12,.17,-.37,.24,.14,.11,-.12,-.10,.23,-.25,.08)*f2_7+
    mat4(-.09,-.16,-.17,.20,-.15,-.10,.06,.15,.06,-.25,.12,.32,.33,.02,-.24,-.29)*f2_8+
    mat4(.15,-.15,.25,-.15,.13,-.26,.26,.02,.22,.12,-.01,.37,.29,.02,-.28,-.18)*f2_9+
    mat4(-.17,.27,-.15,-.22,.00,.16,-.11,.32,-.21,.16,-.21,.17,-.15,.00,.13,-.03)*f2_10+
    mat4(.08,-.04,.11,-.22,-.31,.09,-.00,.12,-.29,-.25,.16,.11,-.23,.25,-.07,.16)*f2_11+
    mat4(-.02,-.32,-.13,-.26,-.04,-.23,.12,.08,-.03,.24,.27,-.13,.17,.19,-.01,-.06)*f2_12+
    mat4(-.21,-.32,.08,-.26,.11,.05,-.02,.36,-.08,.28,-.05,.38,.26,-.11,.12,.28)*f2_13+
    mat4(-.25,-.26,.25,-.28,-.28,.25,-.22,-.13,.12,-.03,.17,.17,.04,.06,-.16,.06)*f2_14+
    mat4(.12,.03,.26,-.11,-.04,-.19,.13,-.17,.02,-.02,-.21,.13,.20,-.13,-.11,.15)*f2_15+
    vec4(.06,1.31,-.80,.22))/1.7+f2_10;
vec4 f3_11=sin(mat4(-.01,-.18,-.28,.08,.02,-.07,-.25,.14,-.26,.23,.09,-.23,-.24,.09,.14,.07)*f2_0+
    mat4(-.31,.03,-.09,-.20,.13,-.12,.15,.32,.08,-.22,.26,.03,-.17,.19,.27,-.17)*f2_1+
    mat4(.30,-.33,-.17,.15,.25,.05,-.03,-.25,.13,-.05,-.10,-.16,-.27,-.29,-.10,.09)*f2_2+
    mat4(-.11,-.19,.27,.04,-.19,-.26,-.27,.22,.01,-.14,.13,.19,-.05,.08,-.06,.20)*f2_3+
    mat4(-.21,-.07,-.37,.15,.31,.24,-.18,-.11,.12,.04,.30,-.05,.15,-.15,.33,.19)*f2_4+
    mat4(.11,.06,-.32,-.15,-.27,.11,-.13,.25,.27,-.12,-.27,.15,.02,-.23,.07,.26)*f2_5+
    mat4(-.07,.07,-.14,.13,.14,-.21,.10,.07,-.18,-.17,-.24,-.20,.07,-.14,.32,.21)*f2_6+
    mat4(-.25,.30,-.23,-.23,-.20,.03,.28,-.18,.19,.05,-.24,.19,.03,.22,.29,.13)*f2_7+
    mat4(.21,.13,-.10,-.20,.24,-.13,.23,.06,-.01,.18,.21,.04,-.10,.29,-.15,.06)*f2_8+
    mat4(-.30,.02,.09,.14,.22,-.18,.23,-.01,.21,.27,-.04,.11,-.04,.09,.13,-.21)*f2_9+
    mat4(-.03,.26,-.04,-.25,.01,-.12,.23,.07,.14,.03,-.06,-.21,.06,.26,.05,.19)*f2_10+
    mat4(-.07,-.30,.13,.26,.01,-.07,-.08,-.29,-.02,-.14,-.15,.12,-.12,-.10,-.05,-.31)*f2_11+
    mat4(.24,-.05,.31,.14,-.25,-.19,-.20,-.01,.01,-.10,.33,-.21,-.33,.08,.16,.13)*f2_12+
    mat4(.19,-.10,-.13,-.10,.24,.30,-.17,.08,.25,-.19,.05,-.02,.01,-.32,.20,-.00)*f2_13+
    mat4(-.22,-.08,-.25,-.08,-.05,.06,.07,-.26,.16,-.13,-.18,.06,.15,.02,-.05,.27)*f2_14+
    mat4(.18,-.10,.28,.04,-.16,-.21,-.04,-.13,-.28,-.08,.18,.06,.07,-.15,-.02,.07)*f2_15+
    vec4(-.74,-.17,-1.56,-1.46))/1.7+f2_11;
vec4 f3_12=sin(mat4(.07,-.29,-.04,-.05,.09,.19,-.07,-.01,-.00,.16,.34,.07,.13,.16,.15,.26)*f2_0+
    mat4(.04,.25,.22,.06,-.14,.15,-.13,.13,.25,.02,.18,.15,.05,.05,-.27,-.06)*f2_1+
    mat4(.15,.24,.08,.06,.13,.24,-.00,.12,-.10,.20,-.05,-.27,-.27,-.32,-.13,-.24)*f2_2+
    mat4(-.04,.11,.00,-.11,-.09,-.26,-.05,.05,.28,-.12,.07,.36,.30,-.02,.22,.04)*f2_3+
    mat4(.06,.14,.22,-.26,-.15,.11,.19,.24,.04,.09,-.43,-.24,.31,-.31,-.04,.15)*f2_4+
    mat4(.24,-.10,.05,-.02,-.11,.24,-.07,-.34,.04,-.19,-.03,-.26,-.01,.05,.16,-.28)*f2_5+
    mat4(.23,-.03,.07,-.25,-.30,-.21,-.22,.05,.07,.23,.20,.24,.16,-.02,.28,.02)*f2_6+
    mat4(.11,.02,.10,-.12,.28,.26,.04,-.23,-.06,.04,.10,-.05,.27,.16,-.13,-.24)*f2_7+
    mat4(.06,-.08,-.27,-.52,-.07,.23,.05,-.32,.07,.12,-.14,.18,.11,-.01,-.08,-.09)*f2_8+
    mat4(-.15,-.23,.00,-.09,-.00,.34,-.09,.19,-.06,-.22,.16,.29,.12,-.09,.19,.17)*f2_9+
    mat4(.22,-.15,.00,.07,.05,.11,-.09,.02,.06,-.28,.24,-.27,-.05,-.08,-.31,-.22)*f2_10+
    mat4(-.22,.00,.28,.09,.03,-.03,.16,-.15,-.27,-.29,.19,.07,.16,-.31,.31,-.14)*f2_11+
    mat4(-.19,-.14,-.11,-.20,-.25,-.21,-.03,-.12,.32,-.10,.35,.20,.06,.25,.24,.18)*f2_12+
    mat4(.12,-.18,.12,-.07,-.05,-.20,-.28,.22,.26,.27,.17,.21,.20,.17,.00,.08)*f2_13+
    mat4(-.28,.14,-.12,-.11,.13,.01,.09,.12,.02,.30,-.13,-.25,-.24,.29,.19,-.27)*f2_14+
    mat4(.00,.22,.36,-.15,.18,.03,.38,-.17,.05,-.27,-.25,-.01,.05,-.18,.05,.33)*f2_15+
    vec4(.99,1.59,-1.15,-.90))/1.7+f2_12;
vec4 f3_13=sin(mat4(.16,-.27,-.29,-.32,.08,-.08,-.34,-.02,-.40,.08,-.00,.31,-.01,.23,-.07,.26)*f2_0+
    mat4(.18,.13,.17,.25,.26,.16,.04,-.20,.28,.13,-.10,.18,.24,-.24,-.20,-.03)*f2_1+
    mat4(.25,.10,-.05,-.09,-.04,.26,.15,-.25,-.33,.06,-.23,-.09,-.20,.15,.15,-.17)*f2_2+
    mat4(-.13,.11,-.10,-.07,-.04,.14,.37,-.05,.15,.13,.04,.13,-.09,-.02,-.28,-.26)*f2_3+
    mat4(.20,.09,-.12,.33,-.03,-.28,.26,-.13,-.18,-.23,.04,.11,.18,.24,.28,.03)*f2_4+
    mat4(.13,.15,-.00,-.15,.20,.22,.10,.24,-.13,-.27,-.10,-.08,-.38,.15,-.27,-.16)*f2_5+
    mat4(.06,.08,-.08,-.15,-.35,.02,.12,.20,-.15,-.23,.03,-.22,.06,-.20,-.26,.20)*f2_6+
    mat4(.22,.24,.07,.40,.27,.22,.04,-.13,-.07,.01,.17,.02,.29,-.10,-.28,-.31)*f2_7+
    mat4(.03,-.15,.31,-.03,-.01,-.21,.25,-.02,-.13,.10,-.07,.24,.04,-.24,-.39,-.18)*f2_8+
    mat4(-.11,-.16,.09,-.21,.10,.31,-.09,-.08,-.04,-.22,-.21,-.15,-.10,-.30,-.29,.20)*f2_9+
    mat4(.21,-.25,.31,-.19,.20,.32,.26,.26,.10,.12,-.04,-.18,-.01,.25,.15,.02)*f2_10+
    mat4(-.09,.17,.49,-.05,.18,-.35,-.32,-.10,-.12,-.23,.10,.09,-.01,-.32,-.31,.06)*f2_11+
    mat4(-.32,-.00,.23,.23,.26,.15,-.12,-.32,.02,.04,.07,-.07,-.23,-.11,.16,-.02)*f2_12+
    mat4(.13,.07,.28,.07,-.03,-.30,-.33,-.25,-.03,-.08,-.10,.00,.18,-.27,-.06,.04)*f2_13+
    mat4(.30,.03,.12,-.21,-.25,.22,.08,.12,.29,.22,-.24,-.36,-.14,.15,.31,-.01)*f2_14+
    mat4(-.20,-.10,.10,-.20,.04,-.26,-.06,.28,-.03,-.30,.23,.16,.19,.02,-.41,.25)*f2_15+
    vec4(-.61,-1.18,1.64,1.33))/1.7+f2_13;
vec4 f3_14=sin(mat4(-.32,.07,.16,.26,.27,-.09,.10,.03,-.15,.02,-.15,-.12,-.11,-.24,-.11,-.21)*f2_0+
    mat4(-.23,.13,-.12,-.18,.07,.24,-.26,-.14,-.17,-.02,-.30,.14,-.08,-.31,-.22,-.16)*f2_1+
    mat4(-.27,-.06,-.07,-.00,-.14,.20,-.08,.29,.27,-.00,.05,.16,-.24,-.26,-.09,-.15)*f2_2+
    mat4(-.12,.15,-.13,-.23,.14,.28,-.17,.16,.21,-.20,-.02,-.01,.03,-.07,.30,-.11)*f2_3+
    mat4(.17,.19,.20,-.26,.01,.27,.29,.05,-.27,.05,-.01,.19,.21,-.19,-.08,-.13)*f2_4+
    mat4(.27,-.06,.16,-.34,.27,-.07,.09,.17,.01,.15,.11,.28,.20,.18,-.05,-.09)*f2_5+
    mat4(-.25,.11,.09,.06,.21,.23,.07,-.27,.21,-.18,-.06,.33,-.06,-.22,-.17,-.17)*f2_6+
    mat4(.16,-.24,-.28,.12,.28,-.34,-.24,-.17,.30,-.01,.04,.19,-.02,-.05,.01,.11)*f2_7+
    mat4(-.24,.03,-.18,-.14,-.02,.03,-.12,-.20,.01,.17,.01,.12,.03,.16,.23,.04)*f2_8+
    mat4(.23,-.18,.36,.16,.27,-.11,-.14,-.18,.02,.14,.04,.22,-.18,.14,.30,-.09)*f2_9+
    mat4(.06,-.21,.36,-.20,-.03,.21,.08,-.03,.15,-.23,.15,.11,-.16,.12,-.11,-.06)*f2_10+
    mat4(.25,-.23,.22,-.28,.09,.02,.19,.26,.28,-.21,.19,.10,.12,.23,.06,.30)*f2_11+
    mat4(.03,-.07,.05,.06,.30,-.07,-.05,-.05,.03,-.20,.21,-.21,.20,.21,.06,-.09)*f2_12+
    mat4(-.18,-.14,-.14,-.07,.31,-.20,.19,-.11,.13,.04,.31,.09,-.20,-.02,-.11,-.14)*f2_13+
    mat4(-.19,.13,-.07,-.07,.23,-.34,.19,.03,.10,-.02,.22,.17,-.19,.22,.30,.24)*f2_14+
    mat4(.19,.20,-.18,-.03,-.19,-.23,-.16,-.03,-.08,-.26,.27,-.11,.12,.00,.24,.06)*f2_15+
    vec4(-.30,1.90,-1.15,.55))/1.7+f2_14;
vec4 f3_15=sin(mat4(-.29,-.24,-.16,-.02,-.26,-.23,-.24,.04,-.28,-.03,.17,.34,-.20,-.03,-.04,.35)*f2_0+
    mat4(-.00,-.14,-.25,.19,.08,.16,.07,.13,-.20,.11,.09,.28,.24,.09,.17,.27)*f2_1+
    mat4(.31,-.21,-.16,-.27,-.02,-.15,-.14,-.08,-.30,.13,-.09,.12,.02,.05,-.57,-.04)*f2_2+
    mat4(.13,.13,-.17,.33,.02,-.07,-.15,.18,-.15,.17,-.25,-.05,.11,-.16,-.18,.18)*f2_3+
    mat4(-.23,-.24,-.00,.15,.26,-.20,.01,-.07,-.02,.23,.16,-.14,-.23,-.16,-.23,.10)*f2_4+
    mat4(.04,-.10,-.23,-.32,-.31,.03,-.23,.07,.26,.07,-.16,-.06,.32,.07,-.20,-.09)*f2_5+
    mat4(.03,-.15,.10,-.01,.13,-.07,.31,.09,.21,.22,.13,.25,.22,.03,.12,-.05)*f2_6+
    mat4(.15,.05,-.19,.15,.18,-.17,.29,-.06,.15,-.12,-.08,.02,-.07,-.16,.19,-.23)*f2_7+
    mat4(-.06,.07,.04,-.24,-.29,.21,-.22,-.21,-.32,-.16,.05,.13,.15,.00,-.06,.05)*f2_8+
    mat4(.08,.14,.31,-.12,.10,-.13,-.09,.07,-.17,-.29,-.02,-.08,-.12,.12,.19,-.23)*f2_9+
    mat4(-.08,.07,.15,.12,-.04,.15,-.19,-.22,.25,.28,-.22,.20,-.21,-.00,-.11,.07)*f2_10+
    mat4(-.15,.17,-.14,-.31,-.31,-.29,.14,.02,-.24,.06,-.31,-.17,-.22,.21,-.18,.23)*f2_11+
    mat4(.03,.17,.21,.15,.21,.05,-.22,.02,-.07,-.09,-.27,-.27,.14,.30,-.29,.02)*f2_12+
    mat4(.13,-.21,.24,-.02,.28,-.25,-.07,.30,-.17,-.19,.13,.14,.17,-.28,-.10,-.16)*f2_13+
    mat4(.00,.19,-.15,-.17,-.31,.04,.12,.23,-.06,-.13,.18,-.02,-.32,-.09,.07,-.06)*f2_14+
    mat4(-.20,.03,-.09,.03,.19,-.14,.19,.35,.00,-.21,.11,-.19,.21,-.24,.19,-.35)*f2_15+
    vec4(-.72,-.43,-.74,-1.67))/1.7+f2_15;
vec4 f4_0=sin(mat4(.17,-.49,.07,-.06,-.27,.04,-.14,-.17,.31,.31,.30,-.22,.04,-.34,.03,-.30)*f3_0+
    mat4(.21,-.24,.25,-.25,.11,-.17,-.02,-.28,.13,-.23,-.02,.28,.07,-.29,.03,.02)*f3_1+
    mat4(.05,-.12,.01,-.04,-.12,.35,.06,.11,.10,-.25,-.12,-.12,.13,.22,.15,-.17)*f3_2+
    mat4(-.25,-.10,.14,-.11,-.30,.00,.22,-.19,.23,-.12,.08,-.10,-.00,-.19,.23,-.03)*f3_3+
    mat4(-.08,-.32,-.10,-.15,.03,.26,-.12,-.04,-.07,.01,-.11,-.08,-.03,.12,-.19,.13)*f3_4+
    mat4(-.13,.17,-.07,.05,.11,-.17,-.03,.06,-.06,-.19,.11,.33,-.26,-.24,.29,.24)*f3_5+
    mat4(.05,-.19,.08,-.29,.27,.07,-.12,.30,.00,-.13,-.04,.15,.12,-.27,-.30,.03)*f3_6+
    mat4(-.13,-.25,.14,.02,.08,.27,-.25,.31,-.32,.16,-.23,.16,.14,-.42,.04,.11)*f3_7+
    mat4(-.21,.37,.09,-.16,-.11,-.29,.14,-.16,-.21,.37,-.08,.20,-.25,.28,-.18,.19)*f3_8+
    mat4(-.23,.17,.09,.17,-.11,.19,-.10,.11,.22,-.24,-.23,.10,-.03,-.28,-.39,.11)*f3_9+
    mat4(-.15,.18,.03,-.16,-.09,.05,-.29,-.11,.07,.01,-.30,-.21,-.24,.23,-.19,-.27)*f3_10+
    mat4(.04,-.39,.20,.09,.16,.24,.01,-.10,-.04,-.29,-.09,.17,-.23,.24,.29,.16)*f3_11+
    mat4(.16,.16,-.17,.22,.03,-.03,.34,.09,.11,-.18,.32,-.25,.01,.21,-.16,.03)*f3_12+
    mat4(.03,-.38,.17,-.17,.02,.05,.35,-.10,.23,.04,.18,-.06,.06,.08,-.15,.20)*f3_13+
    mat4(.13,.37,.13,-.01,.05,-.42,.16,.21,.31,-.02,-.11,-.30,.08,-.08,.21,.27)*f3_14+
    mat4(-.14,-.09,-.12,.17,.25,.05,-.01,.11,-.04,-.23,-.11,-.01,.04,.28,-.06,.33)*f3_15+
    vec4(-1.37,.23,.47,-1.24))/2.0+f3_0;
vec4 f4_1=sin(mat4(.24,.29,-.23,.09,.24,.28,.11,-.29,-.16,.20,.03,.09,.08,-.23,.09,.14)*f3_0+
    mat4(.04,.01,-.04,.30,.27,.32,-.05,.11,.23,-.05,.21,.02,-.29,.04,.08,-.28)*f3_1+
    mat4(-.13,.19,-.04,-.08,.19,-.14,-.07,-.07,.25,-.17,.29,-.09,.07,.12,-.29,.06)*f3_2+
    mat4(-.14,.20,.29,-.08,-.18,.30,.10,.03,-.09,-.12,.04,.23,.25,-.23,.01,-.11)*f3_3+
    mat4(-.03,.20,-.09,.10,-.02,.28,-.07,-.23,.18,.32,-.18,.30,-.02,.27,.06,.15)*f3_4+
    mat4(.03,-.10,.10,.06,-.13,.10,-.01,-.24,.07,-.10,.16,-.08,-.06,-.10,.05,.27)*f3_5+
    mat4(.25,-.25,-.27,.16,-.16,.24,.05,-.04,-.25,.33,.20,-.04,-.09,.28,-.19,-.17)*f3_6+
    mat4(-.19,.10,-.07,-.31,.00,.09,.05,-.13,-.06,-.10,-.06,.09,.08,-.24,.27,-.03)*f3_7+
    mat4(-.14,.10,-.26,.14,-.15,-.18,-.29,.23,.31,.12,.14,-.32,.19,.01,-.17,-.17)*f3_8+
    mat4(.23,.01,-.09,.25,-.22,.09,.18,-.11,-.08,-.02,.29,.10,-.18,-.08,-.19,-.14)*f3_9+
    mat4(-.25,.18,-.25,-.16,-.12,.25,-.27,-.11,-.00,-.01,-.27,.13,.07,.24,-.22,.07)*f3_10+
    mat4(-.16,.08,.12,-.20,.05,-.13,-.32,-.24,.15,-.33,-.09,.08,.26,-.25,-.13,-.06)*f3_11+
    mat4(-.23,.12,.10,.09,-.23,.18,-.18,.22,-.06,.05,-.07,-.21,-.04,.12,-.13,.13)*f3_12+
    mat4(-.05,-.17,.02,-.27,-.10,.37,-.04,.17,-.02,.18,.12,-.17,-.27,-.18,.13,.24)*f3_13+
    mat4(.22,-.03,-.07,.21,-.12,-.24,.19,-.24,-.19,.08,.26,.21,.23,-.27,-.09,-.02)*f3_14+
    mat4(-.14,.26,.18,.02,.14,-.16,-.23,.23,-.09,.05,.08,.08,.31,-.15,.42,-.11)*f3_15+
    vec4(-.54,-1.68,.72,.30))/2.0+f3_1;
vec4 f4_2=sin(mat4(-.05,-.26,-.15,-.30,.04,.17,.20,.27,.09,-.02,-.02,-.46,-.20,-.18,-.22,-.13)*f3_0+
    mat4(-.21,.14,-.22,.39,.11,.16,.13,-.30,.02,-.26,-.09,-.04,.05,.05,-.06,.02)*f3_1+
    mat4(.17,-.09,-.19,.07,-.05,-.20,-.26,.11,-.08,.17,.31,.27,-.15,.18,-.33,.03)*f3_2+
    mat4(-.33,-.12,.36,-.18,.16,-.29,-.09,.04,-.47,.10,-.02,.18,.21,.12,-.15,.35)*f3_3+
    mat4(-.15,.14,.10,-.18,.22,-.05,.06,.16,-.30,.32,.24,-.08,.28,-.21,.14,-.30)*f3_4+
    mat4(-.24,-.21,-.37,.29,.13,-.29,.02,-.27,-.33,.09,-.23,.03,.01,-.18,-.30,.07)*f3_5+
    mat4(-.22,-.17,.40,-.14,.04,-.26,.09,-.01,-.15,.25,.17,.30,.13,-.11,.27,-.10)*f3_6+
    mat4(.22,.36,-.21,.24,-.31,-.17,-.18,.22,-.00,.13,-.16,.25,.12,.10,.20,.28)*f3_7+
    mat4(-.03,-.02,.23,.05,.10,-.05,-.25,-.09,.08,.09,-.27,.31,-.25,.33,.12,.24)*f3_8+
    mat4(-.27,-.05,-.09,-.32,.26,.24,-.01,-.17,-.01,.26,.01,.11,.05,.19,-.03,.09)*f3_9+
    mat4(-.16,.24,.07,.12,-.11,.19,.22,.05,-.14,.05,.03,.06,-.29,-.18,.00,-.26)*f3_10+
    mat4(.22,-.26,.05,-.16,-.07,.21,.06,.01,-.14,.15,.15,-.07,.11,.24,-.04,-.01)*f3_11+
    mat4(.18,.26,.19,-.06,-.11,.03,.05,-.21,-.09,.09,-.33,.06,.43,.11,-.12,-.09)*f3_12+
    mat4(.02,.09,-.17,.01,-.26,-.28,-.24,.19,-.17,-.15,.15,.23,-.16,-.02,.18,.15)*f3_13+
    mat4(.21,.04,-.08,-.20,-.20,-.20,-.09,-.26,-.00,-.26,-.29,-.13,.26,.11,.03,-.08)*f3_14+
    mat4(-.00,-.24,.29,.32,.14,.20,.22,-.08,-.09,-.18,-.05,-.32,-.04,.14,.07,.12)*f3_15+
    vec4(.73,-1.54,-1.13,.59))/2.0+f3_2;
vec4 f4_3=sin(mat4(.09,-.05,-.02,-.25,-.18,-.10,-.23,-.29,.28,-.27,.08,.04,.26,.28,.24,.23)*f3_0+
    mat4(-.04,.30,-.13,.21,-.01,-.10,.10,-.29,.16,-.25,-.11,.24,.28,-.18,-.32,.01)*f3_1+
    mat4(-.09,.25,.10,.12,-.04,.27,-.21,-.02,.30,-.28,-.24,.24,-.07,.17,-.14,-.17)*f3_2+
    mat4(-.29,-.04,.30,-.26,-.18,-.28,.20,.01,-.05,-.23,-.04,-.18,.21,.04,.17,.03)*f3_3+
    mat4(-.30,-.12,.11,-.04,.22,-.12,.09,.13,-.08,.23,-.20,.14,-.15,-.28,-.08,.03)*f3_4+
    mat4(-.18,.10,.09,-.03,.19,-.13,.11,-.03,-.18,-.23,-.25,-.20,-.17,-.23,.09,-.32)*f3_5+
    mat4(.19,.27,-.11,.15,-.16,.06,-.15,.03,-.27,.08,.03,-.17,.09,-.10,-.36,.08)*f3_6+
    mat4(-.10,-.26,-.26,-.26,-.06,-.00,-.19,-.19,-.25,.07,.07,-.29,.06,.30,.11,-.05)*f3_7+
    mat4(-.00,.16,-.19,.01,-.22,-.04,.08,-.02,-.03,-.11,.21,.23,-.09,-.27,.15,.17)*f3_8+
    mat4(-.29,-.23,-.02,.32,-.05,.27,.09,.10,.16,-.07,.03,.13,.23,-.17,.06,-.11)*f3_9+
    mat4(.20,.12,.25,-.07,-.29,-.29,-.15,.14,-.22,.09,.29,.17,-.13,.21,.07,.07)*f3_10+
    mat4(.23,-.21,-.01,-.07,-.16,-.17,-.09,.24,-.04,.11,.13,.04,-.18,.46,.10,-.08)*f3_11+
    mat4(.01,.09,-.11,.24,-.17,-.22,.20,-.11,.05,.16,.17,-.02,.06,.13,-.23,-.12)*f3_12+
    mat4(-.01,-.07,-.14,-.25,-.04,-.05,-.06,-.26,-.09,.06,.17,-.18,.24,.12,-.02,.17)*f3_13+
    mat4(-.27,.07,.22,-.20,.20,-.04,.07,.03,.05,-.15,-.08,-.01,.20,-.31,.29,-.06)*f3_14+
    mat4(-.02,.15,.24,.04,.02,-.11,.17,-.11,.05,.11,.27,.18,-.14,-.25,-.23,.14)*f3_15+
    vec4(-.49,1.47,-1.21,-.13))/2.0+f3_3;
vec4 f4_4=sin(mat4(-.28,-.30,.16,.06,-.15,-.04,.10,.18,-.21,-.11,.18,.10,.07,.25,.21,-.14)*f3_0+
    mat4(-.25,.26,.32,.25,-.30,.07,-.33,.18,.25,-.02,.01,.31,-.10,.13,.10,.16)*f3_1+
    mat4(.31,-.11,.11,.27,.18,.25,.28,.09,-.00,-.16,.08,-.05,.19,-.15,-.22,.26)*f3_2+
    mat4(-.17,-.16,.34,.06,.11,-.17,.02,.11,-.13,.11,-.14,.07,.34,.28,.32,.23)*f3_3+
    mat4(.01,-.12,.09,-.06,.14,.22,.18,.16,.10,-.13,.14,-.09,.04,.09,-.10,.01)*f3_4+
    mat4(.28,-.10,.25,-.01,-.24,-.04,.21,-.04,-.09,-.02,-.29,-.11,.21,-.18,-.22,-.10)*f3_5+
    mat4(.36,-.27,-.27,-.09,.26,-.04,-.31,-.34,-.01,.26,-.32,-.14,.08,-.29,.29,-.10)*f3_6+
    mat4(-.24,.08,.19,.08,.27,-.23,.11,.21,.20,.10,.19,.15,-.06,.12,-.25,-.30)*f3_7+
    mat4(-.28,.10,.08,-.16,.08,.20,.23,.35,.14,.18,.22,-.06,-.23,.04,-.15,-.02)*f3_8+
    mat4(.05,.04,.17,.15,.17,-.27,.07,.14,.21,.09,-.09,.25,.04,-.11,.13,.07)*f3_9+
    mat4(-.08,-.17,.07,-.18,.26,.16,.34,-.32,-.26,-.17,.16,-.00,-.26,.21,-.25,.28)*f3_10+
    mat4(-.17,.06,.10,.32,-.25,.31,.14,.14,.30,-.23,-.15,-.15,-.14,.25,-.32,.11)*f3_11+
    mat4(.06,-.10,.34,-.01,-.26,-.26,-.20,-.09,.01,.32,-.15,.01,-.04,-.07,-.27,-.24)*f3_12+
    mat4(.45,-.25,.11,-.01,-.10,-.09,.09,-.24,-.07,.13,-.18,.03,.00,-.34,-.18,.02)*f3_13+
    mat4(-.25,-.23,.12,-.14,-.27,.02,.11,.20,.22,.15,-.28,-.31,.05,-.16,.18,.09)*f3_14+
    mat4(-.27,.25,-.07,.25,.10,.23,.35,.08,-.15,.25,.26,.26,-.17,.28,-.16,-.23)*f3_15+
    vec4(-1.68,1.37,.10,.00))/2.0+f3_4;
vec4 f4_5=sin(mat4(-.06,.14,-.05,-.28,-.20,.01,.15,-.14,.15,-.21,.16,-.17,.27,.16,.28,.14)*f3_0+
    mat4(-.22,.21,.02,.22,.23,-.12,.15,-.15,.21,-.31,.08,-.03,-.22,-.18,-.29,-.08)*f3_1+
    mat4(.23,-.10,.26,-.07,-.13,.20,-.06,.26,.12,-.10,.23,-.26,-.02,-.01,-.08,.03)*f3_2+
    mat4(.16,.07,.26,-.20,.18,-.26,.20,-.08,.23,.16,.24,.04,-.00,-.23,-.03,-.01)*f3_3+
    mat4(.08,-.01,.18,.10,-.12,-.05,-.23,.19,.19,-.12,.07,-.07,.14,.31,.10,.23)*f3_4+
    mat4(.10,-.11,-.29,-.27,.16,.04,-.27,-.12,-.01,.38,.00,-.38,.14,.13,-.15,-.04)*f3_5+
    mat4(.26,-.01,.32,.20,.11,-.13,-.08,.25,-.02,-.11,.04,-.25,-.04,-.15,-.05,-.20)*f3_6+
    mat4(-.21,-.02,-.19,.07,.06,-.05,.09,.10,-.04,-.16,-.03,.07,-.27,.01,-.16,.01)*f3_7+
    mat4(.02,-.14,-.10,-.18,.20,.14,-.23,.31,-.14,.31,-.28,-.10,-.07,.17,-.24,-.12)*f3_8+
    mat4(.39,-.20,.36,.27,-.28,.10,-.16,.06,-.17,.25,-.12,-.08,.25,.05,.17,-.24)*f3_9+
    mat4(-.15,.18,-.10,.11,-.35,-.03,.22,.09,-.31,.28,-.13,.05,-.16,.13,.13,.26)*f3_10+
    mat4(.26,-.19,.24,-.04,.35,-.15,.11,-.24,-.29,-.30,-.01,.02,-.19,.11,-.08,.31)*f3_11+
    mat4(.00,.08,-.16,-.22,.05,-.02,.07,.15,.02,.23,-.08,.19,.34,-.16,.29,.04)*f3_12+
    mat4(-.17,-.18,-.00,-.09,-.08,.33,.08,-.20,.11,-.29,.02,-.27,-.31,-.26,.16,-.24)*f3_13+
    mat4(.16,-.29,.36,.25,.18,.24,.05,-.32,-.16,.32,-.46,-.04,-.25,.24,-.26,.00)*f3_14+
    mat4(-.21,-.04,-.31,-.03,.34,.17,.03,.16,.01,-.26,.26,-.22,.09,.09,.08,-.27)*f3_15+
    vec4(-1.27,1.82,-1.83,-.43))/2.0+f3_5;
vec4 f4_6=sin(mat4(-.10,.08,-.11,.57,-.15,.26,-.15,.00,-.27,-.32,.41,.21,.23,.23,-.33,.17)*f3_0+
    mat4(-.00,.01,-.01,-.09,-.05,.02,-.30,.43,-.16,.14,.22,.01,.15,.36,-.05,-.25)*f3_1+
    mat4(-.04,-.29,.04,.24,-.30,-.13,.28,-.34,.09,-.08,-.13,.03,-.25,.24,-.19,-.05)*f3_2+
    mat4(.07,-.08,.13,-.26,-.28,.30,.03,.04,-.14,.24,.02,-.23,-.23,-.11,-.17,-.12)*f3_3+
    mat4(.09,.12,-.17,.14,.17,.19,-.23,-.26,-.23,.10,.04,-.23,-.22,-.21,-.25,-.04)*f3_4+
    mat4(.06,.01,.17,-.24,.20,-.13,-.11,.05,.29,.13,-.05,-.17,.17,-.29,-.29,-.34)*f3_5+
    mat4(.19,-.23,-.25,.13,.01,.31,-.29,-.19,.40,-.09,.01,-.15,.23,.08,.19,-.13)*f3_6+
    mat4(-.05,.13,.33,-.21,-.05,.12,.25,.30,.00,.04,.19,-.06,-.08,.20,-.08,.07)*f3_7+
    mat4(.02,-.25,.28,.22,-.11,.01,-.15,-.16,-.12,.01,.07,-.36,.02,-.02,.17,-.13)*f3_8+
    mat4(.26,-.36,.16,.08,-.35,-.21,.16,-.06,.07,.16,-.18,-.33,.07,-.07,-.16,-.25)*f3_9+
    mat4(-.03,-.11,-.17,-.08,-.16,-.11,-.27,-.40,-.04,-.09,.04,-.04,.04,.10,-.01,-.28)*f3_10+
    mat4(.00,.00,-.18,.17,.16,.04,-.24,.00,.17,.24,-.05,-.22,.03,.22,.16,-.03)*f3_11+
    mat4(.08,.03,-.06,-.14,-.05,-.02,-.19,.43,-.19,.19,.28,.37,.21,.28,-.28,.24)*f3_12+
    mat4(.21,.09,-.11,-.32,.29,-.24,.16,.36,-.29,.15,.03,.30,.23,.24,.13,.03)*f3_13+
    mat4(-.19,.05,.07,-.06,-.14,-.25,.34,.25,-.28,.06,-.29,-.18,.12,-.17,.04,-.12)*f3_14+
    mat4(.02,-.22,.25,.32,.06,.24,.16,-.09,.20,.15,.09,-.26,.00,-.08,-.27,-.29)*f3_15+
    vec4(-1.21,.41,-1.71,-.51))/2.0+f3_6;
vec4 f4_7=sin(mat4(.16,-.18,.25,.11,-.13,-.32,.20,-.04,.19,.04,-.16,-.17,.23,-.06,-.10,.12)*f3_0+
    mat4(-.17,-.21,.21,-.23,.19,-.04,.19,-.08,.12,-.29,.12,-.11,-.07,-.29,.15,.16)*f3_1+
    mat4(.17,-.24,.25,.05,-.19,-.03,.24,-.03,.17,.12,.18,-.13,-.12,.03,.15,.13)*f3_2+
    mat4(-.02,-.25,.12,.03,-.20,.03,-.19,-.04,.08,.19,.02,.26,.26,-.29,.17,.16)*f3_3+
    mat4(.08,-.23,.13,.28,-.02,.03,.11,.28,.01,-.18,-.14,.02,-.15,-.04,-.15,-.20)*f3_4+
    mat4(-.15,-.22,.16,.36,-.29,.15,.06,.29,.15,-.16,.17,-.10,.07,-.06,.14,-.07)*f3_5+
    mat4(.08,.23,.05,-.05,.25,.17,.29,.18,.13,-.04,.15,.05,.17,-.05,.02,.21)*f3_6+
    mat4(.11,.07,-.02,-.04,.18,-.03,.01,.09,.26,.30,-.26,.22,.01,-.30,-.15,-.15)*f3_7+
    mat4(-.27,.11,-.25,-.12,.01,-.19,.28,-.05,-.24,-.04,.20,-.08,.02,-.31,.25,.00)*f3_8+
    mat4(-.35,.02,.28,-.07,-.29,-.07,.01,-.23,-.14,.26,-.22,.25,.05,-.30,-.07,.02)*f3_9+
    mat4(.30,-.18,.05,-.29,.09,.33,-.24,.04,.04,.06,-.00,.05,-.12,.29,.17,.06)*f3_10+
    mat4(-.04,.25,-.18,.36,-.25,.15,-.02,.02,.32,-.01,.31,-.24,.02,-.30,-.04,.37)*f3_11+
    mat4(-.28,-.10,.19,.01,.20,-.30,.25,.04,.12,.23,.22,-.05,-.09,-.11,.14,-.05)*f3_12+
    mat4(.24,-.21,-.02,.09,.13,.33,.10,.07,.15,.25,.05,-.21,.17,.09,-.07,.14)*f3_13+
    mat4(.05,.02,-.00,.10,.19,-.10,.21,-.24,.18,.17,-.29,.29,-.05,-.25,-.27,-.18)*f3_14+
    mat4(.05,.07,.28,-.23,.08,.29,.24,-.13,.26,-.09,.10,-.23,.04,.18,-.03,.27)*f3_15+
    vec4(-1.22,-1.22,-1.19,1.37))/2.0+f3_7;
vec4 f4_8=sin(mat4(.20,.08,.21,-.03,-.03,-.27,.06,.07,.05,-.27,.58,-.07,.15,.01,.14,.04)*f3_0+
    mat4(-.25,.14,-.07,-.03,.24,-.23,.07,.11,-.25,.07,.33,.18,-.11,-.14,-.09,.06)*f3_1+
    mat4(.11,-.16,.43,.14,-.12,-.09,.33,.11,.28,.14,.72,.19,-.14,.35,-.05,-.09)*f3_2+
    mat4(.26,-.08,.08,-.25,.20,-.23,-.25,-.03,-.19,-.26,-.37,-.14,-.07,.24,.34,-.17)*f3_3+
    mat4(-.24,-.01,-.22,.29,.03,.27,.19,-.13,-.10,-.28,.12,-.27,.19,.21,-.42,.20)*f3_4+
    mat4(-.21,-.22,.18,.26,.10,-.25,-.28,-.11,-.19,-.19,-.44,-.24,.25,.23,.09,-.11)*f3_5+
    mat4(-.23,.07,-.31,-.08,.29,-.34,.25,-.13,.11,.04,.14,.07,-.17,-.28,.15,.17)*f3_6+
    mat4(.15,-.28,.27,.20,.06,.26,-.32,-.12,.28,-.09,-.06,-.05,-.19,-.03,-.15,-.01)*f3_7+
    mat4(-.12,.10,-.07,.04,.07,.27,-.04,-.02,-.24,-.23,.03,.07,-.21,-.01,.39,-.24)*f3_8+
    mat4(.01,-.26,.16,.28,.05,.18,-.15,.07,-.26,-.20,-.09,.16,.05,.25,.26,.24)*f3_9+
    mat4(.21,-.05,-.31,-.03,-.30,.03,-.52,.04,-.03,.26,.28,.25,.27,.18,.02,.12)*f3_10+
    mat4(-.15,.26,-.05,-.05,-.21,-.02,.27,.26,-.18,.05,.53,-.16,.02,.19,.43,.26)*f3_11+
    mat4(.33,.04,-.29,.08,-.19,.02,-.14,-.21,-.21,.34,.00,-.00,.16,.38,.19,-.24)*f3_12+
    mat4(-.09,.15,.32,-.03,-.03,.15,-.35,-.08,-.11,.03,-.02,.16,.31,-.04,-.39,-.10)*f3_13+
    mat4(-.22,-.02,-.15,.22,-.16,.16,.21,.16,-.00,.04,-.14,.11,-.18,-.30,-.15,.17)*f3_14+
    mat4(-.10,.05,-.30,-.04,-.04,-.04,-.20,.24,-.13,.03,.38,.13,.30,.12,-.18,.02)*f3_15+
    vec4(-.61,-.57,.24,-1.73))/2.0+f3_8;
vec4 f4_9=sin(mat4(.28,-.12,-.37,.19,.29,-.25,.20,-.20,.20,.25,.08,.31,.27,-.14,-.10,-.19)*f3_0+
    mat4(.04,.04,.14,.21,-.22,.15,-.27,-.08,-.21,.26,-.14,.03,.13,-.20,.06,.33)*f3_1+
    mat4(.20,-.12,-.03,-.17,-.27,-.25,.12,.00,.23,.02,-.01,-.06,-.28,.25,.14,.28)*f3_2+
    mat4(-.27,.06,.06,-.14,-.09,.11,.23,-.20,.09,-.16,-.03,.16,-.08,.06,-.28,.07)*f3_3+
    mat4(-.14,-.28,-.09,.08,.20,.17,-.15,-.08,-.16,.02,.02,.10,-.02,-.18,-.09,.21)*f3_4+
    mat4(.31,-.05,-.02,.20,-.36,-.26,-.06,-.20,-.38,-.29,.11,.19,-.08,.17,.29,.25)*f3_5+
    mat4(-.14,-.12,-.09,.02,.29,-.13,.07,.06,.22,-.02,.06,.19,.14,-.19,-.21,-.20)*f3_6+
    mat4(-.02,.21,-.30,-.40,-.04,-.13,.18,.10,.39,-.15,.16,-.03,-.16,-.20,-.01,.21)*f3_7+
    mat4(-.19,-.23,-.07,-.24,-.24,.21,.13,-.10,.27,.11,.24,-.00,-.24,-.12,-.01,-.09)*f3_8+
    mat4(.00,-.07,-.25,-.31,-.24,-.27,.09,-.05,.24,-.08,-.08,.13,.24,.12,.15,.12)*f3_9+
    mat4(.22,.14,-.19,.27,-.02,-.22,.25,.12,-.14,-.29,-.08,.01,.10,-.21,.21,.01)*f3_10+
    mat4(-.28,-.26,-.06,-.16,.17,-.33,-.24,.22,-.07,-.32,.26,-.26,-.19,.26,.19,-.29)*f3_11+
    mat4(-.14,.21,-.14,-.05,.20,-.37,-.05,-.10,.25,-.22,.00,-.30,-.16,.28,.03,.31)*f3_12+
    mat4(-.03,-.19,-.30,.10,-.07,.08,.25,-.16,.26,-.18,.14,.09,-.04,-.12,-.20,.12)*f3_13+
    mat4(.18,.32,-.44,-.14,.26,.12,.28,.05,.07,-.30,-.17,-.06,-.12,-.13,-.14,-.13)*f3_14+
    mat4(-.05,.27,-.35,-.34,-.01,-.14,-.11,-.09,.49,.15,.27,.12,-.16,-.23,-.34,.12)*f3_15+
    vec4(-1.85,-.81,-1.41,.16))/2.0+f3_9;
vec4 f4_10=sin(mat4(-.17,-.20,-.33,-.11,.07,.13,-.13,-.08,.11,.32,.06,-.15,-.22,-.14,.12,-.39)*f3_0+
    mat4(.16,-.24,.12,-.13,-.37,.16,.19,-.10,-.03,-.04,-.16,.35,.03,.07,-.08,-.17)*f3_1+
    mat4(-.02,-.21,.17,.23,-.26,.10,.30,-.14,-.13,.21,.31,.04,-.18,-.04,-.06,.30)*f3_2+
    mat4(.20,-.08,.17,-.13,.06,-.20,.07,.14,-.04,.20,-.32,-.45,-.39,.17,.27,-.12)*f3_3+
    mat4(-.25,.36,-.07,-.29,.05,.18,-.01,-.06,-.28,.23,.19,-.08,.09,.28,.13,-.12)*f3_4+
    mat4(-.08,.14,.01,.28,.21,-.12,-.01,-.11,.28,.06,.20,-.02,.15,-.24,.19,-.08)*f3_5+
    mat4(.03,-.20,.13,-.37,-.16,-.30,.26,-.15,.05,.30,-.26,.02,.16,.15,-.20,-.30)*f3_6+
    mat4(-.07,-.18,-.26,-.28,-.05,-.10,-.16,.06,-.23,.11,-.16,.11,.17,.30,.11,-.10)*f3_7+
    mat4(.30,-.01,-.21,-.17,.13,.28,-.21,-.13,-.24,.24,-.17,.08,.12,-.34,-.18,-.33)*f3_8+
    mat4(-.02,.09,-.28,.16,.14,.08,.09,.25,-.31,-.01,.22,.25,.20,-.22,-.31,-.26)*f3_9+
    mat4(.24,-.04,.26,-.36,.06,.00,-.14,.18,-.11,.00,-.21,.12,.20,-.11,.27,-.04)*f3_10+
    mat4(.17,-.14,.14,-.21,.38,-.15,-.23,.06,-.23,.37,.16,.39,-.11,.16,.15,-.07)*f3_11+
    mat4(-.08,-.11,.23,-.30,.20,.32,-.16,.27,.00,-.00,.02,-.12,.23,.05,-.12,-.33)*f3_12+
    mat4(.17,.27,.20,-.24,.17,-.14,-.19,-.26,-.19,.34,.08,-.09,-.11,-.04,-.02,-.01)*f3_13+
    mat4(.00,-.12,-.18,-.11,.05,-.27,.09,-.03,-.32,.03,.10,-.30,.16,-.13,-.07,.25)*f3_14+
    mat4(-.15,.13,-.01,.19,-.28,.13,-.26,-.03,-.18,-.31,-.07,.19,-.11,.13,-.24,.23)*f3_15+
    vec4(1.35,.88,1.25,1.00))/2.0+f3_10;
vec4 f4_11=sin(mat4(-.15,.43,-.16,-.02,-.31,-.01,.03,-.15,.15,.16,-.33,-.14,.12,.30,.19,.07)*f3_0+
    mat4(-.07,.25,.25,.06,-.22,.13,-.05,-.19,.18,.15,.15,.11,.16,-.24,.26,-.17)*f3_1+
    mat4(.26,.25,-.25,-.24,-.11,-.32,.19,.22,-.08,-.09,.15,.00,-.25,.24,-.20,-.20)*f3_2+
    mat4(-.18,-.10,-.23,-.12,.17,.04,-.07,.17,-.04,-.24,.21,-.25,-.09,.17,.29,-.19)*f3_3+
    mat4(-.03,.12,.00,.13,.30,-.27,-.28,-.01,.27,-.16,-.28,.19,.18,.26,.15,.10)*f3_4+
    mat4(.09,-.27,.10,-.38,.14,.09,.03,.08,-.30,-.20,-.09,.10,.24,.09,-.30,-.18)*f3_5+
    mat4(-.30,-.11,-.38,-.28,.11,.23,-.31,.07,.23,.32,-.20,.02,-.11,-.26,-.09,-.28)*f3_6+
    mat4(-.19,.21,-.08,.20,.09,-.03,-.24,.11,.09,.09,-.27,.15,-.12,.09,.34,.24)*f3_7+
    mat4(.29,.04,-.10,-.05,.03,.12,.25,-.18,.01,.22,-.08,.19,.08,-.28,.30,-.00)*f3_8+
    mat4(.29,.19,.14,-.11,-.19,-.34,-.27,.03,-.14,-.29,.15,.15,-.03,-.13,.13,-.02)*f3_9+
    mat4(-.24,.26,.26,-.05,.00,.21,-.24,-.07,.01,.26,.21,.09,.25,.09,.02,.23)*f3_10+
    mat4(.20,-.06,-.09,.06,.11,.34,-.00,-.01,.04,.10,.18,-.14,-.26,-.12,-.26,-.26)*f3_11+
    mat4(.01,-.29,-.20,-.06,-.15,-.45,-.08,.10,-.11,-.08,.21,.11,-.28,-.02,.10,.07)*f3_12+
    mat4(-.34,.24,.00,.09,.22,.12,.27,-.03,.29,-.01,.04,-.16,.26,-.03,-.14,-.20)*f3_13+
    mat4(-.19,.01,.20,-.10,.02,.26,.02,-.16,.30,.08,.14,-.06,-.22,.16,-.21,.23)*f3_14+
    mat4(.22,-.27,-.22,-.33,.03,-.23,-.26,.04,-.06,.35,-.17,-.24,.03,-.31,.29,.22)*f3_15+
    vec4(1.62,-.37,-1.87,-.57))/2.0+f3_11;
vec4 f4_12=sin(mat4(-.20,-.08,.08,-.05,-.25,-.05,-.18,.07,.11,-.17,.23,-.17,-.12,.10,.19,.23)*f3_0+
    mat4(.11,-.31,-.06,.33,-.24,-.17,-.05,-.51,.20,.19,.14,.06,.25,.24,.08,-.29)*f3_1+
    mat4(-.09,.05,.21,.15,.16,-.03,.04,-.18,.17,-.11,.24,.09,.11,.05,-.05,-.19)*f3_2+
    mat4(-.16,-.28,-.11,.05,.22,.07,.13,.15,-.27,-.19,-.21,-.09,.15,.06,.05,-.01)*f3_3+
    mat4(.00,-.10,.20,-.25,.25,-.02,-.27,.25,.17,.31,-.24,.31,-.02,-.26,-.43,.26)*f3_4+
    mat4(-.09,-.02,-.15,-.11,-.06,.16,.42,.14,.29,.15,.11,.28,.12,.11,-.13,.13)*f3_5+
    mat4(.04,.14,-.16,-.25,-.26,-.37,-.22,-.20,-.02,.00,-.02,-.16,-.31,-.06,-.19,-.07)*f3_6+
    mat4(.03,-.08,-.31,.24,.25,-.06,.23,.33,-.22,.29,-.14,.07,.31,.05,.29,-.04)*f3_7+
    mat4(-.19,.14,.12,-.16,-.14,.10,.05,-.17,-.25,-.26,.32,-.02,.21,-.19,-.13,-.02)*f3_8+
    mat4(-.08,.19,.27,.26,.08,-.21,-.04,-.17,-.27,-.12,.26,.11,.21,.30,-.12,-.14)*f3_9+
    mat4(.01,-.15,-.23,-.26,-.03,-.24,.09,-.05,-.23,.23,-.04,.27,-.09,.30,.19,.14)*f3_10+
    mat4(-.05,-.00,.02,-.13,-.08,.07,-.09,.08,-.33,.04,-.23,.22,-.17,-.16,.04,-.30)*f3_11+
    mat4(.14,.33,-.11,.09,.20,.19,-.19,-.18,-.23,-.08,-.10,.32,.12,.03,.09,-.06)*f3_12+
    mat4(-.25,.26,-.18,-.12,-.23,.18,-.01,-.28,.07,.28,-.29,.04,-.04,-.15,-.23,-.28)*f3_13+
    mat4(-.01,-.12,-.04,-.15,.21,-.13,-.25,.05,-.25,.17,.24,-.27,.10,-.06,-.28,.13)*f3_14+
    mat4(.12,-.30,.30,-.32,.29,.03,-.03,-.32,.04,-.03,.26,-.39,-.24,-.33,-.26,-.30)*f3_15+
    vec4(-.62,1.30,.83,-.43))/2.0+f3_12;
vec4 f4_13=sin(mat4(-.22,.01,.19,.15,.05,-.22,-.14,-.05,.16,-.18,.17,.02,.08,.10,.03,-.08)*f3_0+
    mat4(-.07,-.09,-.30,-.22,-.41,.26,-.01,.27,.34,.16,.23,.00,-.01,.28,-.17,-.18)*f3_1+
    mat4(.39,.20,-.12,.03,-.19,-.24,-.05,.18,-.10,.20,.08,.04,-.07,-.19,.28,-.03)*f3_2+
    mat4(.32,.01,.12,-.12,.07,.01,-.06,-.13,.13,-.13,.18,-.13,.13,-.19,-.17,-.02)*f3_3+
    mat4(-.01,.09,-.03,-.20,-.11,-.18,-.06,.28,.08,-.08,.01,.23,.08,-.25,-.09,.23)*f3_4+
    mat4(.06,-.28,-.03,.08,-.14,.10,-.14,-.16,-.22,.27,.40,-.34,-.02,-.15,.27,.24)*f3_5+
    mat4(-.14,.30,-.09,.03,.09,.04,-.11,-.20,-.34,-.02,.13,-.17,-.23,.11,.01,-.09)*f3_6+
    mat4(-.01,.10,.17,.11,.07,.19,.01,-.26,-.22,.22,-.13,.16,-.11,-.24,.01,.02)*f3_7+
    mat4(-.15,-.20,-.01,-.11,.29,-.13,-.01,-.08,.15,.19,-.15,-.09,-.22,.27,-.01,.30)*f3_8+
    mat4(-.35,-.12,.26,-.17,.17,.12,-.26,-.21,-.05,.24,-.27,.17,-.22,-.10,.08,-.22)*f3_9+
    mat4(-.12,-.14,-.22,.09,.15,-.06,-.01,.24,.15,-.22,.02,.13,-.24,-.04,.23,.13)*f3_10+
    mat4(-.06,-.28,-.29,.02,-.23,-.05,.16,-.18,-.26,-.22,.12,-.17,-.20,-.12,.10,.04)*f3_11+
    mat4(.05,.25,.25,.25,-.16,-.15,.21,-.22,-.34,.09,.06,.16,.33,.09,-.11,-.32)*f3_12+
    mat4(-.23,.00,-.17,.18,-.32,-.25,.02,.17,.18,-.25,.29,-.07,-.06,.20,-.20,.17)*f3_13+
    mat4(-.24,.15,-.12,.21,.12,-.10,-.13,.03,.18,.16,-.27,.02,-.19,.17,.27,.12)*f3_14+
    mat4(.32,-.03,-.10,-.15,-.07,-.22,-.02,.09,.16,.25,.14,.04,-.00,.30,-.36,.06)*f3_15+
    vec4(-.11,-1.79,-.78,-1.43))/2.0+f3_13;
vec4 f4_14=sin(mat4(-.11,-.13,-.07,-.20,-.23,.24,.07,-.21,.35,.03,.04,-.16,.32,.09,.00,-.15)*f3_0+
    mat4(.42,.10,-.21,.24,-.13,-.01,.14,.27,.10,.16,.11,-.08,.07,-.08,-.18,-.05)*f3_1+
    mat4(-.16,-.10,.00,-.05,-.03,-.12,.08,-.02,-.04,-.02,.09,.05,-.15,-.23,-.25,.39)*f3_2+
    mat4(-.19,.21,.15,-.21,.02,-.00,.03,.15,-.12,-.24,.13,.09,.20,-.07,.09,-.28)*f3_3+
    mat4(.26,-.26,-.07,-.01,-.06,-.10,.05,.15,.22,.14,.09,-.16,.29,-.10,-.26,.03)*f3_4+
    mat4(.21,-.02,.22,-.09,-.31,.26,-.02,.21,.07,-.36,.16,.21,-.20,.26,-.08,.25)*f3_5+
    mat4(-.00,.02,.14,-.11,-.24,.14,.08,.26,-.09,.14,.07,-.02,.19,-.06,.19,-.18)*f3_6+
    mat4(-.18,.10,.09,-.01,-.03,.18,-.04,-.22,-.20,.30,.08,-.30,-.21,-.17,.02,.00)*f3_7+
    mat4(.00,.21,.03,.19,.16,-.02,.13,.01,.40,-.01,-.00,.13,-.10,-.13,-.17,.08)*f3_8+
    mat4(-.09,.31,-.13,-.10,-.06,-.17,-.24,-.14,-.09,-.24,-.30,.15,.22,.00,.21,-.02)*f3_9+
    mat4(-.24,.09,.26,.27,.11,.21,-.21,.16,-.22,-.04,.23,-.16,.24,.05,-.27,.21)*f3_10+
    mat4(.25,.01,.11,.08,-.32,.04,-.04,.15,.06,-.17,-.19,-.38,-.23,.15,.09,.16)*f3_11+
    mat4(-.13,-.13,-.21,.21,.11,-.24,.20,.16,.19,-.15,.19,.09,.07,.05,-.23,.22)*f3_12+
    mat4(-.20,-.00,.20,.09,-.06,.22,.17,-.26,.22,.26,-.21,.27,-.27,.24,.10,.21)*f3_13+
    mat4(-.15,-.15,.02,-.22,-.21,.18,.16,-.33,-.32,-.14,-.30,.11,.07,.29,.03,-.27)*f3_14+
    mat4(-.24,.28,-.11,-.16,-.05,-.25,-.08,-.26,.18,.05,.19,-.11,.24,.19,-.13,.14)*f3_15+
    vec4(1.22,-1.33,-1.77,1.92))/2.0+f3_14;
vec4 f4_15=sin(mat4(.16,-.06,.09,.08,.20,-.07,-.09,-.04,.28,.13,-.22,-.24,.29,.10,.16,-.01)*f3_0+
    mat4(-.13,.02,.08,-.15,.04,-.03,.14,-.31,-.08,-.11,-.07,-.29,-.28,-.08,.03,-.14)*f3_1+
    mat4(.09,.04,.09,-.13,-.35,-.06,-.27,-.05,-.01,.04,-.08,.04,-.04,-.19,.13,.13)*f3_2+
    mat4(-.08,.27,.17,.05,-.15,.15,.25,.22,-.03,.18,.12,.30,-.24,.02,.12,.30)*f3_3+
    mat4(.16,-.13,-.37,.02,-.12,.18,-.18,-.10,.26,-.12,.18,.07,.11,.19,-.11,.31)*f3_4+
    mat4(.25,-.18,.06,-.11,-.10,.17,-.18,-.24,.23,-.26,.17,.26,.12,.12,-.22,.00)*f3_5+
    mat4(.23,-.00,-.21,-.04,-.12,.18,.29,-.36,-.07,.19,.28,-.18,-.13,.08,-.21,.27)*f3_6+
    mat4(.11,.11,.31,-.25,.01,-.24,.00,.11,.09,.18,.25,.24,-.19,.11,-.17,-.17)*f3_7+
    mat4(-.20,-.01,-.12,.19,.27,.24,-.20,-.12,-.18,-.12,-.01,-.06,.05,.24,.13,.16)*f3_8+
    mat4(.21,-.09,-.20,.30,.05,-.02,-.09,-.26,-.18,-.00,.27,-.02,.14,.15,-.24,-.22)*f3_9+
    mat4(.05,.02,-.21,.03,-.07,.26,-.08,.37,-.32,-.26,.10,.05,-.13,-.06,.18,-.35)*f3_10+
    mat4(-.32,.12,.07,.26,-.03,-.04,-.02,-.17,-.12,.01,-.15,.37,-.39,.17,-.01,.08)*f3_11+
    mat4(.30,.16,.21,.24,.00,.06,-.22,-.00,-.21,.15,.16,.03,.03,-.28,-.23,-.12)*f3_12+
    mat4(-.30,-.07,-.06,-.20,.16,.33,.06,.22,.21,-.22,.04,.05,.03,-.14,-.19,.12)*f3_13+
    mat4(-.04,-.17,.09,.15,-.05,.13,-.18,.28,.15,-.19,-.00,.14,.02,.07,.10,.07)*f3_14+
    mat4(.03,-.30,-.24,.17,.23,-.16,.16,-.13,-.25,-.06,.16,.18,.22,.03,.12,.04)*f3_15+
    vec4(-1.56,.97,.58,.60))/2.0+f3_15;
vec4 f5_0=sin(mat4(.15,.02,.16,-.20,.14,.32,-.08,.04,-.12,.01,-.16,-.20,.16,.19,.07,-.03)*f4_0+
    mat4(.03,.31,-.28,-.27,-.06,.29,.26,-.14,-.05,-.17,-.13,.19,-.28,-.15,.29,.04)*f4_1+
    mat4(-.09,-.01,-.19,-.07,-.10,.16,.08,.14,-.05,.24,.17,-.29,.20,.16,.26,-.30)*f4_2+
    mat4(-.19,-.20,.04,.25,-.09,.10,.01,.22,.02,-.05,.48,-.26,.05,-.40,-.32,.23)*f4_3+
    mat4(-.31,-.21,-.22,.17,-.15,-.29,.03,.16,.08,.26,.34,.29,.19,-.07,-.25,.27)*f4_4+
    mat4(.29,.04,.34,-.29,.27,.05,.16,-.22,.01,.06,.10,.20,-.01,-.36,-.16,.18)*f4_5+
    mat4(-.18,-.16,-.36,-.26,.04,-.31,-.09,-.10,-.19,.11,.11,-.29,.23,-.16,-.40,-.36)*f4_6+
    mat4(-.28,-.05,-.20,-.05,-.30,.28,.03,-.08,-.32,-.13,-.36,-.14,-.35,.16,.19,.22)*f4_7+
    mat4(.15,-.24,.25,.14,-.04,.20,-.03,.08,-.35,.42,-.30,.21,-.37,.29,.11,.04)*f4_8+
    mat4(-.20,-.17,.17,-.02,.30,.34,-.07,-.28,.07,-.07,.27,-.37,.13,.27,.09,-.06)*f4_9+
    mat4(-.31,-.02,.11,-.18,.02,-.37,.31,-.11,-.14,.16,.28,.25,.20,.14,.30,-.07)*f4_10+
    mat4(.03,.14,-.33,.21,.11,.09,-.14,-.02,-.11,.06,.22,-.22,-.18,-.15,.05,-.18)*f4_11+
    mat4(-.20,.17,.01,-.24,.03,.30,.29,-.04,-.09,.11,.35,.30,.25,.27,-.10,-.22)*f4_12+
    mat4(.03,.16,.06,-.20,-.24,-.05,-.11,.17,-.28,-.06,-.05,-.28,-.24,.27,-.08,-.25)*f4_13+
    mat4(.19,-.25,.26,-.22,.06,.28,.12,.05,-.08,-.02,.22,.11,.06,-.03,-.18,.24)*f4_14+
    mat4(.22,.00,.41,-.03,.03,-.19,.14,.36,.03,.09,.21,.00,-.35,.16,.02,-.12)*f4_15+
    vec4(1.15,.64,1.61,-1.04))/2.2+f4_0;
vec4 f5_1=sin(mat4(-.02,.11,.04,.07,.20,.14,-.15,.05,.34,.30,.26,-.13,-.25,-.27,-.04,.25)*f4_0+
    mat4(.25,-.23,-.13,.24,.16,.05,.03,.11,-.30,-.12,-.08,.15,.20,-.21,-.11,.07)*f4_1+
    mat4(-.11,-.02,-.12,-.21,-.09,.02,-.20,.30,.17,-.04,-.23,-.15,.18,-.04,-.07,-.17)*f4_2+
    mat4(.19,.23,.24,.01,.10,.13,.28,.14,.08,-.09,-.22,-.25,.30,.10,-.01,-.15)*f4_3+
    mat4(-.29,.11,-.24,-.19,-.08,.32,-.15,-.31,.02,-.17,.01,.31,.10,.27,.11,-.21)*f4_4+
    mat4(.06,.18,-.14,.27,-.09,-.08,-.11,.21,-.04,-.28,.20,-.16,-.27,.15,.10,.04)*f4_5+
    mat4(.07,-.14,.27,-.16,-.08,-.32,.02,-.28,.21,.03,-.20,.08,.17,.37,-.18,.01)*f4_6+
    mat4(-.18,-.33,-.11,-.31,-.32,.23,.22,.27,-.14,.13,-.15,-.01,.02,.06,.26,-.11)*f4_7+
    mat4(-.18,.08,-.08,-.16,.02,.33,-.04,-.27,-.36,.18,.03,.14,-.11,-.29,.05,-.20)*f4_8+
    mat4(.16,-.26,-.11,-.10,-.23,.01,-.14,-.32,-.11,.09,-.10,.09,-.12,.25,-.30,-.19)*f4_9+
    mat4(.07,.16,.21,.19,-.05,.04,.22,.30,-.06,.26,.19,.02,.26,-.13,.17,.01)*f4_10+
    mat4(-.16,-.03,-.12,.12,.04,-.07,-.13,.02,-.02,-.29,-.31,-.12,.05,.16,.25,.31)*f4_11+
    mat4(.17,-.12,.02,-.26,-.22,-.01,-.33,.23,.29,-.14,.25,-.23,.21,-.25,-.18,-.10)*f4_12+
    mat4(-.09,-.20,-.03,-.15,.20,-.26,-.23,.11,.33,.12,-.35,.34,-.18,-.08,-.23,-.07)*f4_13+
    mat4(.13,-.06,.01,-.16,.02,.28,-.05,.22,.24,.10,.05,-.05,-.28,-.17,.38,-.19)*f4_14+
    mat4(-.13,-.19,-.13,-.23,-.16,.16,.12,.20,-.13,-.11,.15,-.19,-.02,.26,-.23,-.10)*f4_15+
    vec4(-1.52,.23,1.53,-.52))/2.2+f4_1;
vec4 f5_2=sin(mat4(.07,-.23,-.03,.04,.26,-.29,-.24,.04,-.18,-.03,-.09,.15,-.00,.16,-.05,-.20)*f4_0+
    mat4(.12,.18,-.02,-.25,-.02,-.01,.30,-.19,.08,.01,-.07,.19,.31,.21,.07,.10)*f4_1+
    mat4(.25,-.24,.14,-.12,-.09,-.13,-.23,.03,.08,-.06,-.29,-.07,.17,.08,-.05,-.24)*f4_2+
    mat4(.23,.07,.01,.29,-.01,.22,.21,.27,-.19,.03,-.16,-.19,-.33,-.24,.01,-.27)*f4_3+
    mat4(-.28,-.01,-.44,-.30,.06,.28,.27,-.33,-.30,.34,-.24,.04,-.22,-.27,.17,-.05)*f4_4+
    mat4(.12,.32,-.01,-.18,.10,-.33,.27,.21,-.14,-.21,.15,-.32,-.22,-.18,.27,-.11)*f4_5+
    mat4(-.21,.24,.25,-.08,-.13,.02,-.09,-.21,.21,.16,.01,.10,-.27,-.10,-.12,.21)*f4_6+
    mat4(-.07,-.26,-.34,-.11,.34,.06,.32,-.30,-.05,.14,.15,.14,-.08,.01,-.25,-.20)*f4_7+
    mat4(-.08,-.04,.20,-.08,-.30,.18,-.07,-.08,-.19,.08,.15,.05,.01,-.04,.01,-.01)*f4_8+
    mat4(.26,-.13,-.09,.16,.21,.01,-.10,.16,.02,.27,-.06,.19,.07,-.31,-.03,.12)*f4_9+
    mat4(-.24,-.17,.25,.28,-.17,.31,-.01,.28,-.17,.25,-.16,.26,-.22,-.24,-.18,.11)*f4_10+
    mat4(.13,.05,-.05,-.11,-.16,-.20,-.03,-.01,.08,-.26,-.09,-.38,-.02,-.22,-.02,-.18)*f4_11+
    mat4(.21,-.21,-.09,-.20,-.32,-.29,.17,-.11,-.12,-.14,.23,-.08,.28,.10,.01,-.01)*f4_12+
    mat4(.32,.10,.30,.16,.26,-.27,-.17,.08,-.32,-.22,-.10,-.07,.15,-.20,.10,.03)*f4_13+
    mat4(-.05,.04,-.08,-.16,-.28,.13,-.17,.21,.10,.08,.19,.23,-.03,.25,.09,-.16)*f4_14+
    mat4(-.07,.34,.13,-.19,-.07,.20,-.16,-.09,.23,.24,.19,.25,.14,-.08,.24,.16)*f4_15+
    vec4(-.47,-.64,-1.35,-.78))/2.2+f4_2;
vec4 f5_3=sin(mat4(.05,.31,.21,.09,-.22,-.08,-.25,-.15,-.15,-.25,-.18,.13,.32,-.03,.03,.23)*f4_0+
    mat4(.02,.31,-.04,-.07,.17,-.00,-.20,.25,.19,.19,-.34,-.05,-.12,-.03,.27,-.19)*f4_1+
    mat4(-.20,-.00,-.02,-.23,.22,.32,-.24,-.28,.04,.16,-.10,-.18,.32,-.08,-.05,-.26)*f4_2+
    mat4(-.11,.19,-.09,-.12,.32,-.02,-.15,.10,.01,.19,-.12,-.08,.05,.07,.21,-.18)*f4_3+
    mat4(-.34,-.29,-.03,-.12,-.19,.05,.13,.19,-.18,.12,-.07,-.09,.04,-.16,.28,-.20)*f4_4+
    mat4(-.33,-.07,.21,-.15,.08,-.04,-.24,-.32,-.28,.30,.31,-.19,-.06,.29,.21,.28)*f4_5+
    mat4(.14,-.24,-.19,-.11,.32,-.09,.13,-.09,-.15,-.19,-.22,.20,.12,-.18,.28,.28)*f4_6+
    mat4(-.05,.18,.17,-.01,-.15,-.31,.13,-.11,-.02,-.10,.06,-.06,.02,.17,.13,-.03)*f4_7+
    mat4(.12,.23,-.11,-.17,-.12,.06,-.16,.12,.48,-.05,-.11,-.02,-.04,-.21,.11,.09)*f4_8+
    mat4(.16,-.00,-.17,.11,.11,.19,.25,-.14,-.08,.03,-.11,.14,.12,-.08,.12,-.27)*f4_9+
    mat4(.26,-.28,.06,-.06,-.13,-.11,.31,-.07,-.14,-.31,.17,-.08,.21,.41,.24,.26)*f4_10+
    mat4(-.02,.19,-.22,.21,-.16,.09,.26,-.15,.01,-.16,.27,-.17,-.13,-.16,.35,-.03)*f4_11+
    mat4(.18,.01,.22,.25,-.23,.01,.16,.12,-.05,.19,-.23,.11,-.04,.23,-.19,.29)*f4_12+
    mat4(-.02,-.01,-.04,.12,.16,-.14,-.15,-.21,.01,.29,-.12,-.34,-.04,-.27,.00,.11)*f4_13+
    mat4(-.14,-.16,.17,-.06,-.16,.21,-.04,-.17,-.27,-.10,-.01,-.29,.25,-.16,-.02,.05)*f4_14+
    mat4(-.25,-.03,.12,-.19,-.24,.08,.30,.01,.25,.19,.01,.16,.04,-.21,.18,.27)*f4_15+
    vec4(-1.43,1.76,1.79,.76))/2.2+f4_3;
vec4 f5_4=sin(mat4(-.17,-.26,-.15,.14,-.08,-.32,.36,.18,.22,.16,.01,-.31,.02,.27,.03,.24)*f4_0+
    mat4(-.29,-.09,-.11,.05,-.19,.03,.37,-.02,.24,.02,-.26,-.13,-.32,-.21,-.02,-.08)*f4_1+
    mat4(.01,-.12,.06,-.12,.12,-.27,-.21,.08,.03,-.18,.22,.23,.06,.15,-.19,.24)*f4_2+
    mat4(.25,.18,.07,.21,.11,-.07,-.28,-.04,.29,-.24,.29,.16,-.24,-.03,.02,.29)*f4_3+
    mat4(.00,-.22,-.10,-.03,.06,-.12,.34,.22,-.20,.25,.32,.04,.03,-.27,-.01,.05)*f4_4+
    mat4(.05,-.18,-.18,.26,-.02,.20,.19,.21,.22,-.13,.25,.12,.09,-.07,-.18,-.01)*f4_5+
    mat4(-.01,-.31,.15,.06,.11,.14,.01,.25,-.27,.29,.04,-.14,.22,-.06,-.18,.13)*f4_6+
    mat4(-.01,-.12,-.27,-.01,-.03,-.04,.23,.27,.06,.31,-.32,-.03,.09,.11,-.20,-.24)*f4_7+
    mat4(.27,-.07,.18,-.29,-.01,.01,-.06,-.18,.08,-.05,-.34,.29,-.01,-.06,.10,.05)*f4_8+
    mat4(-.30,.24,.24,-.20,.04,-.04,-.19,-.01,.13,.07,-.22,-.07,-.24,.02,-.30,-.10)*f4_9+
    mat4(.03,-.01,.24,.15,-.25,-.04,-.27,-.02,.13,-.28,-.28,-.12,.04,-.13,.04,.14)*f4_10+
    mat4(.04,-.18,-.22,.23,.18,-.16,-.31,-.19,-.40,-.12,-.06,.13,.20,-.07,.26,-.17)*f4_11+
    mat4(-.12,-.21,-.23,.14,.18,-.24,.20,-.15,-.02,-.02,.12,.10,.12,-.01,.12,.33)*f4_12+
    mat4(-.09,.14,-.38,.16,-.26,-.32,.07,-.39,.07,-.31,-.27,.04,-.14,-.23,.18,-.18)*f4_13+
    mat4(-.22,-.15,.04,.28,.03,-.35,-.04,.04,-.14,-.31,.15,.10,-.02,.25,-.15,.20)*f4_14+
    mat4(.18,-.24,-.06,.00,.15,-.19,-.13,.05,.10,-.10,.22,-.12,.17,-.07,-.36,-.12)*f4_15+
    vec4(1.16,-.10,1.59,.95))/2.2+f4_4;
vec4 f5_5=sin(mat4(-.20,-.35,-.25,.05,.15,-.25,-.23,-.24,-.25,.09,-.17,-.24,-.19,.04,-.25,-.26)*f4_0+
    mat4(.27,-.02,-.23,.10,.12,.18,-.05,-.24,.17,.16,.01,-.08,.06,-.07,-.30,-.24)*f4_1+
    mat4(.01,-.01,-.03,.03,-.19,-.02,-.31,-.02,.17,-.17,.18,-.19,.10,.19,.25,-.27)*f4_2+
    mat4(.05,-.18,-.17,-.05,.07,.02,-.23,.04,-.26,-.04,-.30,-.23,-.19,-.26,.11,.34)*f4_3+
    mat4(-.05,.23,-.44,.21,.22,.01,-.17,.06,-.01,-.26,.07,.35,-.19,-.03,-.12,-.26)*f4_4+
    mat4(-.15,.09,-.05,.03,-.20,-.01,-.01,-.20,-.19,.26,-.06,.15,.19,.08,.26,-.15)*f4_5+
    mat4(.10,.07,.29,-.30,.21,-.32,-.21,.19,-.14,.05,.32,-.27,.27,-.05,.27,-.22)*f4_6+
    mat4(-.27,-.24,-.28,-.21,.03,-.16,.12,-.16,.45,-.12,.01,.08,-.12,-.00,-.11,-.13)*f4_7+
    mat4(.29,.11,.12,-.36,.10,.37,-.32,-.06,.01,.06,.27,-.13,-.26,-.00,.08,.03)*f4_8+
    mat4(-.02,.02,-.11,.16,.28,.18,-.05,-.16,-.07,-.20,-.27,-.10,-.11,.35,.26,.16)*f4_9+
    mat4(.24,-.17,-.25,.27,.33,-.28,-.07,-.13,.26,.05,.07,.01,-.16,.26,-.15,.18)*f4_10+
    mat4(-.34,.06,.22,.01,.04,.29,-.24,.23,.36,.17,-.10,.36,.06,-.17,-.11,.13)*f4_11+
    mat4(.01,-.27,-.18,-.41,-.00,-.18,-.27,.04,-.23,.03,-.25,.01,-.16,-.15,-.02,-.20)*f4_12+
    mat4(-.22,-.13,-.20,-.08,-.30,-.20,.10,.09,.22,-.24,.07,-.11,-.30,-.13,.14,-.06)*f4_13+
    mat4(.22,.10,-.29,.22,.21,.11,.08,-.16,-.16,.20,.10,.09,.11,.28,.33,.13)*f4_14+
    mat4(-.10,.05,.20,-.04,.04,-.07,.22,.06,-.02,-.12,.12,.22,-.34,.33,-.07,.04)*f4_15+
    vec4(-1.22,-1.54,-1.10,-.05))/2.2+f4_5;
vec4 f5_6=sin(mat4(.19,.06,-.22,.20,-.06,-.02,-.14,.08,.11,.39,-.03,-.14,-.04,.18,.00,.15)*f4_0+
    mat4(.25,.05,-.26,.22,.23,.01,-.15,-.07,.26,.12,-.02,.08,.06,-.19,.02,.04)*f4_1+
    mat4(.13,-.27,-.09,-.23,-.24,.05,.08,-.00,.15,.20,-.31,.12,-.32,.01,-.20,-.24)*f4_2+
    mat4(-.23,-.15,-.20,-.27,.14,.38,-.03,-.32,-.06,-.36,-.06,-.30,.09,.11,.17,.13)*f4_3+
    mat4(.11,-.24,.03,-.30,-.08,-.21,-.04,-.27,.05,-.20,-.34,.34,.27,.08,.00,-.03)*f4_4+
    mat4(-.12,.07,.09,-.38,-.11,.33,-.00,.06,.09,-.20,.23,.19,-.33,-.07,.28,.28)*f4_5+
    mat4(.05,-.04,-.30,.19,-.23,.07,-.20,.21,-.12,-.28,.09,.24,.03,-.06,-.06,.18)*f4_6+
    mat4(.23,.21,.07,-.20,-.03,-.13,-.08,.01,-.10,.18,-.27,-.14,.23,.29,-.13,.20)*f4_7+
    mat4(.17,.25,-.01,-.05,-.02,.18,.29,-.21,.24,-.13,-.18,-.20,.12,-.24,.09,-.07)*f4_8+
    mat4(-.13,-.25,.18,.12,.21,-.26,-.13,-.13,.13,-.04,-.15,.14,-.21,-.10,.06,.00)*f4_9+
    mat4(-.18,-.17,-.07,.28,.15,-.23,-.20,.20,.13,-.30,.25,-.06,-.20,.16,-.20,-.05)*f4_10+
    mat4(-.22,-.13,.11,.29,.18,-.26,.05,.01,-.21,.36,-.07,.14,.17,-.04,-.14,.13)*f4_11+
    mat4(.20,-.23,-.23,-.23,-.18,-.34,.23,-.32,.22,.04,.13,.21,.17,.25,-.04,.04)*f4_12+
    mat4(-.27,-.02,-.17,.14,.24,.05,.12,.08,-.12,.15,.08,.15,-.27,.04,.06,.11)*f4_13+
    mat4(-.26,.19,-.14,-.17,-.20,.31,.15,.06,-.24,-.07,-.04,.22,.17,-.10,.02,-.15)*f4_14+
    mat4(.08,.12,.14,.22,-.27,-.30,.11,-.12,.32,.05,.18,-.15,.04,.04,-.16,-.27)*f4_15+
    vec4(-.90,-.52,1.87,-.15))/2.2+f4_6;
vec4 f5_7=sin(mat4(-.23,-.16,.63,.35,-.07,.10,-.16,-.34,-.06,.20,-.12,-.23,-.01,.01,.10,-.07)*f4_0+
    mat4(.09,-.18,-.10,-.08,.28,.22,.09,.05,-.03,.20,.24,.07,-.06,-.22,-.22,-.24)*f4_1+
    mat4(-.32,.13,.30,.31,-.07,-.19,.23,.03,-.07,.28,.11,-.15,.26,.16,-.02,.28)*f4_2+
    mat4(.03,-.09,-.20,-.07,.17,.05,.02,.30,.13,-.18,-.15,-.03,.22,.02,.14,.09)*f4_3+
    mat4(-.13,.16,-.02,.14,-.07,-.05,-.19,-.18,.08,-.17,.09,-.19,.05,-.01,-.07,-.25)*f4_4+
    mat4(.09,.37,-.11,.15,-.11,-.06,-.07,.18,.07,.23,.34,-.20,-.06,.02,-.18,-.04)*f4_5+
    mat4(-.14,.14,-.39,-.10,.10,-.09,-.26,.38,-.01,.22,.34,-.03,.17,-.37,-.38,-.14)*f4_6+
    mat4(-.11,-.09,.02,-.03,.09,-.03,-.01,-.12,.01,-.09,.29,-.43,-.16,.11,-.05,-.21)*f4_7+
    mat4(.19,.26,.23,.26,-.05,-.01,.20,.09,.20,.13,.32,-.43,-.30,.28,-.27,-.05)*f4_8+
    mat4(-.13,-.02,.33,-.24,.04,.21,.06,.28,.11,.25,-.04,-.08,.30,.19,.10,-.01)*f4_9+
    mat4(.11,.29,-.23,.30,-.03,-.17,.32,.07,.12,-.21,.24,-.15,-.17,-.01,-.42,-.17)*f4_10+
    mat4(.01,-.15,.01,.28,.25,-.25,-.06,-.02,.10,-.02,-.34,.43,.20,.14,.09,-.35)*f4_11+
    mat4(-.16,.21,-.02,-.31,-.18,.06,-.40,-.22,.11,.05,.12,-.17,.32,-.05,-.14,-.20)*f4_12+
    mat4(.01,-.10,.02,-.11,-.16,.06,-.18,.21,.29,.10,.40,.34,.19,.12,-.05,-.11)*f4_13+
    mat4(.00,-.03,-.31,-.22,-.19,-.05,-.02,-.17,-.24,.29,-.00,.19,.02,.15,.01,-.23)*f4_14+
    mat4(.07,.28,.17,.10,-.11,.17,-.08,.05,-.12,.17,-.26,-.10,.03,-.21,.17,-.23)*f4_15+
    vec4(1.19,.50,.48,.36))/2.2+f4_7;
vec4 f5_8=sin(mat4(.09,-.07,.14,.32,.10,-.38,-.27,.06,-.03,-.15,.45,.03,-.21,-.09,.06,.10)*f4_0+
    mat4(-.03,.13,-.12,-.31,-.22,-.16,.06,.08,-.30,.28,.22,-.11,-.20,.29,-.46,.16)*f4_1+
    mat4(-.29,.24,-.30,.02,.19,-.06,-.10,.28,.11,.05,-.09,-.15,.22,.22,.43,-.13)*f4_2+
    mat4(-.09,-.22,.01,.14,-.12,.28,-.35,-.27,-.17,.20,.00,.12,-.14,-.26,-.87,.13)*f4_3+
    mat4(-.04,.02,.13,-.00,.18,-.09,.24,-.33,.26,-.05,-.69,-.07,.11,-.19,-.38,-.15)*f4_4+
    mat4(-.28,.26,.53,-.35,-.23,-.08,-.11,.06,.28,.09,-.86,.04,-.26,-.03,.07,.35)*f4_5+
    mat4(.16,.07,.12,.23,-.22,-.08,-.15,.17,-.24,.22,.36,-.00,.12,-.31,-.16,.05)*f4_6+
    mat4(-.27,.26,.39,.13,-.10,-.19,.08,-.02,-.12,.17,-.30,-.03,-.22,-.07,.13,.39)*f4_7+
    mat4(.27,-.25,-.23,-.03,.01,-.18,.05,-.04,.13,.26,-.37,-.29,-.22,.13,-.10,-.19)*f4_8+
    mat4(.12,-.34,.29,.22,-.18,.18,-.42,.21,-.19,.13,-.08,.00,.09,.37,-.57,-.25)*f4_9+
    mat4(-.04,.05,-.39,-.14,.12,-.19,.22,.17,.14,.38,-.08,-.14,.20,-.01,-.26,-.06)*f4_10+
    mat4(.16,.17,.08,.02,.33,-.21,.18,-.31,-.15,.32,.05,-.17,.14,-.12,.26,.20)*f4_11+
    mat4(.29,.36,-.18,.12,-.43,.05,-.21,.02,.08,-.24,.30,.09,.30,.22,-.15,.02)*f4_12+
    mat4(-.02,.15,.63,.24,-.32,-.40,-.21,.18,.13,-.05,.50,-.28,.08,.14,.10,.29)*f4_13+
    mat4(.18,.03,-.14,.18,-.18,-.31,.25,-.26,-.05,-.07,.17,.32,.27,-.11,-.00,.01)*f4_14+
    mat4(-.02,.10,-.12,-.07,.26,-.03,-.25,.05,-.46,.08,.22,-.07,-.37,.14,-.00,-.29)*f4_15+
    vec4(1.44,-1.84,.50,1.12))/2.2+f4_8;
vec4 f5_9=sin(mat4(.23,-.22,-.11,-.35,-.19,-.06,-.18,.14,-.29,-.28,.19,-.02,.21,-.24,-.15,-.08)*f4_0+
    mat4(-.23,.06,-.29,-.16,-.23,.10,.20,-.24,.23,-.15,-.29,.03,-.16,-.25,.23,.04)*f4_1+
    mat4(.32,.26,.02,-.15,.22,.28,.16,-.09,-.03,.05,-.01,.23,.12,-.03,.22,-.12)*f4_2+
    mat4(-.09,-.09,.24,-.02,-.31,.25,.24,-.24,.04,-.21,.17,-.15,-.19,.06,-.33,-.04)*f4_3+
    mat4(.13,-.07,-.05,.01,.20,-.02,.22,-.00,.21,.08,.23,.30,-.09,.04,-.10,-.24)*f4_4+
    mat4(.22,-.10,.04,-.11,-.16,-.10,-.24,-.21,.21,.27,-.14,.06,-.17,.06,.17,.01)*f4_5+
    mat4(.27,.40,-.19,-.38,.33,.20,-.15,.27,-.01,-.12,.09,-.20,.17,-.38,-.36,.21)*f4_6+
    mat4(-.04,.26,-.11,.13,.26,.21,.03,.12,.02,.19,-.15,.15,-.26,-.11,-.42,-.06)*f4_7+
    mat4(-.03,.15,-.36,-.17,.36,.32,.06,-.24,.15,-.25,-.17,.01,-.09,.12,.12,.19)*f4_8+
    mat4(-.05,.19,-.42,.02,.03,.12,-.18,-.19,-.07,.28,.21,-.23,-.06,.19,.31,-.16)*f4_9+
    mat4(.30,.06,.27,.09,.06,.26,.05,.17,.15,.09,-.02,-.25,-.27,.24,-.24,-.07)*f4_10+
    mat4(.10,.24,.00,.12,-.15,-.30,.18,-.03,.01,-.22,-.24,.04,-.11,-.04,-.15,-.11)*f4_11+
    mat4(.22,-.29,.27,-.29,-.07,-.15,.16,-.15,.03,.17,-.23,-.16,-.15,.03,-.28,-.16)*f4_12+
    mat4(.09,.05,-.08,-.16,-.25,.00,.12,-.14,.08,.05,.31,.19,.04,.02,.05,.19)*f4_13+
    mat4(.14,-.32,.31,.24,-.08,.19,.12,-.16,.31,.25,.27,.24,.02,.21,.08,-.26)*f4_14+
    mat4(.19,-.02,-.33,-.12,-.26,.14,-.11,.16,-.14,.29,.26,-.13,.06,.31,.03,-.07)*f4_15+
    vec4(-.96,1.30,-.30,-1.52))/2.2+f4_9;
vec4 f5_10=sin(mat4(.02,-.06,.18,-.13,-.01,.10,.26,.16,.27,.07,-.02,.15,-.24,.00,-.11,.02)*f4_0+
    mat4(-.18,-.21,-.35,.16,-.27,.27,-.33,-.07,.26,-.21,-.01,.24,-.19,.13,-.04,-.21)*f4_1+
    mat4(.26,-.08,.24,.26,.04,.13,.22,.07,.15,-.03,.22,-.11,-.30,.20,-.11,.12)*f4_2+
    mat4(.23,-.14,.17,-.14,-.16,-.17,.02,.09,-.29,.18,.21,-.03,.14,.12,.16,.18)*f4_3+
    mat4(.29,-.01,-.15,.06,.04,.11,.24,.24,-.07,-.02,.18,-.25,.31,.11,.02,-.26)*f4_4+
    mat4(.35,-.22,-.14,.17,-.06,.13,.19,-.22,-.13,.23,-.10,-.06,.24,.11,-.19,.27)*f4_5+
    mat4(.17,.11,-.18,-.32,-.35,-.06,-.24,-.02,.08,.11,-.16,-.23,.29,-.05,.35,-.11)*f4_6+
    mat4(.13,-.24,-.22,.24,.05,-.30,-.01,-.22,-.25,.21,-.09,-.09,.12,-.20,.06,.21)*f4_7+
    mat4(.08,-.07,-.03,-.10,-.08,-.25,-.13,.09,.13,-.12,-.12,.12,.13,-.29,-.16,.05)*f4_8+
    mat4(.34,-.05,-.09,-.01,-.08,.26,-.21,-.21,-.16,.00,-.21,-.21,.07,.28,-.06,.22)*f4_9+
    mat4(-.16,.04,.19,-.03,.29,.16,.18,-.02,.26,.11,-.02,-.23,.16,-.36,.15,-.06)*f4_10+
    mat4(.18,.05,.08,.11,-.28,-.09,.16,.19,.32,.04,.24,.49,.09,-.11,.19,.27)*f4_11+
    mat4(.12,.11,-.05,-.05,-.39,.16,.09,.05,.21,.02,.21,.25,.04,-.15,-.22,-.09)*f4_12+
    mat4(.15,-.31,.04,-.28,-.14,-.46,.24,.20,-.16,.07,.16,.16,-.10,.26,.25,-.33)*f4_13+
    mat4(-.20,.13,.35,.16,.23,-.03,-.15,-.08,.28,-.25,.27,-.18,.12,.05,.19,-.19)*f4_14+
    mat4(.07,-.06,.13,.01,-.29,.33,.04,-.40,-.37,.25,.22,.08,.13,.13,.10,.23)*f4_15+
    vec4(.25,.12,-1.55,-.29))/2.2+f4_10;
vec4 f5_11=sin(mat4(.22,.28,.27,-.25,.18,.09,-.09,-.10,-.11,-.18,.18,.16,-.02,-.08,-.24,-.05)*f4_0+
    mat4(-.11,.03,.24,-.27,-.02,.01,-.04,.01,-.07,.27,.33,.25,-.22,.23,-.19,-.17)*f4_1+
    mat4(.18,.28,.17,-.01,-.16,-.22,-.16,.32,-.19,.30,-.14,.06,-.01,-.16,.12,.07)*f4_2+
    mat4(.30,-.13,-.34,-.22,.02,-.07,.33,.14,-.24,-.12,-.12,-.10,-.12,.24,-.45,.29)*f4_3+
    mat4(-.12,.26,.22,.19,-.06,-.04,-.08,.26,.00,.29,-.29,-.06,.07,.12,-.15,.01)*f4_4+
    mat4(-.08,-.01,-.08,-.03,-.07,-.11,-.09,-.15,.26,-.10,.36,-.05,-.10,-.12,.13,-.15)*f4_5+
    mat4(-.05,.19,.21,-.29,.06,-.09,.13,-.04,.16,-.23,.17,-.24,.23,-.02,-.08,.20)*f4_6+
    mat4(.22,-.31,.26,-.13,-.21,.13,-.22,.03,.29,.16,-.33,.23,-.23,.27,-.00,-.24)*f4_7+
    mat4(.28,.19,.22,.13,-.23,.13,.19,-.17,-.21,-.21,-.04,.10,-.24,.16,.24,-.00)*f4_8+
    mat4(-.37,.20,.10,-.09,.30,-.12,.15,.03,.02,-.21,.09,-.24,-.06,.30,-.31,-.03)*f4_9+
    mat4(.14,.05,-.10,-.05,-.16,.15,-.24,-.06,-.16,-.04,-.14,-.30,-.28,-.07,-.01,-.27)*f4_10+
    mat4(.05,.10,-.18,.11,-.24,-.10,-.05,-.00,-.11,-.02,.04,-.04,.01,.05,-.12,.02)*f4_11+
    mat4(-.08,-.21,-.21,.05,-.12,.21,-.18,-.24,.12,-.24,.42,.25,.08,-.23,.03,-.03)*f4_12+
    mat4(-.25,-.08,-.18,-.26,.17,.22,.01,.05,.04,.22,.11,-.19,.29,.02,-.08,-.18)*f4_13+
    mat4(-.10,.11,.26,.12,.24,.03,.00,-.13,.24,.29,.10,-.12,-.29,-.03,-.09,.32)*f4_14+
    mat4(.01,-.30,.27,-.31,-.10,.22,.17,-.12,.27,.00,.04,.21,.21,-.08,.20,-.09)*f4_15+
    vec4(-1.02,.13,-.43,1.87))/2.2+f4_11;
vec4 f5_12=sin(mat4(.13,-.13,-.14,.12,.42,-.31,-.16,-.16,.14,.13,.07,.27,.05,.05,-.11,.22)*f4_0+
    mat4(.06,-.25,.21,.32,.01,-.17,-.34,-.21,-.22,-.11,.01,.04,-.23,-.14,-.23,-.31)*f4_1+
    mat4(-.06,.13,.10,-.19,-.03,-.43,-.24,-.32,-.16,-.26,.34,-.02,.02,-.20,-.23,-.32)*f4_2+
    mat4(-.14,.31,-.20,-.19,-.30,-.23,-.24,.13,-.17,-.14,.25,.07,.14,.02,.08,.26)*f4_3+
    mat4(.03,.26,-.10,-.53,-.00,.29,.05,-.11,.26,.09,-.32,-.40,.25,.21,.11,.10)*f4_4+
    mat4(.10,.16,-.09,-.05,-.26,-.14,.10,.04,-.13,-.16,-.24,.08,.10,-.12,.01,.31)*f4_5+
    mat4(-.02,-.14,.32,.19,.34,.37,-.32,.12,-.21,-.28,-.07,-.27,-.22,.25,.01,-.09)*f4_6+
    mat4(-.13,-.03,.10,-.16,-.09,-.03,-.19,-.12,-.15,-.07,.23,-.34,.08,.10,-.09,-.05)*f4_7+
    mat4(.01,.10,-.11,.04,.32,-.27,.16,-.25,.06,.02,-.04,.05,.30,-.12,.01,.07)*f4_8+
    mat4(-.17,.12,-.27,.08,-.05,-.22,-.16,.15,-.15,.26,.18,-.21,-.23,.08,.11,-.02)*f4_9+
    mat4(-.02,-.01,.21,-.04,-.30,-.24,-.06,.21,-.30,.17,-.06,.10,-.37,-.28,-.33,.11)*f4_10+
    mat4(-.40,.13,-.12,-.06,.21,-.26,-.38,-.25,-.07,.22,.21,.50,-.00,-.24,.30,-.22)*f4_11+
    mat4(-.09,.14,-.01,.16,.04,-.31,-.16,.06,.05,-.09,-.18,.27,.16,-.18,.11,-.15)*f4_12+
    mat4(.28,.25,.07,-.09,-.25,-.20,.08,-.03,.21,.24,-.01,-.11,-.09,-.22,-.23,-.11)*f4_13+
    mat4(-.28,.15,-.20,-.44,-.21,.19,-.11,-.02,-.10,.08,.19,-.17,.10,-.30,-.08,.17)*f4_14+
    mat4(-.31,.30,-.05,-.24,-.09,-.23,-.02,.08,-.10,.23,-.19,-.02,.37,.18,-.14,-.25)*f4_15+
    vec4(-.10,1.56,.62,1.78))/2.2+f4_12;
vec4 f5_13=sin(mat4(-.28,-.05,.17,-.19,-.27,.00,-.24,-.00,-.25,.24,-.20,-.30,.25,-.26,-.29,-.25)*f4_0+
    mat4(.07,.21,-.16,-.29,.01,.10,.22,.07,.04,-.05,-.07,.11,-.26,-.09,-.08,.22)*f4_1+
    mat4(.05,.20,.26,-.16,-.26,.14,-.22,.14,-.09,-.19,-.23,.07,-.37,.26,.04,-.18)*f4_2+
    mat4(.18,.25,.09,-.03,-.16,-.19,.01,-.19,-.35,-.05,-.29,.36,.20,.02,.05,.33)*f4_3+
    mat4(-.30,-.27,-.16,-.03,.29,-.20,.11,.24,.15,-.05,-.02,-.07,-.14,.21,-.21,.16)*f4_4+
    mat4(-.22,.31,-.13,-.07,.10,-.16,-.05,-.07,-.28,-.13,.21,-.24,-.19,-.26,-.24,.17)*f4_5+
    mat4(-.12,.02,-.25,-.25,-.04,.04,-.11,.04,.44,-.01,-.25,-.16,.31,.04,.37,-.02)*f4_6+
    mat4(-.10,-.08,.28,-.13,.23,-.22,.30,-.25,.22,.25,-.32,.15,-.18,-.21,.05,.05)*f4_7+
    mat4(-.02,.08,-.10,-.08,.18,-.22,.19,-.21,-.42,-.15,.23,.14,.13,.17,-.05,-.22)*f4_8+
    mat4(-.33,-.27,-.26,-.27,-.08,-.05,-.15,-.05,.01,-.29,.11,-.09,.18,-.20,-.22,-.12)*f4_9+
    mat4(.01,-.06,-.32,.10,-.30,-.33,-.32,.21,.35,.26,-.21,-.21,.43,.15,.05,.29)*f4_10+
    mat4(.02,-.19,-.04,-.23,-.12,.20,-.33,.17,-.40,-.05,.01,.32,-.24,-.03,-.17,.01)*f4_11+
    mat4(.27,-.07,-.08,.12,-.12,.34,.07,-.29,-.16,-.28,-.11,-.24,-.13,-.16,.20,-.16)*f4_12+
    mat4(.16,.21,-.32,-.24,-.27,-.10,.09,-.22,-.05,-.24,.21,.10,-.16,.18,-.25,-.06)*f4_13+
    mat4(.18,-.30,.25,.07,-.49,-.10,.20,-.24,-.12,-.25,.10,-.23,-.22,-.22,-.06,-.24)*f4_14+
    mat4(-.13,.35,.06,.19,.16,-.14,.03,-.20,.01,-.02,.27,-.02,.20,-.15,.05,.23)*f4_15+
    vec4(1.12,.14,-.61,.51))/2.2+f4_13;
vec4 f5_14=sin(mat4(.22,-.34,-.20,.10,.10,-.04,.02,-.18,.19,.30,-.21,-.22,-.24,.12,.18,.28)*f4_0+
    mat4(.28,.17,-.27,.19,-.06,-.06,.15,.15,-.06,-.33,.08,.28,.19,-.21,-.10,-.21)*f4_1+
    mat4(.03,.02,.12,.13,.05,-.06,.11,-.03,-.21,-.25,.10,.20,-.27,-.05,-.08,-.19)*f4_2+
    mat4(-.19,.15,.21,.02,.27,-.20,.12,.33,.30,.34,.14,.41,.21,-.24,-.13,.23)*f4_3+
    mat4(-.03,.17,.19,.29,.27,.28,-.05,-.22,-.10,-.04,.23,.14,.10,.16,.15,.09)*f4_4+
    mat4(-.25,.15,.00,-.07,.15,.22,.14,.12,.11,.34,.16,-.08,-.34,.09,.28,-.22)*f4_5+
    mat4(-.15,.33,.04,-.11,.18,-.31,.27,-.15,-.12,.08,.16,.23,.21,-.00,.07,.32)*f4_6+
    mat4(-.04,-.18,.29,.15,-.15,-.27,-.28,-.28,-.28,-.36,-.11,.18,.30,-.17,-.16,.33)*f4_7+
    mat4(.03,.03,-.21,.07,-.14,-.03,-.21,-.05,.07,-.20,.05,-.24,.22,.02,.05,-.05)*f4_8+
    mat4(.00,-.16,-.20,-.07,.29,.01,.12,.14,.30,.24,.06,.23,.01,.33,.09,.05)*f4_9+
    mat4(-.13,.11,.12,.10,.16,-.34,-.21,.13,.12,.32,.12,.08,-.28,.18,-.18,.26)*f4_10+
    mat4(.20,.17,.05,-.28,.15,.13,.03,.29,.05,-.20,.24,.28,.18,.09,.31,.02)*f4_11+
    mat4(-.07,.31,.31,-.26,.06,-.16,-.03,.01,.25,.07,-.29,-.01,-.17,-.09,.24,-.31)*f4_12+
    mat4(-.02,-.11,-.06,.24,-.35,-.08,-.06,-.23,.28,-.34,-.09,.17,.13,-.01,-.01,-.14)*f4_13+
    mat4(-.24,-.09,.19,-.18,-.07,.10,.20,-.30,.19,.09,.29,-.22,.24,-.35,.17,.08)*f4_14+
    mat4(-.09,-.09,-.20,-.02,-.28,-.08,.16,.08,-.19,.30,-.30,.08,.06,-.00,.19,.18)*f4_15+
    vec4(-1.77,.28,.83,-1.25))/2.2+f4_14;
vec4 f5_15=sin(mat4(.31,.14,.20,-.28,.09,-.18,.11,-.01,.16,.17,.07,-.19,.01,.08,.05,-.20)*f4_0+
    mat4(-.06,-.11,-.03,.16,.22,-.08,-.33,.15,.26,-.14,-.26,.18,-.09,.32,.08,.06)*f4_1+
    mat4(.29,.12,-.19,-.18,-.29,.04,.05,.06,.20,-.20,.18,.05,-.31,.07,.12,.25)*f4_2+
    mat4(-.07,-.20,-.01,-.12,-.09,.03,-.06,-.03,.15,-.19,.22,-.28,.24,.19,.15,.34)*f4_3+
    mat4(.31,.40,-.28,.09,.26,.03,.05,.19,.11,.30,-.22,-.07,.08,.25,-.11,.07)*f4_4+
    mat4(.21,.29,-.22,.17,.15,-.06,.16,.21,.03,-.01,-.25,-.00,.10,-.22,-.27,-.34)*f4_5+
    mat4(-.30,-.31,-.27,.32,.22,.02,.20,-.04,-.02,.29,.01,-.10,-.35,.21,.42,-.17)*f4_6+
    mat4(-.06,.07,.21,-.09,-.05,.23,-.23,-.19,.10,.07,-.23,-.03,.07,-.01,-.18,.00)*f4_7+
    mat4(.30,.06,.23,.32,-.16,.29,.07,.15,.04,.32,.29,.27,-.04,.02,-.08,.27)*f4_8+
    mat4(.07,-.34,-.16,.18,-.04,-.02,.05,-.26,-.30,-.37,-.25,-.10,-.30,.15,.13,.27)*f4_9+
    mat4(.32,.22,.22,-.00,-.39,.27,-.20,-.10,.04,.08,-.27,-.29,.16,.08,.03,.05)*f4_10+
    mat4(-.19,-.01,-.26,.02,.10,-.24,.15,.00,.05,-.42,.30,.13,.06,.22,.22,-.08)*f4_11+
    mat4(.39,.08,.27,.15,.01,-.11,.08,.03,.12,-.23,.11,.05,-.16,-.11,-.11,.19)*f4_12+
    mat4(-.29,-.02,.11,-.15,-.18,.07,.34,-.11,-.18,.00,.23,.23,-.13,-.09,.09,-.30)*f4_13+
    mat4(-.14,.11,.38,.25,-.14,.07,.37,-.14,-.10,-.07,-.04,-.21,.15,-.09,.09,-.02)*f4_14+
    mat4(.04,-.03,-.23,-.18,-.12,-.04,.10,-.10,-.19,-.11,.15,-.17,-.26,.10,.22,-.23)*f4_15+
    vec4(.88,.98,.44,-.21))/2.2+f4_15;
return dot(f5_0,vec4(-.02,-.00,.01,-.01))+
    dot(f5_1,vec4(.02,.02,-.01,-.01))+
    dot(f5_2,vec4(.02,.02,-.02,-.00))+
    dot(f5_3,vec4(-.02,-.01,-.01,-.02))+
    dot(f5_4,vec4(-.00,.02,.01,.01))+
    dot(f5_5,vec4(.01,-.01,.01,-.00))+
    dot(f5_6,vec4(-.02,.01,.01,-.00))+
    dot(f5_7,vec4(.02,-.02,-.01,-.01))+
    dot(f5_8,vec4(-.01,-.01,-.00,-.02))+
    dot(f5_9,vec4(.01,-.01,-.01,.01))+
    dot(f5_10,vec4(-.01,.01,-.02,.01))+
    dot(f5_11,vec4(-.02,.00,.01,-.01))+
    dot(f5_12,vec4(-.02,-.00,-.01,-.00))+
    dot(f5_13,vec4(-.00,.02,-.00,-.01))+
    dot(f5_14,vec4(-.02,-.01,-.02,-.02))+
    dot(f5_15,vec4(.02,-.02,-.01,.00))+
    0.009;
